state,county,document_kind,artefact_kind,election_date,election_type,offices_covered,file_type,status,certification_date,county_fips,source_url,retrieval_date,sha256,pages,source_filename,repo_path,flags
TN,Benton,results,document,2001-06-12,municipal,unknown,pdf,official_claimed,unknown,47005,https://www.bentoncotnelections.com/_files/ugd/469c88_07ab1008bb724e36ae8baa0b0239e503.pdf,2026-09-15,1fbb30e92e56e17d532c27492f37db704f8d7f664183d5ecfc961492a3587c03,2,469c88_07ab1008bb724e36ae8baa0b0239e503.pdf,2001/2001-06-12/benton/469c88_07ab1008bb724e36ae8baa0b0239e503.pdf,"election date taken from a bare date on the page, not from an 'Election Date' label; the page states none; status is the DOCUMENT's own claim, read from its first page; no certification document is held; offices not enumerated; requires a full parse of the document; scanned, no text layer"
TN,Benton,results,document,2002-05-07,primary,unknown,pdf,unknown,unknown,47005,https://www.bentoncotnelections.com/_files/ugd/469c88_92cdedee40684fbdb0298d0aeb7636e3.pdf,2026-09-15,9ea4025cd3d6d1179ee64c39ad906b81842e3316d1e289bdf76ae1eb2b5d21f5,1,469c88_92cdedee40684fbdb0298d0aeb7636e3.pdf,2002/2002-05-07/benton/469c88_92cdedee40684fbdb0298d0aeb7636e3.pdf,"election date taken from a bare date on the page, not from an 'Election Date' label; the page states none; no status wording readable in the document; offices not enumerated; requires a full parse of the document; scanned, no text layer"
TN,Benton,results,document,2002-08-01,primary+general,unknown,pdf,official_claimed,unknown,47005,https://www.bentoncotnelections.com/_files/ugd/469c88_b66c17557a384cc5abc2d67f8fce095e.pdf,2026-09-15,9d4603c0e3db0ceb16ec1bdaa1c92370b7a84f600f52a6ddaf54532862ff3089,4,469c88_b66c17557a384cc5abc2d67f8fce095e.pdf,2002/2002-08-01/benton/469c88_b66c17557a384cc5abc2d67f8fce095e.pdf,"election date taken from a bare date on the page, not from an 'Election Date' label; the page states none; status is the DOCUMENT's own claim, read from its first page; no certification document is held; offices not enumerated; requires a full parse of the document; scanned, no text layer"
TN,Benton,results,document,2002-11-05,general,unknown,pdf,official_claimed,unknown,47005,https://www.bentoncotnelections.com/_files/ugd/469c88_6b541bfbbacd480ba6bcad4477083043.pdf,2026-09-15,84020d3e7be28f47f01e0f4c2ef15ff0a22e4c9ac64ea69f065e257910705020,2,469c88_6b541bfbbacd480ba6bcad4477083043.pdf,2002/2002-11-05/benton/469c88_6b541bfbbacd480ba6bcad4477083043.pdf,"election date taken from a bare date on the page, not from an 'Election Date' label; the page states none; status is the DOCUMENT's own claim, read from its first page; no certification document is held; offices not enumerated; requires a full parse of the document; scanned, no text layer"
TN,Benton,results,document,2003-06-10,municipal,unknown,pdf,election_night,unknown,47005,https://www.bentoncotnelections.com/_files/ugd/469c88_b0da5f9ba38247b2842242f82d5d3636.pdf,2026-09-15,4df396f3061cf38787f395331f63f8f76fa822e87481b7e38d3ef2c2fbebc13c,2,469c88_b0da5f9ba38247b2842242f82d5d3636.pdf,2003/2003-06-10/benton/469c88_b0da5f9ba38247b2842242f82d5d3636.pdf,"election date taken from a bare date on the page, not from an 'Election Date' label; the page states none; offices not enumerated; requires a full parse of the document; scanned, no text layer"
TN,Benton,results,document,2004-02-10,primary,unknown,pdf,unknown,unknown,47005,https://www.bentoncotnelections.com/_files/ugd/469c88_0988eb85637241f0b00336878f2afe0c.pdf,2026-09-15,fb31d407b5b3b18de055d918293ff6ff04aacc794202b7c6127411bd9acb5202,2,469c88_0988eb85637241f0b00336878f2afe0c.pdf,2004/2004-02-10/benton/469c88_0988eb85637241f0b00336878f2afe0c.pdf,"election date taken from a bare date on the page, not from an 'Election Date' label; the page states none; no status wording readable in the document; offices not enumerated; requires a full parse of the document; scanned, no text layer"
TN,Benton,results,document,2004-08-05,primary+general,unknown,pdf,official_claimed,unknown,47005,https://www.bentoncotnelections.com/_files/ugd/469c88_ee3f12d498cc434aaaebdfa3cf01d64b.pdf,2026-09-15,54a19310b6ce4865c8026930ea2a46070dce6f0f160ade002a11dad185f381b0,2,469c88_ee3f12d498cc434aaaebdfa3cf01d64b.pdf,2004/2004-08-05/benton/469c88_ee3f12d498cc434aaaebdfa3cf01d64b.pdf,"election date taken from a bare date on the page, not from an 'Election Date' label; the page states none; status is the DOCUMENT's own claim, read from its first page; no certification document is held; offices not enumerated; requires a full parse of the document; scanned, no text layer"
TN,Benton,results,document,2004-11-02,general,unknown,pdf,unknown,unknown,47005,https://www.bentoncotnelections.com/_files/ugd/469c88_d6320f026f0a4bea9d7216a609c1f103.pdf,2026-09-15,35dcd4881436e566e5e46ae7b0085d6b288e7f95de8c76aa533794c3cb5e6f6e,1,469c88_d6320f026f0a4bea9d7216a609c1f103.pdf,2004/2004-11-02/benton/469c88_d6320f026f0a4bea9d7216a609c1f103.pdf,"election date taken from a bare date on the page, not from an 'Election Date' label; the page states none; no status wording readable in the document; offices not enumerated; requires a full parse of the document; scanned, no text layer"
TN,Benton,results,document,2006-05-02,primary,unknown,pdf,unknown,unknown,47005,https://www.bentoncotnelections.com/_files/ugd/469c88_af10ea940d104521a8168c2c40ff61f2.pdf,2026-09-15,8351392f2486d6e2417d54ef9ec4037625a8ef1aec97e86d2a07139b67a04a58,2,469c88_af10ea940d104521a8168c2c40ff61f2.pdf,2006/2006-05-02/benton/469c88_af10ea940d104521a8168c2c40ff61f2.pdf,"election date taken from a bare date on the page, not from an 'Election Date' label; the page states none; no status wording readable in the document; offices not enumerated; requires a full parse of the document; scanned, no text layer"
TN,Benton,results,document,2006-08-03,unknown,unknown,pdf,official_claimed,unknown,47005,https://www.bentoncotnelections.com/_files/ugd/469c88_62f0fb067d364af4996e49e1e0573b04.pdf,2026-09-15,0ca68938f40d331635b909e05b18821e25f9e0693e5751e6b50746474be01584,10,469c88_62f0fb067d364af4996e49e1e0573b04.pdf,2006/2006-08-03/benton/469c88_62f0fb067d364af4996e49e1e0573b04.pdf,"election date taken from a bare date on the page, not from an 'Election Date' label; the page states none; no election type readable from the document or its label; status is the DOCUMENT's own claim, read from its first page; no certification document is held; offices not enumerated; requires a full parse of the document; scanned, no text layer"
TN,Benton,results,document,2006-11-29,general,unknown,pdf,unknown,unknown,47005,https://www.bentoncotnelections.com/_files/ugd/469c88_f9309c9ad83546ba8376c8ab3d0baa69.pdf,2026-09-15,fe025e61a7f522c7aa28ef6e81c0adee83efa881b3442638871e0869f7fdbd8d,3,469c88_f9309c9ad83546ba8376c8ab3d0baa69.pdf,2006/2006-11-29/benton/469c88_f9309c9ad83546ba8376c8ab3d0baa69.pdf,"election date taken from a bare date on the page, not from an 'Election Date' label; the page states none; no status wording readable in the document; offices not enumerated; requires a full parse of the document; scanned, no text layer"
TN,Benton,results,document,2007-06-12,municipal,unknown,pdf,election_night,unknown,47005,https://www.bentoncotnelections.com/_files/ugd/469c88_8038640aa22a4d5bb128fca365081ebb.pdf,2026-09-15,367567044db103b61b7dedcc48a69faf6b1c3d48a6b2b2f9a26488aa37f24ee5,1,469c88_8038640aa22a4d5bb128fca365081ebb.pdf,2007/2007-06-12/benton/469c88_8038640aa22a4d5bb128fca365081ebb.pdf,"election date taken from a bare date on the page, not from an 'Election Date' label; the page states none; offices not enumerated; requires a full parse of the document; scanned, no text layer"
TN,Benton,results,document,2008-02-26,primary,unknown,pdf,unknown,unknown,47005,https://www.bentoncotnelections.com/_files/ugd/469c88_4c79cf5aef2c40fbbfe9e6d19e4b35c0.pdf,2026-09-15,5508050c45d7d96dba56d6a6455853d195b131aa275ddac4aa57c34583ab5a5e,6,469c88_4c79cf5aef2c40fbbfe9e6d19e4b35c0.pdf,2008/2008-02-26/benton/469c88_4c79cf5aef2c40fbbfe9e6d19e4b35c0.pdf,"election date taken from a bare date on the page, not from an 'Election Date' label; the page states none; MULTI-ELECTION DOCUMENT: its own text states 2 further election dates (2008-02-05, 2008-02-19). `election_date` records only the first one found and is NOT the whole of what this file covers. ⛔ The date is deliberately NOT overwritten — every one of these dates is true of this file, and picking one silently would be choosing by loop order. Read the document before excluding it from an election it may contain.; no status wording readable in the document; offices not enumerated; requires a full parse of the document; scanned, no text layer"
TN,Benton,results,document,2008-08-27,general,unknown,pdf,unknown,unknown,47005,https://www.bentoncotnelections.com/_files/ugd/469c88_45adbd647ae4415590a0a158e5cbdb75.pdf,2026-09-15,d93fb482eece0898215ead4e8979b205ace5dd3213c85a0488b78e60516f2a5c,9,469c88_45adbd647ae4415590a0a158e5cbdb75.pdf,2008/2008-08-27/benton/469c88_45adbd647ae4415590a0a158e5cbdb75.pdf,"election date taken from a bare date on the page, not from an 'Election Date' label; the page states none; no status wording readable in the document; offices not enumerated; requires a full parse of the document; scanned, no text layer"
TN,Benton,results,document,2008-11-18,general,unknown,pdf,unknown,unknown,47005,https://www.bentoncotnelections.com/_files/ugd/469c88_80e02ac7f4fd4d939e8753e5b211ddd4.pdf,2026-09-15,e4f47a53a526b3ccc6348f291db62368217151ae8dbfa821176bf4a072ec767e,1,469c88_80e02ac7f4fd4d939e8753e5b211ddd4.pdf,2008/2008-11-18/benton/469c88_80e02ac7f4fd4d939e8753e5b211ddd4.pdf,"election date taken from a bare date on the page, not from an 'Election Date' label; the page states none; no status wording readable in the document; offices not enumerated; requires a full parse of the document; scanned, no text layer"
TN,Benton,results,document,2009-06-09,municipal,unknown,pdf,election_night,unknown,47005,https://www.bentoncotnelections.com/_files/ugd/469c88_dd50ba193963489a8e8bcc454a27a490.pdf,2026-09-15,1a1597267b55ab8cd34284d146041ecd6b13bf4d0177f2a0f16d0b9c8716a4d5,2,469c88_dd50ba193963489a8e8bcc454a27a490.pdf,2009/2009-06-09/benton/469c88_dd50ba193963489a8e8bcc454a27a490.pdf,"election date taken from a bare date on the page, not from an 'Election Date' label; the page states none; offices not enumerated; requires a full parse of the document; scanned, no text layer"
TN,Benton,results,document,2010-05-04,primary,unknown,pdf,election_night,unknown,47005,https://www.bentoncotnelections.com/_files/ugd/469c88_a591ec0db3584a378dfd6d9253953246.pdf,2026-09-15,2f36f1eaae76e85a99a31a9c050b7f93a3ce4f789c71b1d691f48cc51ab7dba0,3,469c88_a591ec0db3584a378dfd6d9253953246.pdf,2010/2010-05-04/benton/469c88_a591ec0db3584a378dfd6d9253953246.pdf,"election date taken from a bare date on the page, not from an 'Election Date' label; the page states none; offices not enumerated; requires a full parse of the document; scanned, no text layer"
TN,Benton,results,document,2010-08-12,general,unknown,pdf,unknown,unknown,47005,https://www.bentoncotnelections.com/_files/ugd/469c88_388d7c1f102c43019e9668d89a36024e.pdf,2026-09-15,2e76b0e0206040342ff671c028cd8ba5d0d81bc647edf71d6d097c8e0406626b,7,469c88_388d7c1f102c43019e9668d89a36024e.pdf,2010/2010-08-12/benton/469c88_388d7c1f102c43019e9668d89a36024e.pdf,"election date taken from a bare date on the page, not from an 'Election Date' label; the page states none; no status wording readable in the document; offices not enumerated; requires a full parse of the document; scanned, no text layer"
TN,Benton,results,document,2010-11-04,general,unknown,pdf,unknown,unknown,47005,https://www.bentoncotnelections.com/_files/ugd/469c88_639f7a70368c4a42b3db5f9a66f71354.pdf,2026-09-15,1830044a331a29b37a29a95fc3337d3389d6a9f191038cd13be57c32b58271b0,2,469c88_639f7a70368c4a42b3db5f9a66f71354.pdf,2010/2010-11-04/benton/469c88_639f7a70368c4a42b3db5f9a66f71354.pdf,"election date taken from a bare date on the page, not from an 'Election Date' label; the page states none; no status wording readable in the document; offices not enumerated; requires a full parse of the document; scanned, no text layer"
TN,Benton,results,document,2011-06-14,municipal,unknown,pdf,election_night,unknown,47005,https://www.bentoncotnelections.com/_files/ugd/469c88_e67279f5484e48398e372c637a26537b.pdf,2026-09-15,21179f37f234308d6efc748892a8b7c051274c04011f8fb0bc82516473f1894c,1,469c88_e67279f5484e48398e372c637a26537b.pdf,2011/2011-06-14/benton/469c88_e67279f5484e48398e372c637a26537b.pdf,"election date taken from a bare date on the page, not from an 'Election Date' label; the page states none; offices not enumerated; requires a full parse of the document; scanned, no text layer"
TN,Benton,results,document,2012-03-06,primary,unknown,pdf,unknown,unknown,47005,https://www.bentoncotnelections.com/_files/ugd/469c88_cbdb174af71b4ca3b0429c99eb0bac33.pdf,2026-09-15,e568e0d421bf9f1960647cc5b457dbf23d2e9292b07f0ebcdeb1055012878f08,4,469c88_cbdb174af71b4ca3b0429c99eb0bac33.pdf,2012/2012-03-06/benton/469c88_cbdb174af71b4ca3b0429c99eb0bac33.pdf,"election date taken from a bare date on the page, not from an 'Election Date' label; the page states none; no status wording readable in the document; offices not enumerated; requires a full parse of the document; scanned, no text layer"
TN,Benton,results,document,2012-08-10,unknown,unknown,pdf,unknown,unknown,47005,https://www.bentoncotnelections.com/_files/ugd/469c88_5c46d0009b0a465da87f9e171f46413c.pdf,2026-09-15,1f9f2ca0963964026c52a26ca7de799e6fe4f76df161bef3eb9901ea31056983,7,469c88_5c46d0009b0a465da87f9e171f46413c.pdf,2012/2012-08-10/benton/469c88_5c46d0009b0a465da87f9e171f46413c.pdf,"election date taken from a bare date on the page, not from an 'Election Date' label; the page states none; no election type readable from the document or its label; no status wording readable in the document; offices not enumerated; requires a full parse of the document; scanned, no text layer"
TN,Benton,results,document,2012-11-15,general,unknown,pdf,unknown,unknown,47005,https://www.bentoncotnelections.com/_files/ugd/469c88_7d0868d283b24de7a90541225d209581.pdf,2026-09-15,8e8edbfda170f0868fbd2a2de21bea4800e84369dd9ec6d784f05188bedf2242,10,469c88_7d0868d283b24de7a90541225d209581.pdf,2012/2012-11-15/benton/469c88_7d0868d283b24de7a90541225d209581.pdf,"election date taken from a bare date on the page, not from an 'Election Date' label; the page states none; no status wording readable in the document; offices not enumerated; requires a full parse of the document; scanned, no text layer"
TN,Benton,results,document,2013-06-11,municipal,unknown,pdf,election_night,unknown,47005,https://www.bentoncotnelections.com/_files/ugd/469c88_27531d812abd4f5f995cf4f9c4bde6c1.pdf,2026-09-15,0c51bed922d232b4d77a2c4de420f705be1957df05a8b5044e8032efc66b3d64,1,469c88_27531d812abd4f5f995cf4f9c4bde6c1.pdf,2013/2013-06-11/benton/469c88_27531d812abd4f5f995cf4f9c4bde6c1.pdf,"election date taken from a bare date on the page, not from an 'Election Date' label; the page states none; offices not enumerated; requires a full parse of the document; scanned, no text layer"
TN,Benton,results,document,2014-01-14,unknown,unknown,pdf,unknown,unknown,47005,https://www.bentoncotnelections.com/_files/ugd/469c88_278025c824e64f98ac529457dc0c4823.pdf,2026-09-15,18311ab343a9ea3b1848a03157437ee55529a5b298a195ad11d79717b1f8dea3,1,469c88_278025c824e64f98ac529457dc0c4823.pdf,2014/2014-01-14/benton/469c88_278025c824e64f98ac529457dc0c4823.pdf,"election date taken from a bare date on the page, not from an 'Election Date' label; the page states none; no election type readable from the document or its label; no status wording readable in the document; offices not enumerated; requires a full parse of the document; scanned, no text layer"
TN,Benton,results,document,2014-05-06,primary,unknown,pdf,unknown,unknown,47005,https://www.bentoncotnelections.com/_files/ugd/469c88_8f6687c3aabd46f9864ae963c13440ab.pdf,2026-09-15,388592006a5d0756acf6b59575f699f49e1f1845e05a96ce763056cfff52fbf2,2,469c88_8f6687c3aabd46f9864ae963c13440ab.pdf,2014/2014-05-06/benton/469c88_8f6687c3aabd46f9864ae963c13440ab.pdf,"election date taken from a bare date on the page, not from an 'Election Date' label; the page states none; no status wording readable in the document; offices not enumerated; requires a full parse of the document; scanned, no text layer"
TN,Benton,results,document,2014-08-07,primary,unknown,pdf,unknown,unknown,47005,https://www.bentoncotnelections.com/_files/ugd/469c88_d93fa3e986f1464790bfd8d3cc0911e5.pdf,2026-09-15,badfd51f923f3a33b7d097a7f3464f0f407e6a5c4274a9355b13cf43fa5ab2f6,14,469c88_d93fa3e986f1464790bfd8d3cc0911e5.pdf,2014/2014-08-07/benton/469c88_d93fa3e986f1464790bfd8d3cc0911e5.pdf,"election date taken from a bare date on the page, not from an 'Election Date' label; the page states none; no status wording readable in the document; offices not enumerated; requires a full parse of the document"
TN,Benton,results,document,2014-11-04,general,unknown,pdf,unknown,unknown,47005,https://www.bentoncotnelections.com/_files/ugd/469c88_23b2cde778ad426484382299aea5c307.pdf,2026-09-15,0e70e478ec43b83d2ed4125a47b0dd88cbfd5bf4734d0748b6ee85ad46ac3157,16,469c88_23b2cde778ad426484382299aea5c307.pdf,2014/2014-11-04/benton/469c88_23b2cde778ad426484382299aea5c307.pdf,"election date taken from a bare date on the page, not from an 'Election Date' label; the page states none; no status wording readable in the document; offices not enumerated; requires a full parse of the document; scanned, no text layer"
TN,Benton,results,document,2016-03-01,primary,unknown,pdf,unknown,unknown,47005,https://www.bentoncotnelections.com/_files/ugd/469c88_b61052c8b056467b8440f424d526289f.pdf,2026-09-15,e92897a09ab53e0dbb229490e979c96acba7cb7be5af2c6498749eab7b63e21f,12,469c88_b61052c8b056467b8440f424d526289f.pdf,2016/2016-03-01/benton/469c88_b61052c8b056467b8440f424d526289f.pdf,"election date taken from a bare date on the page, not from an 'Election Date' label; the page states none; no status wording readable in the document; offices not enumerated; requires a full parse of the document"
TN,Benton,results,document,2016-08-04,primary,unknown,pdf,unknown,unknown,47005,https://www.bentoncotnelections.com/_files/ugd/469c88_60b101313ce744b6bd4ba35f96ef735d.pdf,2026-09-15,6bdfa94028a9d8846a9afa08ae80da48be34283e3a057a4226274941ba77e337,5,469c88_60b101313ce744b6bd4ba35f96ef735d.pdf,2016/2016-08-04/benton/469c88_60b101313ce744b6bd4ba35f96ef735d.pdf,"election date taken from a bare date on the page, not from an 'Election Date' label; the page states none; no status wording readable in the document; offices not enumerated; requires a full parse of the document"
TN,Benton,results,document,2016-11-08,general,unknown,pdf,unknown,unknown,47005,https://www.bentoncotnelections.com/_files/ugd/469c88_c3af669d8615451b8215389670ef2b34.pdf,2026-09-15,80ee4c7af4df624d712f2e621b71b18a8e0b6c3b7bdaa8a04ed582781abce623,5,469c88_c3af669d8615451b8215389670ef2b34.pdf,2016/2016-11-08/benton/469c88_c3af669d8615451b8215389670ef2b34.pdf,"election date taken from a bare date on the page, not from an 'Election Date' label; the page states none; no status wording readable in the document; offices not enumerated; requires a full parse of the document"
TN,Benton,results,document,2018-05-01,primary,unknown,pdf,unknown,unknown,47005,https://www.bentoncotnelections.com/_files/ugd/469c88_d02dec13037a4b478de11d81d7736c67.pdf,2026-09-15,777860b84786c9f0399b2752d5db6d60feeb487d1d0e461d06af56c3b7c3f69d,2,469c88_d02dec13037a4b478de11d81d7736c67.pdf,2018/2018-05-01/benton/469c88_d02dec13037a4b478de11d81d7736c67.pdf,"election date taken from a bare date on the page, not from an 'Election Date' label; the page states none; no status wording readable in the document; offices not enumerated; requires a full parse of the document"
TN,Benton,results,document,2018-08-02,primary+general,unknown,pdf,election_night,unknown,47005,https://www.bentoncotnelections.com/_files/ugd/469c88_aef43bd1d5e346f6aa2457d02d743b54.pdf,2026-09-15,a9073b8fd521d4a05cb3f267346ea73887759431a0e744f8833bb66a763034b5,11,469c88_aef43bd1d5e346f6aa2457d02d743b54.pdf,2018/2018-08-02/benton/469c88_aef43bd1d5e346f6aa2457d02d743b54.pdf,"election date taken from a bare date on the page, not from an 'Election Date' label; the page states none; offices not enumerated; requires a full parse of the document"
TN,Cocke,results,document,2018-08-02,primary,unknown,pdf,unknown,unknown,47029,https://www.cockecountyelections.org/s/2018_08_AUGUST-2018-CERTIFIED-RESULTS.pdf,2026-09-16,7011ec5ee224353b1471a8889212400e2e8301af68afb6a87a96fdaa66fd511d,34,2018_08_AUGUST-2018-CERTIFIED-RESULTS.pdf,2018/2018-08-02/cocke/2018_08_AUGUST-2018-CERTIFIED-RESULTS.pdf,"election date taken from a bare date on the page, not from an 'Election Date' label; the page states none; no status wording readable in the document; offices not enumerated; requires a full parse of the document"
TN,Rutherford,results,document,2018-08-02,primary+general,unknown,htm,unknown,unknown,47149,https://secured.rutherfordcountytn.gov/election/080218-html/Rutherford_ElecSumm_all.htm,2026-09-16,77f296e85459afa06f08de78e9a37dbb3345ed05b072f85f32431d6b98c85c3c,unknown,Rutherford_ElecSumm_all.htm,2018/2018-08-02/rutherford/Rutherford_ElecSumm_all.htm,no status wording readable in the document; offices not enumerated; requires a full parse of the document
TN,Benton,results,document,2018-11-06,general,unknown,pdf,election_night,unknown,47005,https://www.bentoncotnelections.com/_files/ugd/469c88_e8c0eef20ed147978e8ea4dcba91f696.pdf,2026-09-15,f72a370cd870efbeedc2827b630f3f94b24e7fa08b058e60577c92afe1bc1bda,4,469c88_e8c0eef20ed147978e8ea4dcba91f696.pdf,2018/2018-11-06/benton/469c88_e8c0eef20ed147978e8ea4dcba91f696.pdf,"election date taken from a bare date on the page, not from an 'Election Date' label; the page states none; offices not enumerated; requires a full parse of the document"
TN,Cocke,results,document,2018-11-06,general,unknown,pdf,unknown,unknown,47029,https://www.cockecountyelections.org/s/2018_11_NOV-2018-CERTIFIED-COCKE-CO.pdf,2026-09-16,117d8af5e45efa9ee9a380df3a77078770d9c8c233c40e8430f928e0786efb54,11,2018_11_NOV-2018-CERTIFIED-COCKE-CO.pdf,2018/2018-11-06/cocke/2018_11_NOV-2018-CERTIFIED-COCKE-CO.pdf,"election date taken from a bare date on the page, not from an 'Election Date' label; the page states none; no status wording readable in the document; offices not enumerated; requires a full parse of the document"
TN,Putnam,results,document,2018-11-06,general,unknown,htm,unknown,unknown,47141,https://putnamcountytn.gov/electionresults/2018-11/Putnam_ElecSumm_All.htm,2026-09-16,da468356988ecb0697ee39c3da17c9a9a95f56c992dc3a1e739280536937d39c,unknown,Putnam_ElecSumm_All.htm,2018/2018-11-06/putnam/Putnam_ElecSumm_All.htm,no status wording readable in the document; offices not enumerated; requires a full parse of the document
TN,Rutherford,results,document,2018-11-06,general,unknown,htm,unknown,unknown,47149,https://secured.rutherfordcountytn.gov/election/110618-html/Rutherford_ElecSumm_all.htm,2026-09-16,de4c009f6422abca967351514115516f6b0914358e904251b697ab25c465444d,unknown,Rutherford_ElecSumm_all.htm,2018/2018-11-06/rutherford/Rutherford_ElecSumm_all.htm,no status wording readable in the document; offices not enumerated; requires a full parse of the document
TN,Benton,results,document,2020-03-03,primary,unknown,pdf,unknown,unknown,47005,https://www.bentoncotnelections.com/_files/ugd/469c88_b3854e42a8cf42deb899e2937ab713c8.pdf,2026-09-15,e24abb4f65264b6a0583dcee1612319455ab033912b531f8bf3be3c979bffc57,6,469c88_b3854e42a8cf42deb899e2937ab713c8.pdf,2020/2020-03-03/benton/469c88_b3854e42a8cf42deb899e2937ab713c8.pdf,"election date taken from a bare date on the page, not from an 'Election Date' label; the page states none; no status wording readable in the document; offices not enumerated; requires a full parse of the document"
TN,Cocke,results,document,2020-03-03,primary,unknown,pdf,unknown,unknown,47029,https://www.cockecountyelections.org/s/2020_03_MARCH-2020-CERTIFIED-RESULTS.pdf,2026-09-16,802cafd14cd9a0ec46fba46715327279e7e2a6c564f16d7d5587209782da07c6,7,2020_03_MARCH-2020-CERTIFIED-RESULTS.pdf,2020/2020-03-03/cocke/2020_03_MARCH-2020-CERTIFIED-RESULTS.pdf,"election date taken from a bare date on the page, not from an 'Election Date' label; the page states none; no status wording readable in the document; offices not enumerated; requires a full parse of the document; scanned, no text layer"
TN,Polk,results,document,2020-03-03,primary,unknown,pdf,unknown,unknown,47139,https://www.votepolktn.com/_files/ugd/73cd5e_5581b029c04a43c5b8be9cf87fb2528d.pdf,2026-09-16,42c3f3a46803d6338b7e0f052072ccd832ca7d05afbb5325644fd3d3bc764d1d,13,73cd5e_5581b029c04a43c5b8be9cf87fb2528d.pdf,2020/2020-03-03/polk/73cd5e_5581b029c04a43c5b8be9cf87fb2528d.pdf,"election date taken from a bare date on the page, not from an 'Election Date' label; the page states none; no status wording readable in the document; offices not enumerated; requires a full parse of the document"
TN,Benton,results,document,2020-08-06,primary,unknown,pdf,unknown,unknown,47005,https://www.bentoncotnelections.com/_files/ugd/469c88_5f1426dc230f494692e185d50bcb0d79.pdf,2026-09-15,ff98933d361c20d5a0d8158b1fe33c393080b05ee606690a2b8736f3b1429824,7,469c88_5f1426dc230f494692e185d50bcb0d79.pdf,2020/2020-08-06/benton/469c88_5f1426dc230f494692e185d50bcb0d79.pdf,"election date taken from a bare date on the page, not from an 'Election Date' label; the page states none; no status wording readable in the document; offices not enumerated; requires a full parse of the document"
TN,Polk,results,document,2020-08-06,primary,unknown,pdf,unknown,unknown,47139,https://www.votepolktn.com/_files/ugd/73cd5e_d3a8d83ac7c4459caf00aa81820eb646.pdf,2026-09-16,69153bca82df619d09111dbc3bd00959601638a3f174c4e128bf94ef9b99748b,7,73cd5e_d3a8d83ac7c4459caf00aa81820eb646.pdf,2020/2020-08-06/polk/73cd5e_d3a8d83ac7c4459caf00aa81820eb646.pdf,"election date taken from a bare date on the page, not from an 'Election Date' label; the page states none; no status wording readable in the document; offices not enumerated; requires a full parse of the document"
TN,Stewart,results,document,2020-08-06,primary+general,unknown,pdf,election_night,unknown,47161,https://stewartcountyelection.com/wp-content/uploads/2020/08/Aug-6-2020-unofficial-election-results1.pdf,2026-09-16,27586349e3597fb7d49c21488d625f9e5dbd85917d7955a5057c72edce72cf55,3,Aug-6-2020-unofficial-election-results1.pdf,2020/2020-08-06/stewart/Aug-6-2020-unofficial-election-results1.pdf,"election date taken from a bare date on the page, not from an 'Election Date' label; the page states none; offices not enumerated; requires a full parse of the document; scanned, no text layer"
TN,Benton,results,document,2020-11-03,general,unknown,pdf,unknown,unknown,47005,https://www.bentoncotnelections.com/_files/ugd/469c88_480c5e325e544409b43c7f4a55a854b2.pdf,2026-09-15,8dfc4e82b9c3dcdfb8560adf860990809a4d259442fc244e5ebd5542810ff82d,4,469c88_480c5e325e544409b43c7f4a55a854b2.pdf,2020/2020-11-03/benton/469c88_480c5e325e544409b43c7f4a55a854b2.pdf,"election date taken from a bare date on the page, not from an 'Election Date' label; the page states none; no status wording readable in the document; offices not enumerated; requires a full parse of the document"
TN,Cocke,results,document,2020-11-03,general,unknown,pdf,unknown,unknown,47029,https://www.cockecountyelections.org/s/2020_11_NOV-2020-CERTIFIED-RESULTS.pdf,2026-09-16,5c1947013e43def9a3cb841335376011217d5e92e339ffc04c4bb64a2856b1ba,7,2020_11_NOV-2020-CERTIFIED-RESULTS.pdf,2020/2020-11-03/cocke/2020_11_NOV-2020-CERTIFIED-RESULTS.pdf,"election date taken from a bare date on the page, not from an 'Election Date' label; the page states none; no status wording readable in the document; offices not enumerated; requires a full parse of the document"
TN,Polk,results,document,2020-11-03,general,unknown,pdf,unknown,unknown,47139,https://www.votepolktn.com/_files/ugd/73cd5e_467896435bfb4209afc236a43465ee66.pdf,2026-09-16,097d58cb6f13012776bb604631fa19de3a1771c82e015bb30502e4c636484766,5,73cd5e_467896435bfb4209afc236a43465ee66.pdf,2020/2020-11-03/polk/73cd5e_467896435bfb4209afc236a43465ee66.pdf,"election date taken from a bare date on the page, not from an 'Election Date' label; the page states none; no status wording readable in the document; offices not enumerated; requires a full parse of the document"
TN,Stewart,results,document,2020-11-03,general,unknown,pdf,unknown,unknown,47161,https://stewartcountyelection.com/wp-content/uploads/2021/01/November-3-2020-Certified-Election-Results.pdf,2026-09-16,bd105a95730e42332fe29768502a0ac9377e48e5a878bfce1a485f52ef75f45f,12,November-3-2020-Certified-Election-Results.pdf,2020/2020-11-03/stewart/November-3-2020-Certified-Election-Results.pdf,"election date taken from a bare date on the page, not from an 'Election Date' label; the page states none; no status wording readable in the document; offices not enumerated; requires a full parse of the document; scanned, no text layer"
TN,Cocke,results,document,2022-05-03,primary+general,unknown,pdf,unknown,unknown,47029,https://www.cockecountyelections.org/s/2022_05_MAY-2022-PRIMARY-CERTIFIED-RESULTS.pdf,2026-09-16,4767bf621e6a9ad0cc1cfeabc7bb9b9aa47e383277c7ebda655d7eec6d2d5b27,19,2022_05_MAY-2022-PRIMARY-CERTIFIED-RESULTS.pdf,2022/2022-05-03/cocke/2022_05_MAY-2022-PRIMARY-CERTIFIED-RESULTS.pdf,"election date taken from a bare date on the page, not from an 'Election Date' label; the page states none; no status wording readable in the document; offices not enumerated; requires a full parse of the document"
TN,Polk,results,document,2022-05-03,primary,unknown,pdf,unknown,unknown,47139,https://www.votepolktn.com/_files/ugd/73cd5e_e3848214c1e14c149b8c9bf980a211d4.pdf,2026-09-16,62159541ec7d740ef7213f90df0b9a83f4d07b689bb3f27931102ab9fd3c678f,33,73cd5e_e3848214c1e14c149b8c9bf980a211d4.pdf,2022/2022-05-03/polk/73cd5e_e3848214c1e14c149b8c9bf980a211d4.pdf,"election date taken from a bare date on the page, not from an 'Election Date' label; the page states none; no status wording readable in the document; offices not enumerated; requires a full parse of the document"
TN,Rutherford,results,document,2022-05-03,primary,unknown,htm,unknown,unknown,47149,https://secured.rutherfordcountytn.gov/election/050322-html/Rutherford_ElecSumm_all.htm,2026-09-16,d2cf44dffe4c7245abc1f1b885c25fddb7daeda022e3208cf3818fc136e4aacb,unknown,Rutherford_ElecSumm_all.htm,2022/2022-05-03/rutherford/Rutherford_ElecSumm_all.htm,no status wording readable in the document; offices not enumerated; requires a full parse of the document
TN,Cocke,results,document,2022-08-04,primary,unknown,pdf,unknown,unknown,47029,https://www.cockecountyelections.org/s/2022_08_AUG-2022-CERTIFIED-RESULTS.pdf,2026-09-16,315782484f2fac91c7438a415c8a069905aa53ee95685d7da07747fffbdc5577,37,2022_08_AUG-2022-CERTIFIED-RESULTS.pdf,2022/2022-08-04/cocke/2022_08_AUG-2022-CERTIFIED-RESULTS.pdf,"election date taken from a bare date on the page, not from an 'Election Date' label; the page states none; no status wording readable in the document; offices not enumerated; requires a full parse of the document"
TN,Lawrence,results,document,2022-08-04,primary+general,unknown,pdf,unknown,unknown,47099,https://lawrencecountytn.gov/wp-content/uploads/2022/08/Election_Results_8-4-22.pdf,2026-09-15,b09b3651020377df21f4fbc888d62a7df22b45caf770fd274e9e2320d7bdc408,9,Election_Results_8-4-22.pdf,2022/2022-08-04/lawrence/Election_Results_8-4-22.pdf,"election date taken from a bare date on the page, not from an 'Election Date' label; the page states none; no status wording readable in the document; offices not enumerated; requires a full parse of the document; scanned, no text layer"
TN,Polk,results,document,2022-08-04,primary,unknown,pdf,unknown,unknown,47139,https://www.votepolktn.com/_files/ugd/73cd5e_92a2952159984e76b181f0ebfacad8dd.pdf,2026-09-16,89c86c33217e6a758fb6b8c4b40454f7f2c5988eb426f9c02223727378aa35e6,11,73cd5e_92a2952159984e76b181f0ebfacad8dd.pdf,2022/2022-08-04/polk/73cd5e_92a2952159984e76b181f0ebfacad8dd.pdf,"election date taken from a bare date on the page, not from an 'Election Date' label; the page states none; no status wording readable in the document; offices not enumerated; requires a full parse of the document"
TN,Putnam,results,document,2022-08-04,primary+general,unknown,htm,unknown,unknown,47141,https://putnamcountytn.gov/electionresults/2022-08/Putnam_ElecSumm_All.htm,2026-09-16,c52260736e9a66cc5d89016b95aabe01332dd925681dd0d6badd868215d38a59,unknown,Putnam_ElecSumm_All.htm,2022/2022-08-04/putnam/Putnam_ElecSumm_All.htm,no status wording readable in the document; offices not enumerated; requires a full parse of the document
TN,Rutherford,results,document,2022-08-04,primary+general,unknown,htm,unknown,unknown,47149,https://secured.rutherfordcountytn.gov/election/080422-html/Rutherford_ElecSumm_all.htm,2026-09-16,df6aee8a6efe22712b4349ce2f7da8fdfcee3c0330a8065e5c533bdb1efb8278,unknown,Rutherford_ElecSumm_all.htm,2022/2022-08-04/rutherford/Rutherford_ElecSumm_all.htm,no status wording readable in the document; offices not enumerated; requires a full parse of the document
TN,Stewart,results,document,2022-08-04,primary+general,unknown,pdf,election_night,unknown,47161,https://stewartcountyelection.com/wp-content/uploads/2022/08/August-4-2022-Unofficial-Results.pdf,2026-09-16,25d7679af56b3d29c6d8e20e26f4e183befc74eed647f86376e7bfc2f7b386aa,7,August-4-2022-Unofficial-Results.pdf,2022/2022-08-04/stewart/August-4-2022-Unofficial-Results.pdf,"election date taken from a bare date on the page, not from an 'Election Date' label; the page states none; offices not enumerated; requires a full parse of the document; scanned, no text layer"
TN,Stewart,not-results,document,2022-08-04,n/a,unknown,pdf,n/a,unknown,47161,https://stewartcountyelection.com/wp-content/uploads/2022/05/IMPORTANT-DATES-FOR-AUGUST-4TH-ELECTION.pdf,2026-09-16,b37a251d474fcbf56f315da952ac4e96e0dd3b0653a65ade70bba1b878e9f88d,1,IMPORTANT-DATES-FOR-AUGUST-4TH-ELECTION.pdf,2022/2022-08-04/stewart/IMPORTANT-DATES-FOR-AUGUST-4TH-ELECTION.pdf,"NOT a results document; published because the county did, and marked so; election date taken from a bare date on the page, not from an 'Election Date' label; the page states none; status DOWNGRADED: the filename says 'IMPORTANT-DATES-FOR-AUGUST-4TH-ELECTION.pdf' but the document's first page yields no text by any means, so nothing in the document supports it; offices not enumerated; requires a full parse of the document"
TN,Cocke,results,document,2022-11-08,general,unknown,pdf,unknown,unknown,47029,https://www.cockecountyelections.org/s/2022_11_NOV-2022-CERTIFIED-RESULTS.pdf,2026-09-16,a7b93fae6508d301476bc0b1d88dc11291c8f3cf8c1beac653b914aec3ee6937,15,2022_11_NOV-2022-CERTIFIED-RESULTS.pdf,2022/2022-11-08/cocke/2022_11_NOV-2022-CERTIFIED-RESULTS.pdf,"election date taken from a bare date on the page, not from an 'Election Date' label; the page states none; no status wording readable in the document; offices not enumerated; requires a full parse of the document"
TN,Polk,results,document,2022-11-08,general,unknown,pdf,unknown,unknown,47139,https://www.votepolktn.com/_files/ugd/73cd5e_c11d074550fc418d89afb6ee93143040.pdf,2026-09-16,11ea92d3a1197d5e8635ea07a96cbff2eb2c0196cb1cea0e8d9c7eb96d912970,3,73cd5e_c11d074550fc418d89afb6ee93143040.pdf,2022/2022-11-08/polk/73cd5e_c11d074550fc418d89afb6ee93143040.pdf,"election date taken from a bare date on the page, not from an 'Election Date' label; the page states none; no status wording readable in the document; offices not enumerated; requires a full parse of the document; scanned, no text layer"
TN,Putnam,results,document,2022-11-08,general,unknown,htm,unknown,unknown,47141,https://putnamcountytn.gov/electionresults/2022-11/Putnam_ElecSumm_All.htm,2026-09-16,58e73809b06cb6e119171195afeaf458a39712f1a2113c0c8e2dca57e184978c,unknown,Putnam_ElecSumm_All.htm,2022/2022-11-08/putnam/Putnam_ElecSumm_All.htm,no status wording readable in the document; offices not enumerated; requires a full parse of the document
TN,Rutherford,results,document,2022-11-08,general,unknown,htm,unknown,unknown,47149,https://secured.rutherfordcountytn.gov/election/110822-html/Rutherford_ElecSumm_all.htm,2026-09-16,78b242e36f821e60e9d2b206b57822a4b3239afcffe03b9fcb988e9204733fe4,unknown,Rutherford_ElecSumm_all.htm,2022/2022-11-08/rutherford/Rutherford_ElecSumm_all.htm,no status wording readable in the document; offices not enumerated; requires a full parse of the document
TN,Stewart,results,document,2022-11-08,general,unknown,pdf,election_night,unknown,47161,https://stewartcountyelection.com/wp-content/uploads/2022/11/Unofficail-results-for-Stewart-County-TN-20221108.pdf,2026-09-16,7a7ef3eba095682a90941f8e0301659bfa07a85945b703ed6d1141622a0d5a3c,3,Unofficail-results-for-Stewart-County-TN-20221108.pdf,2022/2022-11-08/stewart/Unofficail-results-for-Stewart-County-TN-20221108.pdf,"election date taken from a bare date on the page, not from an 'Election Date' label; the page states none; offices not enumerated; requires a full parse of the document; scanned, no text layer"
TN,Monroe,results,document,2023-06-08,municipal,unknown,pdf,unknown,unknown,47123,https://img1.wsimg.com/blobby/go/c12ec801-c11c-4849-b628-aa43ea951c0f/downloads/6-8-23%20Official%20Results%20Sweetwater%20City.pdf?ver=1788378476544,2026-09-16,51acfd93afec3cd475aa41f6103e4b5271b21a4b56146541f297908c9dadacd1,3,6-8-23-Official-Results-Sweetwater-City.pdf,2023/2023-06-08/monroe/6-8-23-Official-Results-Sweetwater-City.pdf,"election date taken from a bare date on the page, not from an 'Election Date' label; the page states none; no status wording readable in the document; offices not enumerated; requires a full parse of the document; scanned, no text layer"
TN,Cocke,results,document,2024-03-05,primary,unknown,pdf,unknown,unknown,47029,https://www.cockecountyelections.org/s/March-5-2024-Cocke-County-Certified-Election-Results.pdf,2026-09-16,d5081f374a8b02f8a52b4bb816f8be9ab1e42ba56d31d970b4bff8318cdc3cd6,13,March-5-2024-Cocke-County-Certified-Election-Results.pdf,2024/2024-03-05/cocke/March-5-2024-Cocke-County-Certified-Election-Results.pdf,"election date taken from a bare date on the page, not from an 'Election Date' label; the page states none; no status wording readable in the document; offices not enumerated; requires a full parse of the document"
TN,DeKalb,results,document,2024-03-05,primary,unknown,pdf,unknown,unknown,47041,https://www.dekalbelections.com/uploads/results/results-reports/1776781333-2.pdf,2026-09-16,50feccf79600ab3cc6fdb58a213d3d5fdf6047716c7c431a1f30e7bd192a0eba,9,1776781333-2.pdf,2024/2024-03-05/dekalb/1776781333-2.pdf,"election date taken from a bare date on the page, not from an 'Election Date' label; the page states none; no status wording readable in the document; offices not enumerated; requires a full parse of the document; scanned, no text layer"
TN,DeKalb,results,document,2024-03-05,primary,unknown,pdf,unknown,unknown,47041,https://www.dekalbelections.com/uploads/results/results-reports/1776781333-4.pdf,2026-09-16,be14e6a3815c31b66f1defc2101b5a5fadc40c0b5e7770c546e0b3168e731936,21,1776781333-4.pdf,2024/2024-03-05/dekalb/1776781333-4.pdf,"election date taken from a bare date on the page, not from an 'Election Date' label; the page states none; no status wording readable in the document; offices not enumerated; requires a full parse of the document; scanned, no text layer"
TN,Monroe,results,document,2024-03-05,primary+general,unknown,pdf,election_night,unknown,47123,https://img1.wsimg.com/blobby/go/c12ec801-c11c-4849-b628-aa43ea951c0f/downloads/3-5-24%20Unofficial%20Results%20PPP-Co%20Primary.pdf?ver=1788378476544,2026-09-16,6286c3f954cfc535af8160a9fe8192806db56281109d98d938ee109899b84fa7,7,3-5-24-Unofficial-Results-PPP-Co-Primary.pdf,2024/2024-03-05/monroe/3-5-24-Unofficial-Results-PPP-Co-Primary.pdf,"election date taken from a bare date on the page, not from an 'Election Date' label; the page states none; offices not enumerated; requires a full parse of the document; scanned, no text layer"
TN,Polk,results,document,2024-03-05,primary,unknown,pdf,unknown,unknown,47139,https://www.votepolktn.com/_files/ugd/73cd5e_14faf109ebdd48478893c302d6ecbef1.pdf,2026-09-16,3e4b4b99654bf0d3114a41c35ce7738d77f147943c2ad9dce91521515d8ef3d2,9,73cd5e_14faf109ebdd48478893c302d6ecbef1.pdf,2024/2024-03-05/polk/73cd5e_14faf109ebdd48478893c302d6ecbef1.pdf,"election date taken from a bare date on the page, not from an 'Election Date' label; the page states none; no status wording readable in the document; offices not enumerated; requires a full parse of the document"
TN,Putnam,results,document,2024-03-05,primary,unknown,htm,unknown,unknown,47141,https://putnamcountytn.gov/electionresults/2024-03/Putnam_ElecSumm_All.htm,2026-09-16,aec2649ff1182b2e13b3bd7cb18becb5f709494c27e05c60bb71fbc33a405d8e,unknown,Putnam_ElecSumm_All.htm,2024/2024-03-05/putnam/Putnam_ElecSumm_All.htm,no status wording readable in the document; offices not enumerated; requires a full parse of the document
TN,Rutherford,results,document,2024-03-05,primary,unknown,htm,unknown,unknown,47149,https://secured.rutherfordcountytn.gov/election/030524-html/Rutherford_ElecSumm_all.htm,2026-09-16,be0283f553aa2fb8e9af6748428bdaeb29e518ed2154ccbf287cf427e6607d9c,unknown,Rutherford_ElecSumm_all.htm,2024/2024-03-05/rutherford/Rutherford_ElecSumm_all.htm,no status wording readable in the document; offices not enumerated; requires a full parse of the document
TN,Stewart,results,document,2024-03-05,primary,unknown,pdf,unknown,unknown,47161,https://stewartcountyelection.com/wp-content/uploads/2024/03/2024-Stewart-PPP-and-County-Primary-Unofficial-results.pdf,2026-09-16,441280e5a6c15d8f41053d02a839ef2f12e30057e27da64cb0cd93fd2fab6075,5,2024-Stewart-PPP-and-County-Primary-Unofficial-results.pdf,2024/2024-03-05/stewart/2024-Stewart-PPP-and-County-Primary-Unofficial-results.pdf,"election date taken from a bare date on the page, not from an 'Election Date' label; the page states none; no status wording readable in the document; offices not enumerated; requires a full parse of the document; scanned, no text layer"
TN,Cocke,results,document,2024-08-01,primary,unknown,pdf,unknown,unknown,47029,https://www.cockecountyelections.org/s/2024_08_01_COCKE-CO-CERTIFIED-RESULTS-AUG-2024.pdf,2026-09-16,528b0930855cb561303931f4770dea46018369594469649a9a29762bd792679e,11,2024_08_01_COCKE-CO-CERTIFIED-RESULTS-AUG-2024.pdf,2024/2024-08-01/cocke/2024_08_01_COCKE-CO-CERTIFIED-RESULTS-AUG-2024.pdf,"election date taken from a bare date on the page, not from an 'Election Date' label; the page states none; no status wording readable in the document; offices not enumerated; requires a full parse of the document"
TN,Morgan,results,document,2024-08-01,primary+general,unknown,pdf,election_night,unknown,47129,https://img1.wsimg.com/blobby/go/ccb13f32-6036-4ffb-a201-be56e22d457e/downloads/Aug%201%2C%202024%20Unofficial%20Precinct%20Results.pdf?ver=1788273376811,2026-09-16,a4f3ce574bee0ec571ae7eb9f0b99b4826b0349802a8c34f5d123db307ff21a7,50,Aug-1-2024-Unofficial-Precinct-Results.pdf,2024/2024-08-01/morgan/Aug-1-2024-Unofficial-Precinct-Results.pdf,"election date taken from a bare date on the page, not from an 'Election Date' label; the page states none; offices not enumerated; requires a full parse of the document; scanned, no text layer"
TN,Putnam,results,document,2024-08-01,primary+general,unknown,htm,unknown,unknown,47141,https://putnamcountytn.gov/electionresults/2024-08/Putnam_ElecSumm_All.htm,2026-09-16,0b18def7d7e8225d5f20ba6533928fea724bf2fabe00f94ce45d6cf01e64312d,unknown,Putnam_ElecSumm_All.htm,2024/2024-08-01/putnam/Putnam_ElecSumm_All.htm,no status wording readable in the document; offices not enumerated; requires a full parse of the document
TN,Stewart,results,document,2024-08-01,unknown,unknown,pdf,unknown,unknown,47161,https://stewartcountyelection.com/wp-content/uploads/2024/08/Stewart_County_20240801_Unofficial_results-1.pdf,2026-09-16,779ca8e7fcce937bb739c3692ac69bc4b83b361b736c0e953de427a22dab9fc7,4,Stewart_County_20240801_Unofficial_results-1.pdf,2024/2024-08-01/stewart/Stewart_County_20240801_Unofficial_results-1.pdf,"election date taken from a bare date on the page, not from an 'Election Date' label; the page states none; no election type readable from the document or its label; no status wording readable in the document; offices not enumerated; requires a full parse of the document; scanned, no text layer"
TN,Cocke,results,document,2024-11-05,general,unknown,pdf,unknown,unknown,47029,https://www.cockecountyelections.org/s/2024_11_05-Cocke-County-Certified-Results-November-2024.pdf,2026-09-16,5b81d930c233c438c4a27762afce1a1a839f65e7775ceaa79cfdf8401e1eb87a,5,2024_11_05-Cocke-County-Certified-Results-November-2024.pdf,2024/2024-11-05/cocke/2024_11_05-Cocke-County-Certified-Results-November-2024.pdf,"election date taken from a bare date on the page, not from an 'Election Date' label; the page states none; no status wording readable in the document; offices not enumerated; requires a full parse of the document"
TN,DeKalb,results,document,2024-11-05,general,unknown,pdf,unknown,unknown,47041,https://www.dekalbelections.com/uploads/results/results-reports/1776781581-2.pdf,2026-09-16,d1c5e521b063ac132d42a933ccb32717b378c6b699d29280ac27f62637817a30,3,1776781581-2.pdf,2024/2024-11-05/dekalb/1776781581-2.pdf,"election date taken from a bare date on the page, not from an 'Election Date' label; the page states none; no status wording readable in the document; offices not enumerated; requires a full parse of the document; scanned, no text layer"
TN,DeKalb,results,document,2024-11-05,general,unknown,pdf,unknown,unknown,47041,https://www.dekalbelections.com/uploads/results/results-reports/1776781581-4.pdf,2026-09-16,1f8cdf9e027a34ec33c2d9b73d006af376c293016b3ebc7ef30ab808c75065c7,6,1776781581-4.pdf,2024/2024-11-05/dekalb/1776781581-4.pdf,"election date taken from a bare date on the page, not from an 'Election Date' label; the page states none; no status wording readable in the document; offices not enumerated; requires a full parse of the document; scanned, no text layer"
TN,Putnam,results,document,2024-11-05,general,unknown,htm,unknown,unknown,47141,https://putnamcountytn.gov/electionresults/2024-11/Putnam_ElecSumm_All.htm,2026-09-16,d8cef3f30560597034fa61b71082fe063988d6e42fb048a4985769e6973437b1,unknown,Putnam_ElecSumm_All.htm,2024/2024-11-05/putnam/Putnam_ElecSumm_All.htm,no status wording readable in the document; offices not enumerated; requires a full parse of the document
TN,Giles,results,document,2024-11-06,municipal,unknown,pdf,unknown,unknown,47055,https://gilescountytn.gov/wp-content/uploads/2026/07/Giles-County-Precinct-List.pdf,2026-09-16,84480a987ce6ac45febb7c0f1f36897705f0f5b2ab33b6831e27ebc5efc9d4e8,1,Giles-County-Precinct-List.pdf,2024/2024-11-06/giles/Giles-County-Precinct-List.pdf,"election date taken from a bare date on the page, not from an 'Election Date' label; the page states none; no status wording readable in the document; offices not enumerated; requires a full parse of the document"
TN,Clay,results,document,2025-06-03,municipal,unknown,pdf,unknown,unknown,47027,https://claycountytnelections.com/wp-content/uploads/2026/06/2025-JUN-3-CITY-OF-CELINA.pdf,2026-09-15,3c8e730e537feb06b953f76069b133c19435c0ea12a4aa8f7441e65d0e84c029,1,2025-JUN-3-CITY-OF-CELINA.pdf,2025/2025-06-03/clay/2025-JUN-3-CITY-OF-CELINA.pdf,"election date taken from a bare date on the page, not from an 'Election Date' label; the page states none; no status wording readable in the document; offices not enumerated; requires a full parse of the document; scanned, no text layer"
TN,McMinn,results,document,2025-09-04,unknown,unknown,pdf,unknown,unknown,47107,https://files.cdn-files-a.com/uploads/3293126/normal_68c31596cf11c.pdf,2026-09-16,fce55f26532938edf5ad7a670cb27b53f3c9ce7e28694d9be99b7034c92bef98,13,normal_68c31596cf11c.pdf,2025/2025-09-04/mcminn/normal_68c31596cf11c.pdf,"election date taken from a bare date on the page, not from an 'Election Date' label; the page states none; no election type readable from the document or its label; no status wording readable in the document; offices not enumerated; requires a full parse of the document"
TN,Stewart,results,document,2025-10-07,unknown,unknown,pdf,unknown,unknown,47161,https://stewartcountyelection.com/wp-content/uploads/2025/11/0805_251014131056_001.pdf,2026-09-16,baeae48e2124b37ded8d6b64f36321dfa530703bbcb0210de3a2b3755bc0e1fa,2,0805_251014131056_001.pdf,2025/2025-10-07/stewart/0805_251014131056_001.pdf,"election date taken from a bare date on the page, not from an 'Election Date' label; the page states none; no election type readable from the document or its label; no status wording readable in the document; offices not enumerated; requires a full parse of the document; scanned, no text layer"
TN,Morgan,not-results,document,2026-01-09,n/a,unknown,pdf,n/a,unknown,47129,https://img1.wsimg.com/blobby/go/ccb13f32-6036-4ffb-a201-be56e22d457e/downloads/04d6b5b4-2b0e-43f6-99b7-863c5285d256/Aug%20Candidates.pdf?ver=1788273377010,2026-09-16,8dbfaf108f58b03d004a83e075480419990fea74c449b8b65abf738cb3cf691c,1,Aug-Candidates.pdf,2026/2026-01-09/morgan/Aug-Candidates.pdf,"NOT a results document; published because the county did, and marked so; election date taken from a bare date on the page, not from an 'Election Date' label; the page states none; offices not enumerated; requires a full parse of the document; scanned, no text layer"
TN,Bedford,results,document,2026-05-05,primary,unknown,pdf,unknown,unknown,47003,https://cms5.revize.com/revize/bedfordtn/20260513081125.pdf?t=202605130922140,2026-09-15,d728c6249d9cc96b5ea32f230825033dc1615c26383489e05cbc22768f643172,13,20260513081125.pdf,2026/2026-05-05/bedford/20260513081125.pdf,"election date taken from a bare date on the page, not from an 'Election Date' label; the page states none; no status wording readable in the document; offices not enumerated; requires a full parse of the document; scanned, no text layer"
TN,Bedford,results,document,2026-05-05,primary,unknown,pdf,certified_claimed,unknown,47003,https://cms5.revize.com/revize/bedfordtn/20260513081150.pdf?t=202605130923290,2026-09-15,9c872f9e8a9b6a457de30cef3459ef416efeb611ff46f991aec56806c80a84de,14,20260513081150.pdf,2026/2026-05-05/bedford/20260513081150.pdf,"election date taken from a bare date on the page, not from an 'Election Date' label; the page states none; status is the DOCUMENT's own claim, read from its first page; no certification document is held; offices not enumerated; requires a full parse of the document; scanned, no text layer"
TN,Cheatham,results,document,2026-05-05,primary,unknown,pdf,unknown,unknown,47021,https://www.cheathamcountytn.gov/uploads/20260505_213238.pdf,2026-09-15,78c68328f920fd0f9ed42360fb12d269f8733856271e1aa9f04ce33febe669e8,7,20260505_213238.pdf,2026/2026-05-05/cheatham/20260505_213238.pdf,"date/type read from the archive LABEL, not from the document, which yields no text by any means; no status wording readable in the document; offices not enumerated; requires a full parse of the document; scanned, no text layer"
TN,Cocke,results,document,2026-05-05,primary,unknown,pdf,unknown,unknown,47029,https://www.cockecountyelections.org/s/MAY-2026-CERTIFIED-RESULTS.pdf,2026-09-16,226ed18989c92cdd98f4836662fe40df2f47406b647b7fa586b45a600d220cd8,29,MAY-2026-CERTIFIED-RESULTS.pdf,2026/2026-05-05/cocke/MAY-2026-CERTIFIED-RESULTS.pdf,"election date taken from a bare date on the page, not from an 'Election Date' label; the page states none; no status wording readable in the document; offices not enumerated; requires a full parse of the document; scanned, no text layer"
TN,Crockett,results,document,2026-05-05,unknown,unknown,pdf,unknown,unknown,47033,https://irp.cdn-website.com/82953245/files/uploaded/Election+Results+5-5-26.pdf,2026-09-16,6912b0e9fc718d3c522377eb989cc83399c96443e6c866227ae6d2027aa00def,11,Election-Results-5-5-26.pdf,2026/2026-05-05/crockett/Election-Results-5-5-26.pdf,"election date taken from a bare date on the page, not from an 'Election Date' label; the page states none; no election type readable from the document or its label; no status wording readable in the document; offices not enumerated; requires a full parse of the document; scanned, no text layer"
TN,DeKalb,results,document,2026-05-05,primary,unknown,pdf,unknown,unknown,47041,https://www.dekalbelections.com/uploads/results/results-reports/1776783916-45.pdf,2026-09-16,727f9989f057adf65d988be3af412d7d451442cd51aa0068b186e76ad8d381bf,14,1776783916-45.pdf,2026/2026-05-05/dekalb/1776783916-45.pdf,"election date taken from a bare date on the page, not from an 'Election Date' label; the page states none; no status wording readable in the document; offices not enumerated; requires a full parse of the document; scanned, no text layer"
TN,DeKalb,results,document,2026-05-05,primary,unknown,pdf,unknown,unknown,47041,https://www.dekalbelections.com/uploads/results/results-reports/1776783916-47.pdf,2026-09-16,fc6dd4c659cc36afb42e8b4a87a35162c30b2736e3c31602afd9387247083219,14,1776783916-47.pdf,2026/2026-05-05/dekalb/1776783916-47.pdf,"election date taken from a bare date on the page, not from an 'Election Date' label; the page states none; no status wording readable in the document; offices not enumerated; requires a full parse of the document; scanned, no text layer"
TN,Dyer,results,document,2026-05-05,primary,unknown,pdf,unknown,unknown,47045,https://irp.cdn-website.com/564557c6/files/uploaded/doc00364420260513090015.pdf,2026-09-15,3c18d5a52213185bda3ed442bd5ec05c94b1a24857b5dcd59a7e5b1016232a29,36,doc00364420260513090015.pdf,2026/2026-05-05/dyer/doc00364420260513090015.pdf,"no status wording readable in the document; offices not enumerated; requires a full parse of the document; scanned, no text layer"
TN,Gibson,not-results,document,2026-05-05,n/a,unknown,pdf,n/a,unknown,47053,https://irp.cdn-website.com/f769257e/files/uploaded/2026+elections+flow+chart.pdf,2026-09-16,c81a18751a7bafcc19d5229e086598c66281f8375f81efec21366f8ac9914ac0,1,2026-elections-flow-chart.pdf,2026/2026-05-05/gibson/2026-elections-flow-chart.pdf,"NOT a results document; published because the county did, and marked so; election date taken from a bare date on the page, not from an 'Election Date' label; the page states none; MULTI-ELECTION DOCUMENT: its own text states 2 further election dates (2026-08-06, 2026-11-03). `election_date` records only the first one found and is NOT the whole of what this file covers. ⛔ The date is deliberately NOT overwritten — every one of these dates is true of this file, and picking one silently would be choosing by loop order. Read the document before excluding it from an election it may contain.; offices not enumerated; requires a full parse of the document"
TN,Greene,not-results,document,2026-05-05,n/a,unknown,pdf,n/a,unknown,47059,https://bisgreengovprd.wpenginepowered.com/wp-content/uploads/2025/07/Key-Dates-2026_0.pdf,2026-09-16,da71bab1f2fa547025aa7f9adb6160a4637c140b1061652043762f35080bd97c,1,Key-Dates-2026_0.pdf,2026/2026-05-05/greene/Key-Dates-2026_0.pdf,"NOT a results document; published because the county did, and marked so; election date taken from a bare date on the page, not from an 'Election Date' label; the page states none; offices not enumerated; requires a full parse of the document"
TN,Greene,results,document,2026-05-05,primary,unknown,pdf,unknown,unknown,47059,https://bisgreengovprd.wpenginepowered.com/wp-content/uploads/2026/06/Results-May-5-2026-Election.pdf,2026-09-16,e99b9a0478cfe160e8ec9b7e662b411bfb91acb7f61719652c1d8a98b9e85a4d,40,Results-May-5-2026-Election.pdf,2026/2026-05-05/greene/Results-May-5-2026-Election.pdf,"election date taken from a bare date on the page, not from an 'Election Date' label; the page states none; no status wording readable in the document; offices not enumerated; requires a full parse of the document; scanned, no text layer"
TN,Hawkins,not-results,document,2026-05-05,n/a,unknown,pdf,n/a,unknown,47073,https://www.hawkinscountytn.gov/pdfs/elections/election_key_dates.pdf,2026-09-16,5ae96e50d44731c14f45b08b40dd4954dd70765b80a98efadc13857811551186,1,election_key_dates.pdf,2026/2026-05-05/hawkins/election_key_dates.pdf,"NOT a results document; published because the county did, and marked so; election date taken from a bare date on the page, not from an 'Election Date' label; the page states none; offices not enumerated; requires a full parse of the document"
TN,Humphreys,results,document,2026-05-05,unknown,unknown,pdf,unknown,unknown,47085,https://img1.wsimg.com/blobby/go/43e686d1-1a4d-486c-be71-5b118419da12/downloads/13578da0-39f9-47b4-a5fc-67a4ef88550f/5-5-2026%20Election%20Results.pdf?ver=1786964422313,2026-09-16,5ada1b39834b13cea9c763ef8a232a6b7694b0d0038880e051f3f9bf65a72d57,3,5-5-2026-Election-Results.pdf,2026/2026-05-05/humphreys/5-5-2026-Election-Results.pdf,"no election type readable from the document or its label; date/type read from the archive LABEL, not from the document, which yields no text by any means; no status wording readable in the document; offices not enumerated; requires a full parse of the document; scanned, no text layer"
TN,Humphreys,results,document,2026-05-05,primary,unknown,pdf,unknown,unknown,47085,https://img1.wsimg.com/blobby/go/43e686d1-1a4d-486c-be71-5b118419da12/downloads/bd5c2819-c67e-424d-b74d-75ea5f7f662f/To%20add%20to%20website%20for%205-5-2026.pdf?ver=1786964422313,2026-09-16,c32feac10f1ee86b5d903bc04a40e2f33fe3ffe2affe9aa087bca56820ca9f5e,2,To-add-to-website-for-5-5-2026.pdf,2026/2026-05-05/humphreys/To-add-to-website-for-5-5-2026.pdf,"election date taken from a bare date on the page, not from an 'Election Date' label; the page states none; no status wording readable in the document; offices not enumerated; requires a full parse of the document; scanned, no text layer"
TN,Jackson,results,document,2026-05-05,primary,unknown,pdf,certified_claimed,unknown,47087,https://jacksoncountytn.gov/uploads/election-commission/pdf_embed/certified-result-2026-05-05-primary.pdf,2026-09-16,574b4694feb55b6b4c7cfce8495b1ce659088a31d036c29c22e91db05762b8a3,28,certified-result-2026-05-05-primary.pdf,2026/2026-05-05/jackson/certified-result-2026-05-05-primary.pdf,"election date taken from a bare date on the page, not from an 'Election Date' label; the page states none; status is the DOCUMENT's own claim, read from its first page; no certification document is held; offices not enumerated; requires a full parse of the document; scanned, no text layer"
TN,Knox,results,document,2026-05-05,primary,unknown,pdf,official_claimed,unknown,47093,https://knoxcounty.org/election/archive/2026-05-05/cumulative.pdf,2026-09-15,70bf390dae0428242ea1d7dc845d97bdbe03fa931ac46277fd271ffe31f4e149,15,cumulative.pdf,2026/2026-05-05/knox/cumulative.pdf,"election date taken from a bare date on the page, not from an 'Election Date' label; the page states none; status is the DOCUMENT's own claim, read from its first page; no certification document is held; offices not enumerated; requires a full parse of the document"
TN,Knox,results,document,2026-05-05,primary,unknown,pdf,official_claimed,unknown,47093,https://knoxcounty.org/election/archive/2026-05-05/precinct.pdf,2026-09-15,d67034cf837e445b4c6b0d82ac3e346abb0bdca61c026fda596a3cc9c8a7fc8f,740,precinct.pdf,2026/2026-05-05/knox/precinct.pdf,"election date taken from a bare date on the page, not from an 'Election Date' label; the page states none; status is the DOCUMENT's own claim, read from its first page; no certification document is held; offices not enumerated; requires a full parse of the document"
TN,Putnam,results,document,2026-05-05,primary,unknown,htm,unknown,unknown,47141,https://putnamcountytn.gov/electionresults/2026-05/Putnam_ElecSumm_All.htm,2026-09-16,0b66f655d3dd4460ebe52b7279f8f968ac614858f02afd66e7087818e0c43f5d,unknown,Putnam_ElecSumm_All.htm,2026/2026-05-05/putnam/Putnam_ElecSumm_All.htm,no status wording readable in the document; offices not enumerated; requires a full parse of the document
TN,Rutherford,results,document,2026-05-05,primary,unknown,htm,unknown,unknown,47149,https://secured.rutherfordcountytn.gov/election/050526-html/Rutherford_ElecSumm_all.htm,2026-09-16,bc02275063659a490ef122f8279987c0cde5a6f54a6d08a746e410ae7f0f4329,unknown,Rutherford_ElecSumm_all.htm,2026/2026-05-05/rutherford/Rutherford_ElecSumm_all.htm,no status wording readable in the document; offices not enumerated; requires a full parse of the document
TN,Grundy,not-results,document,2026-05-07,n/a,unknown,pdf,n/a,unknown,47061,https://www.grundycountytn.net/officials/pdfs/election_notice.pdf,2026-09-15,b81276e1ab59a0ff0ba066a5add6e04d85ba02fa38e7d29f890c3173e88f9c92,5,election_notice.pdf,2026/2026-05-07/grundy/election_notice.pdf,"NOT a results document; published because the county did, and marked so; election date taken from a bare date on the page, not from an 'Election Date' label; the page states none; offices not enumerated; requires a full parse of the document"
TN,Humphreys,not-results,document,2026-06-22,n/a,unknown,pdf,n/a,unknown,47085,https://img1.wsimg.com/blobby/go/43e686d1-1a4d-486c-be71-5b118419da12/downloads/16953496-3342-4712-b86e-9e7741b4aa4f/2026%20Election%20Commission%20Meeting%20Dates.pdf?ver=1786964422334,2026-09-16,e1f1afca9a4db5663c6b20e467df55ceb361f7c38809fc4318c221a0de4d3756,1,2026-Election-Commission-Meeting-Dates.pdf,2026/2026-06-22/humphreys/2026-Election-Commission-Meeting-Dates.pdf,"NOT a results document; published because the county did, and marked so; election date taken from a bare date on the page, not from an 'Election Date' label; the page states none; offices not enumerated; requires a full parse of the document; scanned, no text layer"
TN,McMinn,results,document,2026-06-25,unknown,unknown,pdf,unknown,unknown,47107,https://files.cdn-files-a.com/uploads/3293126/normal_6a6b69fdcc091.pdf,2026-09-16,29535c4d877803406be101e1e06654648be973289fe1c2d2d64517006817e329,2,normal_6a6b69fdcc091.pdf,2026/2026-06-25/mcminn/normal_6a6b69fdcc091.pdf,"election date taken from a bare date on the page, not from an 'Election Date' label; the page states none; no election type readable from the document or its label; no status wording readable in the document; offices not enumerated; requires a full parse of the document; scanned, no text layer"
TN,Loudon,not-results,document,2026-07-17,n/a,unknown,pdf,n/a,unknown,47105,https://loudoncountyvotes.com/files/August_2026_EarlyVotingTotals_ByLocation.pdf,2026-09-15,a9463d341dfecfdc036d370d60a728e8827fd92c8dcdef951ffac391eda41875,1,August_2026_EarlyVotingTotals_ByLocation.pdf,2026/2026-07-17/loudon/August_2026_EarlyVotingTotals_ByLocation.pdf,"NOT a results document; published because the county did, and marked so; election date taken from a bare date on the page, not from an 'Election Date' label; the page states none; offices not enumerated; requires a full parse of the document"
TN,Anderson,results,document,2026-08-06,primary+general,unknown,pdf,election_night,unknown,47001,https://www.acelection.com/wp-content/uploads/2026/08/after-write-ins-Cumulative-Results-8-6-2026-10-38-23-PM.pdf,2026-09-15,e796136c2ef4c9f0ed68beea3dfec689048f69609fb37c23a7fb7dfae4073f60,9,after-write-ins-Cumulative-Results-8-6-2026-10-38-23-PM.pdf,2026/2026-08-06/anderson/after-write-ins-Cumulative-Results-8-6-2026-10-38-23-PM.pdf,"election date taken from a bare date on the page, not from an 'Election Date' label; the page states none; offices not enumerated; requires a full parse of the document"
TN,Anderson,results,document,2026-08-06,primary+general,unknown,pdf,election_night,unknown,47001,https://www.acelection.com/wp-content/uploads/2026/08/after-write-ins-Precinct-Results-8-6-2026-10-38-48-PM.pdf,2026-09-15,e5bb40292c6f10199b34e17c1b156c3a9179511cec00a1c9031a57855b0b8f82,169,after-write-ins-Precinct-Results-8-6-2026-10-38-48-PM.pdf,2026/2026-08-06/anderson/after-write-ins-Precinct-Results-8-6-2026-10-38-48-PM.pdf,"election date taken from a bare date on the page, not from an 'Election Date' label; the page states none; offices not enumerated; requires a full parse of the document"
TN,Bedford,results,document,2026-08-06,primary,unknown,pdf,unknown,unknown,47003,https://cms5.revize.com/revize/bedfordtn/20260825075629.pdf?t=202608250905140,2026-09-15,e86a37940f3aa495003625649b86e2287d3396f9edf28ce9413a0f96b6d610c0,8,20260825075629.pdf,2026/2026-08-06/bedford/20260825075629.pdf,"election date taken from a bare date on the page, not from an 'Election Date' label; the page states none; no status wording readable in the document; offices not enumerated; requires a full parse of the document; scanned, no text layer"
TN,Bedford,results,document,2026-08-06,primary,unknown,pdf,unknown,unknown,47003,https://cms5.revize.com/revize/bedfordtn/20260825075653.pdf?t=202608250904490,2026-09-15,f2e9cb3946ed9703647832c8e343558cd7cdd42440e04c2a0309167f12687de4,8,20260825075653.pdf,2026/2026-08-06/bedford/20260825075653.pdf,"election date taken from a bare date on the page, not from an 'Election Date' label; the page states none; no status wording readable in the document; offices not enumerated; requires a full parse of the document; scanned, no text layer"
TN,Bedford,results,document,2026-08-06,general,unknown,pdf,unknown,unknown,47003,https://cms5.revize.com/revize/bedfordtn/20260825075719.pdf?t=202608250903230,2026-09-15,d4c0ddd428ba1797bdaab35c9f6183a20b6bc6012be1023f1a5bc93ad812add8,15,20260825075719.pdf,2026/2026-08-06/bedford/20260825075719.pdf,"election date taken from a bare date on the page, not from an 'Election Date' label; the page states none; no status wording readable in the document; offices not enumerated; requires a full parse of the document; scanned, no text layer"
TN,Benton,results,document,2026-08-06,unknown,unknown,htm,unknown,unknown,47005,https://www.bentoncotnelections.com/unofficial,2026-09-16,7f83405d62c5368a562bd875c379c4f0deee30939af1f0a963d0d13afb1a2825,unknown,unofficial.htm,2026/2026-08-06/benton/unofficial.htm,"no election type readable from the document or its label; date/type read from the archive LABEL, not from the document, which yields no text by any means; status DOWNGRADED: the filename says 'Unofficial Results 8/6/2026' but the document's first page yields no text by any means, so nothing in the document supports it; no status wording readable in the document; offices not enumerated; requires a full parse of the document"
TN,Blount,results,document,2026-08-06,primary,unknown,pdf,unknown,unknown,47009,https://www.blounttn.gov/DocumentCenter/View/30229/August-6-2026-County-Totals-PDF,2026-09-15,ef535f0ba27ae431a4b5521052cbb9aa2d415b2c7853fedb2d0a1d4cdbe90d1b,17,August-6-2026-County-Totals-PDF.pdf,2026/2026-08-06/blount/August-6-2026-County-Totals-PDF.pdf,"election date taken from a bare date on the page, not from an 'Election Date' label; the page states none; MULTI-ELECTION DOCUMENT: its own text states 2 further election dates (2024-08-01, 2026-08-19). `election_date` records only the first one found and is NOT the whole of what this file covers. ⛔ The date is deliberately NOT overwritten — every one of these dates is true of this file, and picking one silently would be choosing by loop order. Read the document before excluding it from an election it may contain.; no status wording readable in the document; offices not enumerated; requires a full parse of the document"
TN,Blount,results,document,2026-08-06,primary+municipal,unknown,pdf,unknown,unknown,47009,https://www.blounttn.gov/DocumentCenter/View/30228/August-6-2026-Precinct-Totals-PDF,2026-09-15,2340d5ed4f1e6d2bd7260a4c2278be04150fe52d9859be8f4c3c77aff402ceb9,41,August-6-2026-Precinct-Totals-PDF.pdf,2026/2026-08-06/blount/August-6-2026-Precinct-Totals-PDF.pdf,"election date taken from a bare date on the page, not from an 'Election Date' label; the page states none; no status wording readable in the document; offices not enumerated; requires a full parse of the document"
TN,Bradley,results,document,2026-08-06,primary+general,unknown,htm,unknown,unknown,47011,https://www.bradleyelections.com/results/html/Bradley_ElecSumm_All.htm,2026-09-16,57a481e1160efbfc0e66a9e51962d4b81e8a2bd8d383727f2564c633bb2487dc,unknown,Bradley_ElecSumm_All.htm,2026/2026-08-06/bradley/Bradley_ElecSumm_All.htm,no status wording readable in the document; offices not enumerated; requires a full parse of the document
TN,Bradley,results,document,2026-08-06,primary+general,unknown,htm,unknown,unknown,47011,https://www.bradleyelections.com/results/html/Bradley_PrecSumm_01.htm,2026-09-16,d16f22dd2806f02972e093fde212e4ba5ec05cd6efb09c4e3226f47c6e63a385,unknown,Bradley_PrecSumm_01.htm,2026/2026-08-06/bradley/Bradley_PrecSumm_01.htm,no status wording readable in the document; offices not enumerated; requires a full parse of the document
TN,Bradley,results,document,2026-08-06,primary+general,unknown,htm,unknown,unknown,47011,https://www.bradleyelections.com/results/html/Bradley_PrecSumm_02.htm,2026-09-16,09bf443a1627f7ab221f619888c828e1df407ae4ad2e9d679cf7e6e988b6d5e8,unknown,Bradley_PrecSumm_02.htm,2026/2026-08-06/bradley/Bradley_PrecSumm_02.htm,no status wording readable in the document; offices not enumerated; requires a full parse of the document
TN,Campbell,results,document,2026-08-06,primary+general,unknown,pdf,election_night,unknown,47013,https://a2e8bde7-3799-45d4-a557-41f82617903d.filesusr.com/ugd/953d91_fcf20baeb72d42cbb257464d3b4701d0.pdf,2026-09-15,7de1352e56fbe50e72e167e6db3eceb107461109fb8d93ea8eb1ad934d6bba8c,11,953d91_fcf20baeb72d42cbb257464d3b4701d0.pdf,2026/2026-08-06/campbell/953d91_fcf20baeb72d42cbb257464d3b4701d0.pdf,"election date taken from a bare date on the page, not from an 'Election Date' label; the page states none; offices not enumerated; requires a full parse of the document"
TN,Cannon,results,document,2026-08-06,general,unknown,pdf,unknown,unknown,47015,https://cannoncountytn.gov/wp-content/uploads/2026/08/20260825_140251.pdf,2026-09-16,6c974cf641dcd4173d6f8f378fb2ef6d02481b112efe81fbdd7f9299c4151338,2,20260825_140251.pdf,2026/2026-08-06/cannon/20260825_140251.pdf,"date/type read from the archive LABEL, not from the document, which yields no text by any means; no status wording readable in the document; offices not enumerated; requires a full parse of the document; scanned, no text layer"
TN,Cannon,results,document,2026-08-06,general,unknown,pdf,unknown,unknown,47015,https://cannoncountytn.gov/wp-content/uploads/2026/08/20260825_140454.pdf,2026-09-16,a420dca4881fba5eef88d7ffdd31c875f94464fe1f4534b760f9aaa55399fc53,2,20260825_140454.pdf,2026/2026-08-06/cannon/20260825_140454.pdf,"date/type read from the archive LABEL, not from the document, which yields no text by any means; no status wording readable in the document; offices not enumerated; requires a full parse of the document; scanned, no text layer"
TN,Carroll,results,document,2026-08-06,primary+general,unknown,pdf,official_claimed,unknown,47017,https://carrollcountytnelections.com/wp-content/uploads/2026/08/Official-Precinct-Results-8-13-2026-09-13-03-AM.pdf,2026-09-15,6b02d8e30947e49dc9be92950a1feacecd98f734065ec8073a46698814e906da,128,Official-Precinct-Results-8-13-2026-09-13-03-AM.pdf,2026/2026-08-06/carroll/Official-Precinct-Results-8-13-2026-09-13-03-AM.pdf,"election date taken from a bare date on the page, not from an 'Election Date' label; the page states none; status is the DOCUMENT's own claim, read from its first page; no certification document is held; offices not enumerated; requires a full parse of the document"
TN,Carter,results,document,2026-08-06,primary+general,unknown,pdf,certified_claimed,unknown,47019,"https://cms3.revize.com/revize/cartercounty/August%206,%202026%20State%20Primary%20and%20County%20General.pdf?t=202608201456310",2026-09-16,33605e692d640bd47bd5388b8b399dfaa3a2d21719c560715272142bb492e72c,51,August-6-2026-State-Primary-and-County-General.pdf,2026/2026-08-06/carter/August-6-2026-State-Primary-and-County-General.pdf,"election date taken from a bare date on the page, not from an 'Election Date' label; the page states none; status is the DOCUMENT's own claim, read from its first page; no certification document is held; offices not enumerated; requires a full parse of the document; scanned, no text layer"
TN,Cheatham,results,document,2026-08-06,primary+general,unknown,pdf,official_claimed,unknown,47021,https://www.cheathamcountytn.gov/uploads/20260807_080904.pdf,2026-09-15,4eecdd8f22e8e006d0904c997fc1cdd2f8ac561c0a5378c1e24f29c1454e9017,6,20260807_080904.pdf,2026/2026-08-06/cheatham/20260807_080904.pdf,"election date taken from a bare date on the page, not from an 'Election Date' label; the page states none; status is the DOCUMENT's own claim, read from its first page; no certification document is held; offices not enumerated; requires a full parse of the document; scanned, no text layer"
TN,Cheatham,results,document,2026-08-06,general,unknown,pdf,certified_claimed,unknown,47021,https://www.cheathamcountytn.gov/uploads/20260827_090853.pdf,2026-09-15,d613bb282e4d3bc3c77ba4b10e96833fe54e9c58cd7c8763894fe142c23db505,16,20260827_090853.pdf,2026/2026-08-06/cheatham/20260827_090853.pdf,"election date taken from a bare date on the page, not from an 'Election Date' label; the page states none; status is the DOCUMENT's own claim, read from its first page; no certification document is held; offices not enumerated; requires a full parse of the document; scanned, no text layer"
TN,Chester,results,document,2026-08-06,primary+general,unknown,pdf,unknown,unknown,47023,https://votechestercountytn.gov/results/,2026-09-16,6c519956ab51e8e08a4e477a4d438321b371310567ba06ea998734f53b78f84d,15,Chester-County-Election-Commission-Election-Results.pdf,2026/2026-08-06/chester/Chester-County-Election-Commission-Election-Results.pdf,"election date taken from a bare date on the page, not from an 'Election Date' label; the page states none; status DOWNGRADED: the filename says 'Chester County Election Commission – Election Results.pdf' but the document's first page yields no text by any means, so nothing in the document supports it; no status wording readable in the document; offices not enumerated; requires a full parse of the document"
TN,Claiborne,results,document,2026-08-06,primary,unknown,pdf,unknown,unknown,47025,https://claibornevotes.com/wp-content/uploads/2026/08/Official-Results-8-6-26.pdf,2026-09-16,5aaa6659d49df6575d29ba5744d2163ed6afeb278f38525211589c737dedd7b1,9,Official-Results-8-6-26.pdf,2026/2026-08-06/claiborne/Official-Results-8-6-26.pdf,"election date taken from a bare date on the page, not from an 'Election Date' label; the page states none; no status wording readable in the document; offices not enumerated; requires a full parse of the document"
TN,Clay,results,document,2026-08-06,primary+general,unknown,pdf,unknown,unknown,47027,https://claycountytnelections.com/wp-content/uploads/2026/08/08-06-2026_ElectionResults.pdf,2026-09-16,2bb521ac1843e72e8d66451a997e1b64f1a2362e729e317edff692f8cdd87fd5,5,08-06-2026_ElectionResults.pdf,2026/2026-08-06/clay/08-06-2026_ElectionResults.pdf,"no status wording readable in the document; offices not enumerated; requires a full parse of the document; scanned, no text layer"
TN,Cocke,results,document,2026-08-06,primary,unknown,pdf,unknown,unknown,47029,https://www.cockecountyelections.org/s/August-2026-Election-Results.pdf,2026-09-16,546b745665eec1e9ff7acdd170086a3f0fb17a9dcfe4ba01e2a124f355e857db,41,August-2026-Election-Results.pdf,2026/2026-08-06/cocke/August-2026-Election-Results.pdf,"election date taken from a bare date on the page, not from an 'Election Date' label; the page states none; no status wording readable in the document; offices not enumerated; requires a full parse of the document; scanned, no text layer"
TN,Coffee,results,document,2026-08-06,primary,unknown,pdf,unknown,unknown,47031,https://www.coffeecountytn.gov/DocumentCenter/View/7193/August-6-2026-Official-Results,2026-09-16,df79bd931d8e01a9c3cd7901440393b65b9725f462d4ab7af3ba81b925f5816e,49,August-6-2026-Official-Results.pdf,2026/2026-08-06/coffee/August-6-2026-Official-Results.pdf,"election date taken from a bare date on the page, not from an 'Election Date' label; the page states none; no status wording readable in the document; offices not enumerated; requires a full parse of the document"
TN,Crockett,results,document,2026-08-06,unknown,unknown,pdf,election_night,unknown,47033,https://irp.cdn-website.com/82953245/files/uploaded/8-6-26+Unofficial+Results+SFPSCG.pdf,2026-09-16,728eeb46c8894bd9f94d3aa8edd4a3e3ea23a83d7e9a5ce9465307ea61f495ad,17,8-6-26-Unofficial-Results-SFPSCG.pdf,2026/2026-08-06/crockett/8-6-26-Unofficial-Results-SFPSCG.pdf,"election date taken from a bare date on the page, not from an 'Election Date' label; the page states none; no election type readable from the document or its label; offices not enumerated; requires a full parse of the document; scanned, no text layer"
TN,Cumberland,results,document,2026-08-06,primary+general,unknown,pdf,unknown,unknown,47035,https://drive.google.com/uc?export=download&id=1VBM3YJ33nJVi3lw06c1-S2GRbWHo1tLP,2026-09-15,f02b308ac1aef93feefcfa287b53dd2fd1496f2eda2ff3e0aa95d478b3d31557,4,Bakers.pdf,2026/2026-08-06/cumberland/Bakers.pdf,no status wording readable in the document; offices not enumerated; requires a full parse of the document
TN,Cumberland,results,document,2026-08-06,primary+general,unknown,pdf,unknown,unknown,47035,https://drive.google.com/uc?export=download&id=1GPUxaso5d-UF3pJW4PWEAYu7lUjrezwG,2026-09-15,ddf80cdf1e921fa74396111f70e69f22489036d2b0a344790506a1d67c325bd7,4,BigLick.pdf,2026/2026-08-06/cumberland/BigLick.pdf,no status wording readable in the document; offices not enumerated; requires a full parse of the document
TN,Cumberland,results,document,2026-08-06,primary+general,unknown,pdf,unknown,unknown,47035,https://drive.google.com/uc?export=download&id=1c5qIuCxrBp_Y2Q-jsldVx13nQqrTut9B,2026-09-15,81707a473c604db59bb99c70d6d2c680dfce18e7034d918b38d2dc6a4a65701f,4,ChestnutHill.pdf,2026/2026-08-06/cumberland/ChestnutHill.pdf,no status wording readable in the document; offices not enumerated; requires a full parse of the document
TN,Cumberland,results,document,2026-08-06,primary+general,unknown,pdf,unknown,unknown,47035,https://drive.google.com/uc?export=download&id=1w5alW2u_qkidbDOxUdfLwj-3H6xrxil9,2026-09-15,7d27f7d70188e4e0d94740a530c728e5b28539fbc4d39e3ff5321653527cbb17,4,Complex.pdf,2026/2026-08-06/cumberland/Complex.pdf,no status wording readable in the document; offices not enumerated; requires a full parse of the document
TN,Cumberland,results,document,2026-08-06,primary+general,unknown,pdf,unknown,unknown,47035,https://drive.google.com/uc?export=download&id=14DLA2moXRSnd5juqsSoSnbwZiSmRUoiY,2026-09-15,321e9188c772cf108c3c7411878a322d1f0fb98750744886cf59b8814ac181ad,4,Cornerstone.pdf,2026/2026-08-06/cumberland/Cornerstone.pdf,no status wording readable in the document; offices not enumerated; requires a full parse of the document
TN,Cumberland,results,document,2026-08-06,primary+general,unknown,pdf,unknown,unknown,47035,https://drive.google.com/uc?export=download&id=1Gj1M51frTDI8kSfQ88PkbD0PgGecX86-,2026-09-15,492758a93d09bc5453755df0c9292c861e9cc114ae85f0d09126e1b43e1c33e5,4,CrabOrchard.pdf,2026/2026-08-06/cumberland/CrabOrchard.pdf,no status wording readable in the document; offices not enumerated; requires a full parse of the document
TN,Cumberland,results,document,2026-08-06,primary+general,unknown,pdf,unknown,unknown,47035,https://drive.google.com/uc?export=download&id=1DV6irYs8hj_qSG_PnZGiI-zCZJ82HM4P,2026-09-15,01f3f943e93c4a70b231c5a433755175fda9e85cdb5bc02fa2467880dbfe08fa,4,Dorton.pdf,2026/2026-08-06/cumberland/Dorton.pdf,no status wording readable in the document; offices not enumerated; requires a full parse of the document
TN,Cumberland,results,document,2026-08-06,primary+general,unknown,pdf,unknown,unknown,47035,https://drive.google.com/uc?export=download&id=19HaNWG3Sru28xI1Mb1fIkLQohlkJ7k9m,2026-09-15,3ddfe443e7e709f9aab37609bb692927240b12af202253c2392102f1b03b75f0,4,FairfieldNorth.pdf,2026/2026-08-06/cumberland/FairfieldNorth.pdf,no status wording readable in the document; offices not enumerated; requires a full parse of the document
TN,Cumberland,results,document,2026-08-06,primary+general,unknown,pdf,unknown,unknown,47035,https://drive.google.com/uc?export=download&id=1MEJgAMSyBrTJxexlrojD4tRl6zUc4S3X,2026-09-15,868e264b34c290446f48fcbbafb088c8a8ef33e51079f3719d98574e7a33fe8a,4,FairfieldSouth.pdf,2026/2026-08-06/cumberland/FairfieldSouth.pdf,no status wording readable in the document; offices not enumerated; requires a full parse of the document
TN,Cumberland,results,document,2026-08-06,primary+general,unknown,pdf,unknown,unknown,47035,https://drive.google.com/uc?export=download&id=1nL-Ltu27NdbY6MKqY1ka1HXhTNlj33Mq,2026-09-15,9329f8595a33e361ce02e3c9ee40527e3c4a45c741f0ab98bf9cbe75e73481d5,6,Final-Summary.pdf,2026/2026-08-06/cumberland/Final-Summary.pdf,no status wording readable in the document; offices not enumerated; requires a full parse of the document
TN,Cumberland,results,document,2026-08-06,primary+general,unknown,pdf,unknown,unknown,47035,https://drive.google.com/uc?export=download&id=1B4cIfEmeEJdjnbKOsc2eoB4O0aFcAc8c,2026-09-15,432bd1cadcc4afc15a886ead5f23640c25add34b852d1d9807fd192e7a841204,4,GrassyCove.pdf,2026/2026-08-06/cumberland/GrassyCove.pdf,no status wording readable in the document; offices not enumerated; requires a full parse of the document
TN,Cumberland,results,document,2026-08-06,primary+general,unknown,pdf,unknown,unknown,47035,https://drive.google.com/uc?export=download&id=1MAioX1nT1OKZ0U_Td3siur9mnzwBHBG4,2026-09-15,2d9470fb57b75feeeb0026851bde1d5f73e6047f530d2776b00fe0460095ec33,4,Homestead.pdf,2026/2026-08-06/cumberland/Homestead.pdf,no status wording readable in the document; offices not enumerated; requires a full parse of the document
TN,Cumberland,results,document,2026-08-06,primary+general,unknown,pdf,unknown,unknown,47035,https://drive.google.com/uc?export=download&id=1AiTex07chxrjoXnm1mQU3exQg7raQZ4N,2026-09-15,51284f919a3f89a0d7577d96844a4d1ab3db89ad0aaa2cf33334d86c0e36c0ca,4,Linary.pdf,2026/2026-08-06/cumberland/Linary.pdf,no status wording readable in the document; offices not enumerated; requires a full parse of the document
TN,Cumberland,results,document,2026-08-06,primary+general,unknown,pdf,unknown,unknown,47035,https://drive.google.com/uc?export=download&id=1GwkJfLxxDUeRGLlaw6AT3Q48XbzWBGTr,2026-09-15,705bc4b723438c89a455cf6472793eefcfff6645de53a637051b2cc091b03795,4,Mayland.pdf,2026/2026-08-06/cumberland/Mayland.pdf,no status wording readable in the document; offices not enumerated; requires a full parse of the document
TN,Cumberland,results,document,2026-08-06,primary+general,unknown,pdf,unknown,unknown,47035,https://drive.google.com/uc?export=download&id=1a2sDjr7r-Ka_ckCsysmW6kTGmtacVwdl,2026-09-15,25e9c3c58dd4b9121ba2d832cee55d3c96eb361e072dc24bd81e663ad7426f91,4,Midway.pdf,2026/2026-08-06/cumberland/Midway.pdf,no status wording readable in the document; offices not enumerated; requires a full parse of the document
TN,Cumberland,results,document,2026-08-06,primary+general,unknown,pdf,unknown,unknown,47035,https://drive.google.com/uc?export=download&id=1_o3uHDQBRiHjAnfX_A3iO2KsjlX1zwPc,2026-09-15,cf7450d10e8c941a3a0bd44ea8388c5f2a54ec7d3639db875ca63a8a153d3841,4,OakHill.pdf,2026/2026-08-06/cumberland/OakHill.pdf,no status wording readable in the document; offices not enumerated; requires a full parse of the document
TN,Cumberland,results,document,2026-08-06,primary+general,unknown,pdf,unknown,unknown,47035,https://drive.google.com/uc?export=download&id=1rWCGBABbnnsl654FjrXbMPY1lTNNmPTR,2026-09-15,09f16b99b0d6159c18e651d9d4c097069e2e762d01bdf1dbae18c05450073adc,4,Ozone-Pineview.pdf,2026/2026-08-06/cumberland/Ozone-Pineview.pdf,no status wording readable in the document; offices not enumerated; requires a full parse of the document
TN,Cumberland,results,document,2026-08-06,primary+general,unknown,pdf,unknown,unknown,47035,https://drive.google.com/uc?export=download&id=1396lzP1WXxPVNUmeK6L8TQVlXkvKF-id,2026-09-15,4540e32ebd115b5b63a537f033f10f6672b5dc8055b444e2398ba6e4ccba4c93,4,PleasantHIll.pdf,2026/2026-08-06/cumberland/PleasantHIll.pdf,no status wording readable in the document; offices not enumerated; requires a full parse of the document
TN,Cumberland,results,document,2026-08-06,primary+general,unknown,pdf,unknown,unknown,47035,https://drive.google.com/uc?export=download&id=1D_PbATKHRNo1gVSus-KVVYBjnLucfwNL,2026-09-15,89100c301c77769d14e5ee4cb09bbe788ea8c7dcf38a460e92ab281ccebe3a61,4,Pomona.pdf,2026/2026-08-06/cumberland/Pomona.pdf,no status wording readable in the document; offices not enumerated; requires a full parse of the document
TN,Cumberland,results,document,2026-08-06,primary+general,unknown,pdf,unknown,unknown,47035,https://drive.google.com/uc?export=download&id=1cUGPVZzPM5ZmU86xsYbI8aQo2PqPh0vA,2026-09-15,083f56f116540e58b4523ebe52f81c7a011a06ab66292a34ce1828e5ec88be73,4,Rinnie.pdf,2026/2026-08-06/cumberland/Rinnie.pdf,no status wording readable in the document; offices not enumerated; requires a full parse of the document
TN,Cumberland,results,document,2026-08-06,primary+general,unknown,pdf,unknown,unknown,47035,https://drive.google.com/uc?export=download&id=1fJ0XXCFK4gIy-KVEmPCdwMu8t2335yiu,2026-09-15,96273f2d24a11c0cadad15e8399474f24de4ec67fa007bfe70b01a404680677c,4,Tabor.pdf,2026/2026-08-06/cumberland/Tabor.pdf,no status wording readable in the document; offices not enumerated; requires a full parse of the document
TN,Cumberland,results,document,2026-08-06,primary+general,unknown,pdf,unknown,unknown,47035,https://drive.google.com/uc?export=download&id=19UMPrdbpFAzlox6UA_VMxvp1ND0b_Qzm,2026-09-15,5f472bc231edeef081e547e2fe2dd79c9c7d92436cd1fe18fa31735ef36f5f80,4,Tansi.pdf,2026/2026-08-06/cumberland/Tansi.pdf,no status wording readable in the document; offices not enumerated; requires a full parse of the document
TN,Cumberland,results,document,2026-08-06,primary+general,unknown,pdf,unknown,unknown,47035,https://drive.google.com/uc?export=download&id=1mtK04GMEiAgkOWJ1X_sUNSoLUlqp_YqJ,2026-09-15,da2c52491d2b2252f17482eb870631ea51fe6a12f1e52457226adffc5b57df24,4,Vandever.pdf,2026/2026-08-06/cumberland/Vandever.pdf,no status wording readable in the document; offices not enumerated; requires a full parse of the document
TN,Cumberland,results,document,2026-08-06,primary+general,unknown,pdf,unknown,unknown,47035,https://drive.google.com/uc?export=download&id=1bCFCDgKAvfiTpPCI_SL2FK8dS7QjJXzq,2026-09-15,7cf7f4dae8e01fb412428e038aba0068c92c11b9eccdf850cbfc63a5b6f44f18,4,Woody.pdf,2026/2026-08-06/cumberland/Woody.pdf,no status wording readable in the document; offices not enumerated; requires a full parse of the document
TN,Davidson,results,document,2026-08-06,primary+general,unknown,pdf,unknown,unknown,47037,https://www.nashville.gov/sites/default/files/2026-08/2026-08-06---State-Primary-County-General---Precinct-Level-Results-CERTIFIED.pdf?ct=1787263666,2026-09-16,8a8dd9b713a1ba9888923579baf31a8f74f50321852479faaf548689d0e4bc38,1177,2026-08-06---State-Primary-County-General---Precinct-Level-Results-CERTIFIED.pdf,2026/2026-08-06/davidson/2026-08-06---State-Primary-County-General---Precinct-Level-Results-CERTIFIED.pdf,"election date taken from a bare date on the page, not from an 'Election Date' label; the page states none; status DOWNGRADED: the filename says '2026-08-06 - State Primary County General - Precinct Level R' but the document's first page yields no text by any means, so nothing in the document supports it; no status wording readable in the document; offices not enumerated; requires a full parse of the document"
TN,DeKalb,results,document,2026-08-06,primary,unknown,pdf,unknown,unknown,47041,https://www.dekalbelections.com/uploads/results/results-reports/1785949253-44.pdf,2026-09-16,505d85f31df19079a7c906192caa821216ecf3f445695dd71bcb638d67c7f495,35,1785949253-44.pdf,2026/2026-08-06/dekalb/1785949253-44.pdf,"election date taken from a bare date on the page, not from an 'Election Date' label; the page states none; no status wording readable in the document; offices not enumerated; requires a full parse of the document"
TN,Dickson,results,document,2026-08-06,primary+general,unknown,pdf,unknown,unknown,47043,https://www.dicksoncountyelection.com/home/index.php/download_file/view/227/164/,2026-09-16,6ea1007694238283e560aa0629a49eb0ef96f0691c88509564efe5ca74cf6332,103,Dickson-County-State-Primary-County-General-Aug-6-2026-Pr.pdf,2026/2026-08-06/dickson/Dickson-County-State-Primary-County-General-Aug-6-2026-Pr.pdf,"election date taken from a bare date on the page, not from an 'Election Date' label; the page states none; status DOWNGRADED: the filename says 'Dickson County State Primary & County General Aug 6, 2026 Pr' but the document's first page yields no text by any means, so nothing in the document supports it; no status wording readable in the document; offices not enumerated; requires a full parse of the document"
TN,Dickson,results,document,2026-08-06,primary+general,unknown,pdf,unknown,unknown,47043,https://www.dicksoncountyelection.com/home/index.php/download_file/view/226/164/,2026-09-16,8a7878c078e7f30fda3991368999c671845549006b798ea51c1fc1363b664714,12,Dickson-County-State-Primary-County-General-Aug-6-2026-Su.pdf,2026/2026-08-06/dickson/Dickson-County-State-Primary-County-General-Aug-6-2026-Su.pdf,"election date taken from a bare date on the page, not from an 'Election Date' label; the page states none; status DOWNGRADED: the filename says 'Dickson County State Primary & County General Aug 6, 2026 Su' but the document's first page yields no text by any means, so nothing in the document supports it; no status wording readable in the document; offices not enumerated; requires a full parse of the document"
TN,Dyer,results,document,2026-08-06,primary+general,unknown,pdf,unknown,unknown,47045,https://irp.cdn-website.com/564557c6/files/uploaded/doc00485220260812140022.pdf,2026-09-15,eff003c31bd8f1313baea50ab7a2848f7a0aeed0bed40e15e656d13870773cae,83,doc00485220260812140022.pdf,2026/2026-08-06/dyer/doc00485220260812140022.pdf,"election date taken from a bare date on the page, not from an 'Election Date' label; the page states none; no status wording readable in the document; offices not enumerated; requires a full parse of the document; scanned, no text layer"
TN,Fayette,results,document,2026-08-06,primary+general,unknown,pdf,unknown,unknown,47047,https://fayettetn.us/wp-content/uploads/2026/08/01-20West20Somerville-compressed.pdf,2026-09-15,f959fbf16278b24a2841ca303ac9901379fdb748b5189a846819036d1d256fd1,4,01-20West20Somerville-compressed.pdf,2026/2026-08-06/fayette/01-20West20Somerville-compressed.pdf,no status wording readable in the document; offices not enumerated; requires a full parse of the document
TN,Fayette,results,document,2026-08-06,primary+general,unknown,pdf,unknown,unknown,47047,https://fayettetn.us/wp-content/uploads/2026/08/02-20Fayette20Corner-compressed.pdf,2026-09-15,918d2c875981d93177265a5d554351decf653d4691d652d7b58f01fd8b62ceba,4,02-20Fayette20Corner-compressed.pdf,2026/2026-08-06/fayette/02-20Fayette20Corner-compressed.pdf,no status wording readable in the document; offices not enumerated; requires a full parse of the document
TN,Fayette,results,document,2026-08-06,primary+general,unknown,pdf,unknown,unknown,47047,https://fayettetn.us/wp-content/uploads/2026/08/03-20Garnett-compressed.pdf,2026-09-15,bc48f94029f05ae4b1bef2f97124ff56a5a5d4d566eebb70ead95451e6bf96eb,4,03-20Garnett-compressed.pdf,2026/2026-08-06/fayette/03-20Garnett-compressed.pdf,no status wording readable in the document; offices not enumerated; requires a full parse of the document
TN,Fayette,results,document,2026-08-06,primary+general,unknown,pdf,unknown,unknown,47047,https://fayettetn.us/wp-content/uploads/2026/08/04-20Braden-compressed.pdf,2026-09-15,6330f8d73097533522c7bedd14701fa34bb4ff0963dc37f6fdf3b8c5eacadf8b,4,04-20Braden-compressed.pdf,2026/2026-08-06/fayette/04-20Braden-compressed.pdf,no status wording readable in the document; offices not enumerated; requires a full parse of the document
TN,Fayette,results,document,2026-08-06,primary+general,unknown,pdf,unknown,unknown,47047,https://fayettetn.us/wp-content/uploads/2026/08/05-20Gallaway-compressed.pdf,2026-09-15,da0a1cbb242ea288f4a1b03fc17b092331aae7c9636cbedab72e067365c2785d,4,05-20Gallaway-compressed.pdf,2026/2026-08-06/fayette/05-20Gallaway-compressed.pdf,"election date taken from a bare date on the page, not from an 'Election Date' label; the page states none; no status wording readable in the document; offices not enumerated; requires a full parse of the document"
TN,Fayette,results,document,2026-08-06,primary+general,unknown,pdf,unknown,unknown,47047,https://fayettetn.us/wp-content/uploads/2026/08/06-20North20Oakland-compressed.pdf,2026-09-15,63c2fecf6f0b15fed948995aae4cf9783ef0206f38772d16060f2479b0cef27f,4,06-20North20Oakland-compressed.pdf,2026/2026-08-06/fayette/06-20North20Oakland-compressed.pdf,"election date taken from a bare date on the page, not from an 'Election Date' label; the page states none; no status wording readable in the document; offices not enumerated; requires a full parse of the document"
TN,Fayette,results,document,2026-08-06,primary+general,unknown,pdf,unknown,unknown,47047,https://fayettetn.us/wp-content/uploads/2026/08/07-20Hickory20Withe-compressed.pdf,2026-09-15,5c9978ad34c8d37eaae4941121d3254946b4d2403c684251a66d2930d1e261ac,4,07-20Hickory20Withe-compressed.pdf,2026/2026-08-06/fayette/07-20Hickory20Withe-compressed.pdf,no status wording readable in the document; offices not enumerated; requires a full parse of the document
TN,Fayette,results,document,2026-08-06,primary+general,unknown,pdf,unknown,unknown,47047,https://fayettetn.us/wp-content/uploads/2026/08/08-20Elba-compressed.pdf,2026-09-15,4fb7f9fdae18f7c6f7ef257c89ece9a7832c3304113935148ffa21f8a377a556,4,08-20Elba-compressed.pdf,2026/2026-08-06/fayette/08-20Elba-compressed.pdf,no status wording readable in the document; offices not enumerated; requires a full parse of the document
TN,Fayette,results,document,2026-08-06,primary,unknown,pdf,unknown,unknown,47047,https://fayettetn.us/wp-content/uploads/2026/08/09-Piperton-compressedC2A028129.pdf,2026-09-15,e0efd885d0a4d5fc1bcc53a8fcc66b2d9e9806f53f8d1931ff169611df574c2e,4,09-Piperton-compressedC2A028129.pdf,2026/2026-08-06/fayette/09-Piperton-compressedC2A028129.pdf,no status wording readable in the document; offices not enumerated; requires a full parse of the document
TN,Fayette,results,document,2026-08-06,primary+general,unknown,pdf,unknown,unknown,47047,https://fayettetn.us/wp-content/uploads/2026/08/10-20Rossville-compressed.pdf,2026-09-15,0ac619cdf7c7d20f0552f01852b8bda7428acf3275d01309c7b7e60bd04b1480,4,10-20Rossville-compressed.pdf,2026/2026-08-06/fayette/10-20Rossville-compressed.pdf,"election date taken from a bare date on the page, not from an 'Election Date' label; the page states none; no status wording readable in the document; offices not enumerated; requires a full parse of the document"
TN,Fayette,results,document,2026-08-06,primary+general,unknown,pdf,unknown,unknown,47047,https://fayettetn.us/wp-content/uploads/2026/08/11-20Macon-compressed.pdf,2026-09-15,e83dda96aeb05eac7d2d731ffd13cf784e6db737e25d44fb2860140678207c01,4,11-20Macon-compressed.pdf,2026/2026-08-06/fayette/11-20Macon-compressed.pdf,"election date taken from a bare date on the page, not from an 'Election Date' label; the page states none; no status wording readable in the document; offices not enumerated; requires a full parse of the document"
TN,Fayette,results,document,2026-08-06,primary+general,unknown,pdf,unknown,unknown,47047,https://fayettetn.us/wp-content/uploads/2026/08/12-20Williston-compressed.pdf,2026-09-15,0d9c0ca18ae1c5a2b0735c3ef3d77258013bd7506fb3bc6f23b6ebf38da3ebcf,4,12-20Williston-compressed.pdf,2026/2026-08-06/fayette/12-20Williston-compressed.pdf,no status wording readable in the document; offices not enumerated; requires a full parse of the document
TN,Fayette,results,document,2026-08-06,primary+general,unknown,pdf,unknown,unknown,47047,https://fayettetn.us/wp-content/uploads/2026/08/13-20Moscow-compressed.pdf,2026-09-15,9e18acbfa89b1beaa0965b222ebd54bc596729274557bad7dcf1b9861700641e,4,13-20Moscow-compressed.pdf,2026/2026-08-06/fayette/13-20Moscow-compressed.pdf,no status wording readable in the document; offices not enumerated; requires a full parse of the document
TN,Fayette,results,document,2026-08-06,primary+general,unknown,pdf,unknown,unknown,47047,https://fayettetn.us/wp-content/uploads/2026/08/14-20Parks-compressed.pdf,2026-09-15,194764125ecc24c84c86703a16665bee6e06abfa0aa2664a47f6e6ba0c24e3a8,4,14-20Parks-compressed.pdf,2026/2026-08-06/fayette/14-20Parks-compressed.pdf,no status wording readable in the document; offices not enumerated; requires a full parse of the document
TN,Fayette,results,document,2026-08-06,primary+general,unknown,pdf,unknown,unknown,47047,https://fayettetn.us/wp-content/uploads/2026/08/15-20Lagrange-compressed.pdf,2026-09-15,e6143ba675d6b6e1f2b51ac06d6e6d3424d87925f5b706e83b83606d4f4ef958,4,15-20Lagrange-compressed.pdf,2026/2026-08-06/fayette/15-20Lagrange-compressed.pdf,no status wording readable in the document; offices not enumerated; requires a full parse of the document
TN,Fayette,results,document,2026-08-06,primary+general,unknown,pdf,unknown,unknown,47047,https://fayettetn.us/wp-content/uploads/2026/08/16-20South20Oakland-compressed.pdf,2026-09-15,4670b5360d7e7dc85e26c40fbe00105935035b7ca43cff6efc26edc210098771,4,16-20South20Oakland-compressed.pdf,2026/2026-08-06/fayette/16-20South20Oakland-compressed.pdf,no status wording readable in the document; offices not enumerated; requires a full parse of the document
TN,Fayette,results,document,2026-08-06,primary+general,unknown,pdf,unknown,unknown,47047,https://fayettetn.us/wp-content/uploads/2026/08/17-20Feathers20Chapel-compressed.pdf,2026-09-15,76dc14b95bc9efa50d6f6b008d9782acf3ae627a2f2390e4e20f9fa55ca6301b,4,17-20Feathers20Chapel-compressed.pdf,2026/2026-08-06/fayette/17-20Feathers20Chapel-compressed.pdf,no status wording readable in the document; offices not enumerated; requires a full parse of the document
TN,Fayette,results,document,2026-08-06,primary+general,unknown,pdf,unknown,unknown,47047,https://fayettetn.us/wp-content/uploads/2026/08/18-20East20Somerville-compressed.pdf,2026-09-15,cf1a64f81cfb06fe519959a91c0d4130d61daf6524715c18d5696d0ed80f84d3,4,18-20East20Somerville-compressed.pdf,2026/2026-08-06/fayette/18-20East20Somerville-compressed.pdf,no status wording readable in the document; offices not enumerated; requires a full parse of the document
TN,Fayette,results,document,2026-08-06,primary+general,unknown,pdf,unknown,unknown,47047,https://fayettetn.us/wp-content/uploads/2026/08/Early2020Absentee-compressed.pdf,2026-09-15,0f813b67998a6b79f66032f47fb2b85bd961938cff8909aa024ff8e1ecaf793f,6,Early2020Absentee-compressed.pdf,2026/2026-08-06/fayette/Early2020Absentee-compressed.pdf,no status wording readable in the document; offices not enumerated; requires a full parse of the document
TN,Fayette,results,document,2026-08-06,primary+general,unknown,pdf,unknown,unknown,47047,https://fayettetn.us/wp-content/uploads/2026/08/Early20Voting-compressed.pdf,2026-09-15,a6760c52af80d52df779ce6a983bd2d833cc206668471f4585fa32724c2d1475,6,Early20Voting-compressed.pdf,2026/2026-08-06/fayette/Early20Voting-compressed.pdf,no status wording readable in the document; offices not enumerated; requires a full parse of the document
TN,Fayette,results,document,2026-08-06,primary+general,unknown,pdf,unknown,unknown,47047,https://fayettetn.us/wp-content/uploads/2026/08/Totals-compressed.pdf,2026-09-15,754a725993473b07d12c76af5c73838375b9d28cd31351584c4f68c619a41528,6,Totals-compressed.pdf,2026/2026-08-06/fayette/Totals-compressed.pdf,no status wording readable in the document; offices not enumerated; requires a full parse of the document
TN,Franklin,results,document,2026-08-06,primary+general,unknown,pdf,unknown,unknown,47051,https://franklincotn.us/uploads/Alto%20Oak%20Grove.pdf,2026-09-16,457ab38d8a28c3db5ea164dd20a950f02dfcfbd1066da1bc5778f99c00348c6a,4,Alto-Oak-Grove.pdf,2026/2026-08-06/franklin/Alto-Oak-Grove.pdf,no status wording readable in the document; offices not enumerated; requires a full parse of the document
TN,Franklin,results,document,2026-08-06,primary+general,unknown,pdf,unknown,unknown,47051,https://franklincotn.us/uploads/Belvidere.pdf,2026-09-16,fa11e5b2c83cf591e49ad3addd28f34ea2c127f174e0a49ee9b5fedde53a4ce1,4,Belvidere.pdf,2026/2026-08-06/franklin/Belvidere.pdf,no status wording readable in the document; offices not enumerated; requires a full parse of the document
TN,Franklin,results,document,2026-08-06,primary+general,unknown,pdf,unknown,unknown,47051,https://franklincotn.us/uploads/Broadview.pdf,2026-09-16,9e47c736ba548f4318cb8d96381beb1a6338080d680b862e5d97d582afc48688,4,Broadview.pdf,2026/2026-08-06/franklin/Broadview.pdf,no status wording readable in the document; offices not enumerated; requires a full parse of the document
TN,Franklin,results,document,2026-08-06,primary+general,unknown,pdf,unknown,unknown,47051,https://franklincotn.us/uploads/Capitol%20Hill.pdf,2026-09-16,ff62edc064e57fc6ddcd59bb0f396963ccedddad7780037a9a8ecb180db6d27b,4,Capitol-Hill.pdf,2026/2026-08-06/franklin/Capitol-Hill.pdf,no status wording readable in the document; offices not enumerated; requires a full parse of the document
TN,Franklin,results,document,2026-08-06,primary+general,unknown,pdf,unknown,unknown,47051,https://franklincotn.us/uploads/Center%20Grove%20%20Winchester%20Springs.pdf,2026-09-16,014c75ae805bb8abe85a046453c6643dcb4f4265dcbeff6abe3152b350493ed0,4,Center-Grove-Winchester-Springs.pdf,2026/2026-08-06/franklin/Center-Grove-Winchester-Springs.pdf,no status wording readable in the document; offices not enumerated; requires a full parse of the document
TN,Franklin,results,document,2026-08-06,primary+general,unknown,pdf,unknown,unknown,47051,https://franklincotn.us/uploads/Clark%20Memorial.pdf,2026-09-16,683782a5df94d328ee1984544a16d9dd67eb18abfa5a2f3cd8334528e7b60901,4,Clark-Memorial.pdf,2026/2026-08-06/franklin/Clark-Memorial.pdf,no status wording readable in the document; offices not enumerated; requires a full parse of the document
TN,Franklin,results,document,2026-08-06,primary+general,unknown,pdf,unknown,unknown,47051,https://franklincotn.us/uploads/Cowan.pdf,2026-09-16,a2bbd10e117a5b8ac1003acf20ac633d30e8f53092b591d5c0fc0046f2635cb1,4,Cowan.pdf,2026/2026-08-06/franklin/Cowan.pdf,"election date taken from a bare date on the page, not from an 'Election Date' label; the page states none; no status wording readable in the document; offices not enumerated; requires a full parse of the document"
TN,Franklin,results,document,2026-08-06,primary+general,unknown,pdf,unknown,unknown,47051,https://franklincotn.us/uploads/Decherd.pdf,2026-09-16,9c3ee6b294a1b38012323e5f782af3b4ebd7e34f8ae62a2ece77c6e28bc2b04a,4,Decherd.pdf,2026/2026-08-06/franklin/Decherd.pdf,no status wording readable in the document; offices not enumerated; requires a full parse of the document
TN,Franklin,results,document,2026-08-06,primary+general,unknown,pdf,unknown,unknown,47051,https://franklincotn.us/uploads/Franklin%20County%20Annex.pdf,2026-09-16,7af476d5016e3c997796e5a596dff7155ab6618701bfa12255dc369c4f342a67,4,Franklin-County-Annex.pdf,2026/2026-08-06/franklin/Franklin-County-Annex.pdf,no status wording readable in the document; offices not enumerated; requires a full parse of the document
TN,Franklin,results,document,2026-08-06,primary+general,unknown,pdf,unknown,unknown,47051,https://franklincotn.us/uploads/Huntland.pdf,2026-09-16,192c3047039a2c404b8702b64577aeb70ff4b8a82eb7bb775f7cb6c0d66e9800,4,Huntland.pdf,2026/2026-08-06/franklin/Huntland.pdf,no status wording readable in the document; offices not enumerated; requires a full parse of the document
TN,Franklin,results,document,2026-08-06,primary+general,unknown,pdf,unknown,unknown,47051,https://franklincotn.us/uploads/Keith%20Springs.pdf,2026-09-16,b9c9fedb26089bc1c21eaaa7bd115d619cd31421401281c1382eb064e66eaff0,4,Keith-Springs.pdf,2026/2026-08-06/franklin/Keith-Springs.pdf,no status wording readable in the document; offices not enumerated; requires a full parse of the document
TN,Franklin,results,document,2026-08-06,primary+general,unknown,pdf,unknown,unknown,47051,https://franklincotn.us/uploads/North%20Lake.pdf,2026-09-16,12f3be0cc90a227e07779e8a7d116da38f49296d146050e0bc2146926896c5fc,5,North-Lake.pdf,2026/2026-08-06/franklin/North-Lake.pdf,no status wording readable in the document; offices not enumerated; requires a full parse of the document
TN,Franklin,results,document,2026-08-06,primary+general,unknown,pdf,unknown,unknown,47051,https://franklincotn.us/uploads/Sewanee.pdf,2026-09-16,4294bb57a790015fc40333981f6ab52c8295af102a28b0a65b29620c4b400946,4,Sewanee.pdf,2026/2026-08-06/franklin/Sewanee.pdf,no status wording readable in the document; offices not enumerated; requires a full parse of the document
TN,Franklin,results,document,2026-08-06,primary+general,unknown,pdf,unknown,unknown,47051,https://franklincotn.us/uploads/Sherwood.pdf,2026-09-16,44798287c677fd8f666fb749b0f6e761bdd553e3dc9d260a86b040b14ed0fe0a,4,Sherwood.pdf,2026/2026-08-06/franklin/Sherwood.pdf,no status wording readable in the document; offices not enumerated; requires a full parse of the document
TN,Franklin,results,document,2026-08-06,primary+general,unknown,pdf,unknown,unknown,47051,https://franklincotn.us/uploads/Summary.pdf,2026-09-16,08b375afcaf71ec2e7dd0e772a5423747c84be9ae6566a296cfe88104ac9fe7b,7,Summary.pdf,2026/2026-08-06/franklin/Summary.pdf,no status wording readable in the document; offices not enumerated; requires a full parse of the document
TN,Franklin,results,document,2026-08-06,primary+general,unknown,pdf,unknown,unknown,47051,https://franklincotn.us/uploads/UTSI.pdf,2026-09-16,927e0bd9529a443509ef488ddf660e26e2df6988dd3142dac7238aea30d553b3,5,UTSI.pdf,2026/2026-08-06/franklin/UTSI.pdf,no status wording readable in the document; offices not enumerated; requires a full parse of the document
TN,Franklin,results,document,2026-08-06,primary+general,unknown,pdf,unknown,unknown,47051,https://franklincotn.us/uploads/Walnut%20Grove.pdf,2026-09-16,514aa62991585b2a180f81d2be52e3e5ca73dd12fda8b302faa23b64aac8bae4,4,Walnut-Grove.pdf,2026/2026-08-06/franklin/Walnut-Grove.pdf,"election date taken from a bare date on the page, not from an 'Election Date' label; the page states none; no status wording readable in the document; offices not enumerated; requires a full parse of the document"
TN,Franklin,results,document,2026-08-06,primary+general,unknown,pdf,unknown,unknown,47051,https://franklincotn.us/uploads/election_commission_80_3703269086.pdf,2026-09-15,6cf237d308b0a058f2feffa58b521ff6356a9c36e8fa3b6135fbe6f4018b1772,4,election_commission_80_3703269086.pdf,2026/2026-08-06/franklin/election_commission_80_3703269086.pdf,no status wording readable in the document; offices not enumerated; requires a full parse of the document
TN,Franklin,results,document,2026-08-06,primary+general,unknown,pdf,unknown,unknown,47051,https://franklincotn.us/uploads/liberty.pdf,2026-09-16,fa31ff3ce05d3dbb91f94d4a1bdacffa52f70093866c9429d21d48754687c417,4,liberty.pdf,2026/2026-08-06/franklin/liberty.pdf,no status wording readable in the document; offices not enumerated; requires a full parse of the document
TN,Gibson,results,document,2026-08-06,primary+general,unknown,pdf,unknown,unknown,47053,https://irp.cdn-website.com/f769257e/files/uploaded/08+06+2026+results+Gibson+Co.pdf,2026-09-16,c915d372acbd2b7b4645a36ec68565b98655127d51d213d51e72f8e81363d6ed,8,08-06-2026-results-Gibson-Co.pdf,2026/2026-08-06/gibson/08-06-2026-results-Gibson-Co.pdf,"election date taken from a bare date on the page, not from an 'Election Date' label; the page states none; no status wording readable in the document; offices not enumerated; requires a full parse of the document; scanned, no text layer"
TN,Gibson,results,document,2026-08-06,primary+general,unknown,pdf,unknown,unknown,47053,https://irp.cdn-website.com/f769257e/files/uploaded/August+6-+2026+Precinct+results.pdf,2026-09-16,f4bc844f9b6c98f6b1936e6a8ac0a52cde4e3923b34b18120c236a1c335dc2f5,103,August-6--2026-Precinct-results.pdf,2026/2026-08-06/gibson/August-6--2026-Precinct-results.pdf,"election date taken from a bare date on the page, not from an 'Election Date' label; the page states none; no status wording readable in the document; offices not enumerated; requires a full parse of the document; scanned, no text layer"
TN,Grainger,results,document,2026-08-06,primary+general,unknown,pdf,unknown,unknown,47057,http://www.graingervotes.com/wp-content/uploads/2026/08/AUGUST2026RESULTS.FINAL_.pdf,2026-09-16,7b437ac503e52cc9abda76cea3da5408c085bbb042cf632a7bf5d50480ad2f24,9,AUGUST2026RESULTS.FINAL_.pdf,2026/2026-08-06/grainger/AUGUST2026RESULTS.FINAL_.pdf,"election date taken from a bare date on the page, not from an 'Election Date' label; the page states none; status DOWNGRADED: the filename says 'AUGUST2026RESULTS.FINAL_.pdf' but the document's first page yields no text by any means, so nothing in the document supports it; no status wording readable in the document; offices not enumerated; requires a full parse of the document"
TN,Greene,results,document,2026-08-06,primary,unknown,pdf,unknown,unknown,47059,https://bisgreengovprd.wpenginepowered.com/wp-content/uploads/2026/08/Results-August-6-2026-Election.pdf,2026-09-16,0b0c6d760b5cad3b031dae944b8383d31362dba57f1cc98037fa46a729a90fa6,55,Results-August-6-2026-Election.pdf,2026/2026-08-06/greene/Results-August-6-2026-Election.pdf,"election date taken from a bare date on the page, not from an 'Election Date' label; the page states none; no status wording readable in the document; offices not enumerated; requires a full parse of the document; scanned, no text layer"
TN,Hamilton,results,document,2026-08-06,general,unknown,txt,unknown,unknown,47065,https://raw.githubusercontent.com/hamcoec-dot/2608-OfficialResults/main/data/2026-08-06%20State%20Primary%20DETAILED%20with%20PROV.CSV,2026-09-16,b07ff654bd2ff047bff03263c4bc601055ed33a963a93a92cd6dff3f93a5330d,unknown,2026-08-06-State-Primary-DETAILED-with-PROV.txt,2026/2026-08-06/hamilton/2026-08-06-State-Primary-DETAILED-with-PROV.txt,no status wording readable in the document; offices not enumerated; requires a full parse of the document
TN,Hardin,results,document,2026-08-06,primary+general,unknown,pdf,official_claimed,unknown,47071,https://www.hardincoelections.com/wp-content/uploads/2026/08/Aug-26-Official-Results.pdf,2026-09-15,e1aa86f0c7000d9d49268bf184b0ba87acbc4e9c2deac0f945c90c11694013e4,11,Aug-26-Official-Results.pdf,2026/2026-08-06/hardin/Aug-26-Official-Results.pdf,"election date taken from a bare date on the page, not from an 'Election Date' label; the page states none; status is the DOCUMENT's own claim, read from its first page; no certification document is held; offices not enumerated; requires a full parse of the document"
TN,Hardin,not-results,document,2026-08-06,n/a,unknown,pdf,n/a,unknown,47071,https://www.hardincoelections.com/wp-content/uploads/2026/08/Daily-Tally-Sheet-August-6-2026.pdf,2026-09-15,dc5e01a4c5cd547028d577c705fc50fa75ee8399f40b145f210a9c0c59f14656,1,Daily-Tally-Sheet-August-6-2026.pdf,2026/2026-08-06/hardin/Daily-Tally-Sheet-August-6-2026.pdf,"NOT a results document; published because the county did, and marked so; election date taken from a bare date on the page, not from an 'Election Date' label; the page states none; offices not enumerated; requires a full parse of the document"
TN,Haywood,results,document,2026-08-06,primary+general,unknown,pdf,election_night,unknown,47075,https://haywoodvotes.com/wp-content/uploads/2026/08/Precinct-Results-8-7-2026-11-19-31-AM.pdf,2026-09-15,97c078fc742a0b6b77fc26d114e3a5b073d7bbb35a20189fc605d3691a4d8a7a,90,Precinct-Results-8-7-2026-11-19-31-AM.pdf,2026/2026-08-06/haywood/Precinct-Results-8-7-2026-11-19-31-AM.pdf,"election date taken from a bare date on the page, not from an 'Election Date' label; the page states none; offices not enumerated; requires a full parse of the document"
TN,Haywood,results,document,2026-08-06,primary+general,unknown,pdf,election_night,unknown,47075,https://haywoodvotes.com/wp-content/uploads/2026/08/unofficial-final-results.pdf,2026-09-15,4231c8b493edf4c0f3b5e94506972b71f9ca41cc1aaffac347acc98f740983dd,14,unofficial-final-results.pdf,2026/2026-08-06/haywood/unofficial-final-results.pdf,"election date taken from a bare date on the page, not from an 'Election Date' label; the page states none; offices not enumerated; requires a full parse of the document"
TN,Henry,results,document,2026-08-06,primary+general,unknown,pdf,unknown,unknown,47079,https://irp.cdn-website.com/76eef5f7/files/uploaded/Aug2026.pdf,2026-09-15,f75a3611536c6c798d51082abafefb9315dc17e2804e0ef933f1269a398a50e8,6,Aug2026.pdf,2026/2026-08-06/henry/Aug2026.pdf,no status wording readable in the document; offices not enumerated; requires a full parse of the document
TN,Henry,results,document,2026-08-06,primary+general,unknown,pdf,unknown,unknown,47079,https://irp.cdn-website.com/76eef5f7/files/uploaded/Aug2026PRECINTSUMMARY.pdf,2026-09-16,448764f53270ff5b1a7538996ed3b2786c0c0037d29a3f9afc65f170356d01a5,41,Aug2026PRECINTSUMMARY.pdf,2026/2026-08-06/henry/Aug2026PRECINTSUMMARY.pdf,no status wording readable in the document; offices not enumerated; requires a full parse of the document
TN,Hickman,results,document,2026-08-06,primary+general,unknown,pdf,election_night,unknown,47081,https://hickmancountytn.gov/images/uploads/portal_files/Precinct_Results-8-7-2026_09-22-51_AM.pdf,2026-09-15,d2bc15315e94283a5b02d5c4b7b57345be3acb800584f45259b18aca568837f1,84,Precinct_Results-8-7-2026_09-22-51_AM.pdf,2026/2026-08-06/hickman/Precinct_Results-8-7-2026_09-22-51_AM.pdf,"election date taken from a bare date on the page, not from an 'Election Date' label; the page states none; offices not enumerated; requires a full parse of the document"
TN,Humphreys,results,document,2026-08-06,primary+general,unknown,pdf,election_night,unknown,47085,https://img1.wsimg.com/blobby/go/43e686d1-1a4d-486c-be71-5b118419da12/downloads/ffbd5fbb-0866-44dd-b208-46d0a714e3d2/August%206%2C%202026%20Election%20Results.pdf?ver=1786964422291,2026-09-16,02fdee7020b1aedbe59196bfab0a8e60f5f4826e535cc6b3df6013b884c5bb90,7,August-6-2026-Election-Results.pdf,2026/2026-08-06/humphreys/August-6-2026-Election-Results.pdf,"election date taken from a bare date on the page, not from an 'Election Date' label; the page states none; offices not enumerated; requires a full parse of the document; scanned, no text layer"
TN,Jackson,results,document,2026-08-06,primary+general,unknown,pdf,unknown,unknown,47087,https://jacksoncountytn.gov/uploads/election-commission/pdf_embed/1-2-jackson-county-election-commission-08-06-26.pdf,2026-09-16,93946e0d69dee930ac5bb9d209a75a5ae2260ba1475aa844359648f111e01be0,4,1-2-jackson-county-election-commission-08-06-26.pdf,2026/2026-08-06/jackson/1-2-jackson-county-election-commission-08-06-26.pdf,"election date taken from a bare date on the page, not from an 'Election Date' label; the page states none; no status wording readable in the document; offices not enumerated; requires a full parse of the document; scanned, no text layer"
TN,Jackson,results,document,2026-08-06,primary,unknown,pdf,certified_claimed,unknown,47087,https://jacksoncountytn.gov/uploads/election-commission/pdf_embed/certified-election-results-08062026.pdf,2026-09-16,3861a7cf01ee6f571675a9ff7667459438d218c63af4b9e6890682ffa32f69ac,44,certified-election-results-08062026.pdf,2026/2026-08-06/jackson/certified-election-results-08062026.pdf,"election date taken from a bare date on the page, not from an 'Election Date' label; the page states none; status is the DOCUMENT's own claim, read from its first page; no certification document is held; offices not enumerated; requires a full parse of the document; scanned, no text layer"
TN,Jackson,results,document,2026-08-06,primary+general,unknown,pdf,unknown,unknown,47087,https://jacksoncountytn.gov/uploads/election-commission/pdf_embed/ev-abs-08062026.pdf,2026-09-16,3a388dbe99466ac9aee3588142b3a7047c7209c4723135d214238c3cc0a53092,6,ev-abs-08062026.pdf,2026/2026-08-06/jackson/ev-abs-08062026.pdf,"election date taken from a bare date on the page, not from an 'Election Date' label; the page states none; no status wording readable in the document; offices not enumerated; requires a full parse of the document; scanned, no text layer"
TN,Jefferson,results,document,2026-08-06,primary,unknown,pdf,unknown,unknown,47089,https://jeffersoncountytn.gov/wp-content/uploads/2026/08/official-results.pdf,2026-09-15,ccab9087f73ab4c630abc5fc297ef6dfe801e3507affeb670662357ab520a977,10,official-results.pdf,2026/2026-08-06/jefferson/official-results.pdf,"election date taken from a bare date on the page, not from an 'Election Date' label; the page states none; no status wording readable in the document; offices not enumerated; requires a full parse of the document; scanned, no text layer"
TN,Johnson,results,document,2026-08-06,primary,unknown,pdf,unknown,unknown,47091,https://img1.wsimg.com/blobby/go/912cbbed-783e-416f-a869-13037d143c49/JohnsonCountyPrecinctTotals.pdf,2026-09-16,7abe32f7e163dc136f66aa7562a4606b2f26dd2d95f63ab7c9b40b00391c5eec,31,JohnsonCountyPrecinctTotals.pdf,2026/2026-08-06/johnson/JohnsonCountyPrecinctTotals.pdf,"election date taken from a bare date on the page, not from an 'Election Date' label; the page states none; no status wording readable in the document; offices not enumerated; requires a full parse of the document"
TN,Knox,results,document,2026-08-06,primary+general,unknown,pdf,unknown,unknown,47093,https://knoxcounty.org/election/archive/2026-08-06/cumulative.pdf,2026-09-16,e6473ee2e917889e28889b05512e8a55ac4ea79cb196765c6a1035d13a2e004e,27,cumulative.pdf,2026/2026-08-06/knox/cumulative.pdf,"election date taken from a bare date on the page, not from an 'Election Date' label; the page states none; status DOWNGRADED: the filename says 'Count_CumulativeReport 8/6/2026' but the document's first page yields no text by any means, so nothing in the document supports it; no status wording readable in the document; offices not enumerated; requires a full parse of the document"
TN,Knox,results,document,2026-08-06,primary+general,unknown,pdf,unknown,unknown,47093,https://knoxcounty.org/election/archive/2026-08-06/precinct.pdf,2026-09-16,5b7be5ed166cb6303b3be1eeab48fa05a5bf0dfc41b6bec6fc1537e42afd1def,1060,precinct.pdf,2026/2026-08-06/knox/precinct.pdf,"election date taken from a bare date on the page, not from an 'Election Date' label; the page states none; status DOWNGRADED: the filename says 'Count_PrecinctResults 8/6/2026' but the document's first page yields no text by any means, so nothing in the document supports it; no status wording readable in the document; offices not enumerated; requires a full parse of the document"
TN,Lauderdale,results,document,2026-08-06,primary+general,unknown,pdf,unknown,unknown,47097,https://www.lauderdaletnelections.com/wp-content/uploads/2026/08/Final-results.pdf,2026-09-16,07bd21efdf34fa9214780922c384a277fbe8d32ee914d8e720e5d716925d305b,6,Final-results.pdf,2026/2026-08-06/lauderdale/Final-results.pdf,"election date taken from a bare date on the page, not from an 'Election Date' label; the page states none; no status wording readable in the document; offices not enumerated; requires a full parse of the document; scanned, no text layer"
TN,Lawrence,results,document,2026-08-06,primary+general,unknown,pdf,unknown,unknown,47099,https://lawrencecountytn.gov/2026/08/11/2026-lawrence-county-tn-election-results/,2026-09-16,b13a8c3a9496b4f96e4a62a6ac60569b819717c64d4d73adf6ff78ab16d65dd8,7,2026-LawCo-General-State-Primary-Election-Results-7-page.pdf,2026/2026-08-06/lawrence/2026-LawCo-General-State-Primary-Election-Results-7-page.pdf,"election date taken from a bare date on the page, not from an 'Election Date' label; the page states none; no status wording readable in the document; offices not enumerated; requires a full parse of the document; scanned, no text layer"
TN,Lewis,results,document,2026-08-06,primary+general,unknown,pdf,unknown,unknown,47101,https://img1.wsimg.com/blobby/go/43a9b6a0-68b8-4a56-8e2b-8e3f105bb3c0/downloads/965600f0-3190-4b20-8c45-573aa16e3402/unofficial%20election%20results%202026%20state%20Primary.pdf?ver=1786715635022,2026-09-16,729aabeafa3267fc0b0fc37026dd56cb053ab17914b9074e9417e54d9966d4f0,72,unofficial-election-results-2026-state-Primary.pdf,2026/2026-08-06/lewis/unofficial-election-results-2026-state-Primary.pdf,"election date taken from a bare date on the page, not from an 'Election Date' label; the page states none; status DOWNGRADED: the filename says 'unofficial%20election%20results%202026%20state%20Primary.pdf' but the document's first page yields no text by any means, so nothing in the document supports it; no status wording readable in the document; offices not enumerated; requires a full parse of the document"
TN,Loudon,results,document,2026-08-06,unknown,unknown,pdf,official_claimed,unknown,47105,https://loudoncountyvotes.com/archives/2026/August_2026_OfficialResults_PrecinctReport.pdf,2026-09-15,3fdfc8a2f7c4989c747ac6d7ae176cb1899ab09c9e7f637b7d369838463e4aa3,178,August_2026_OfficialResults_PrecinctReport.pdf,2026/2026-08-06/loudon/August_2026_OfficialResults_PrecinctReport.pdf,"election date taken from a bare date on the page, not from an 'Election Date' label; the page states none; no election type readable from the document or its label; status is the DOCUMENT's own claim, read from its first page; no certification document is held; offices not enumerated; requires a full parse of the document"
TN,Loudon,results,document,2026-08-06,unknown,unknown,pdf,official_claimed,unknown,47105,https://loudoncountyvotes.com/archives/2026/August_2026_OfficialResults_SummaryReport.pdf,2026-09-15,d8b77a9d07c62a070e52df2ad4f8e310351f89897e8772585ace55e3736e31a6,22,August_2026_OfficialResults_SummaryReport.pdf,2026/2026-08-06/loudon/August_2026_OfficialResults_SummaryReport.pdf,"election date taken from a bare date on the page, not from an 'Election Date' label; the page states none; no election type readable from the document or its label; status is the DOCUMENT's own claim, read from its first page; no certification document is held; offices not enumerated; requires a full parse of the document"
TN,Macon,results,document,2026-08-06,primary+general,unknown,pdf,unknown,unknown,47111,https://cms2.revize.com/revize/maconcountytn/State%20Primary%20County%20General%20August%20Precinct%20Files.pdf?t=202608181007250,2026-09-16,bab24ba3a7e669c366a4322f64d8fe36630b2186051a929b710edf3f84e3d8c2,41,State-Primary-County-General-August-Precinct-Files.pdf,2026/2026-08-06/macon/State-Primary-County-General-August-Precinct-Files.pdf,no status wording readable in the document; offices not enumerated; requires a full parse of the document
TN,Macon,results,document,2026-08-06,primary+general,unknown,pdf,unknown,unknown,47111,"https://cms2.revize.com/revize/maconcountytn/Unofficial%20Results%20August%206,%202026.pdf?t=202608181003310",2026-09-16,e8aa554be7e9a86e6abefc6c5e479bbdf96c96e23e231a600c63fbdc81c780de,6,Unofficial-Results-August-6-2026.pdf,2026/2026-08-06/macon/Unofficial-Results-August-6-2026.pdf,"election date taken from a bare date on the page, not from an 'Election Date' label; the page states none; no status wording readable in the document; offices not enumerated; requires a full parse of the document; scanned, no text layer"
TN,Madison,results,document,2026-08-06,primary+general,unknown,pdf,unknown,unknown,47113,https://madisoncountytn.gov/DocumentCenter/View/18163,2026-09-16,efcb270d015360c0480aaa7d8b164ff14131cb74286baaa0d676f8e539c1e41d,178,18163.pdf,2026/2026-08-06/madison/18163.pdf,"election date taken from a bare date on the page, not from an 'Election Date' label; the page states none; status DOWNGRADED: the filename says '2026 August 6 State and Federal Primary & County General Res' but the document's first page yields no text by any means, so nothing in the document supports it; no status wording readable in the document; offices not enumerated; requires a full parse of the document"
TN,Marion,results,document,2026-08-06,primary+general,unknown,pdf,election_night,unknown,47115,https://marionvotes.com/wp-content/uploads/2026/08/Precinct-Results-8-10-2026-05-37-28-PM.pdf,2026-09-15,167d905a403e2cad7a2178699518af2f47979a6414edbd9c53691a47b611a0b5,136,Precinct-Results-8-10-2026-05-37-28-PM.pdf,2026/2026-08-06/marion/Precinct-Results-8-10-2026-05-37-28-PM.pdf,"election date taken from a bare date on the page, not from an 'Election Date' label; the page states none; offices not enumerated; requires a full parse of the document"
TN,Marshall,results,document,2026-08-06,primary+general,unknown,pdf,unknown,unknown,47117,https://marshallcountytn.gov/a/uploads/140504,2026-09-15,b1f3f77c73c64e00a84a71b1952976fad73db5faf81c4c5e3e875399b5b951e5,6,140504.pdf,2026/2026-08-06/marshall/140504.pdf,no status wording readable in the document; offices not enumerated; requires a full parse of the document
TN,McMinn,results,document,2026-08-06,primary,unknown,pdf,unknown,unknown,47107,https://files.cdn-files-a.com/uploads/3293126/normal_6a8c79bc050e4.pdf,2026-09-16,3aedd45919f02c71877145a49e082053e9f4db8000d91662ac3b0d61c420df26,13,normal_6a8c79bc050e4.pdf,2026/2026-08-06/mcminn/normal_6a8c79bc050e4.pdf,"election date taken from a bare date on the page, not from an 'Election Date' label; the page states none; no status wording readable in the document; offices not enumerated; requires a full parse of the document"
TN,Meigs,results,document,2026-08-06,primary+general,unknown,pdf,unknown,unknown,47121,https://drive.google.com/uc?export=download&id=1QiM2qB-ACE6NKe1HoBjkBUm6cN_N-DWT,2026-09-16,6c4da52be54e98b7a11544c4b28096da1e966549d9f62f8e2977f31d04ead95b,4,Aug-6-2026-CITY-HALL-ELECTION-RESULTS.pdf,2026/2026-08-06/meigs/Aug-6-2026-CITY-HALL-ELECTION-RESULTS.pdf,no status wording readable in the document; offices not enumerated; requires a full parse of the document
TN,Meigs,results,document,2026-08-06,primary+general,unknown,pdf,unknown,unknown,47121,https://drive.google.com/uc?export=download&id=1kup4fRpcpQEX3hoqSRgubY4MgCLjDfz7,2026-09-16,40fd6d9eacb6b28b0ad7ecc3bae939857671e52e3c6fbb5f76d407e2370ffdd7,4,Aug-6-2026-COURTHOUSE-ELECTION-RESULTS.pdf,2026/2026-08-06/meigs/Aug-6-2026-COURTHOUSE-ELECTION-RESULTS.pdf,no status wording readable in the document; offices not enumerated; requires a full parse of the document
TN,Meigs,results,document,2026-08-06,primary+general,unknown,pdf,unknown,unknown,47121,https://drive.google.com/uc?export=download&id=10XbUE7Jfarubi8Q_dXXusl1MRyi2zI8Q,2026-09-16,09e03d7f1dce6fcdca8cf9dd6f533142fc78e8e030548448a70583024d1f3d2e,4,Aug-6-2026-EASTVIEW-ELECTION-RESULTS.pdf,2026/2026-08-06/meigs/Aug-6-2026-EASTVIEW-ELECTION-RESULTS.pdf,no status wording readable in the document; offices not enumerated; requires a full parse of the document
TN,Meigs,results,document,2026-08-06,primary+general,unknown,pdf,unknown,unknown,47121,https://drive.google.com/uc?export=download&id=1CfJxGyMWTjXs0OZNeQVkRZIuc6P3ibQy,2026-09-16,7646a3402ec0e34e9fd6611f8561bf7ee81f9c26b7a8e002578f53b90ba9dede,5,Aug-6-2026-ELECTION-SUMMARY-RESULTS.pdf,2026/2026-08-06/meigs/Aug-6-2026-ELECTION-SUMMARY-RESULTS.pdf,"election date taken from a bare date on the page, not from an 'Election Date' label; the page states none; no status wording readable in the document; offices not enumerated; requires a full parse of the document; scanned, no text layer"
TN,Meigs,results,document,2026-08-06,primary+general,unknown,pdf,unknown,unknown,47121,https://drive.google.com/uc?export=download&id=1qwIAHM4QfAffHuXsZNQKfuwvM4_pNwOv,2026-09-16,e5cbb0e36aa9d57291c4a094bee2ce68303d75966cfc2c6bfc4dcfd7a302720f,4,Aug-6-2026-MEIGS-NORTH-ELECTION-RESULTS.pdf,2026/2026-08-06/meigs/Aug-6-2026-MEIGS-NORTH-ELECTION-RESULTS.pdf,no status wording readable in the document; offices not enumerated; requires a full parse of the document
TN,Meigs,results,document,2026-08-06,primary+general,unknown,pdf,unknown,unknown,47121,https://drive.google.com/uc?export=download&id=1wN_zz8dQybuR7_pY1oNJ6lHDVDm3zQHQ,2026-09-16,e769fa174018d7498a40f892c6edbd8af0022df99ff7c40811cdad20808154b3,4,Aug-6-2026-MEIGS-SOUTH-ELECTION-RESULTS.pdf,2026/2026-08-06/meigs/Aug-6-2026-MEIGS-SOUTH-ELECTION-RESULTS.pdf,"election date taken from a bare date on the page, not from an 'Election Date' label; the page states none; no status wording readable in the document; offices not enumerated; requires a full parse of the document; scanned, no text layer"
TN,Meigs,results,document,2026-08-06,primary+general,unknown,pdf,unknown,unknown,47121,https://drive.google.com/uc?export=download&id=1UEwmJZLPtrtdnpVJfakHQSYwV-uAKzxZ,2026-09-16,a05652907ef68bb49bbff1d53b7865afd9fbcbcc80db8c22311ee0159cfc749d,4,Aug-6-2026-TEN-MILE-ELECTION-RESULTS.pdf,2026/2026-08-06/meigs/Aug-6-2026-TEN-MILE-ELECTION-RESULTS.pdf,no status wording readable in the document; offices not enumerated; requires a full parse of the document
TN,Monroe,results,document,2026-08-06,general,unknown,pdf,unknown,unknown,47123,https://img1.wsimg.com/blobby/go/c12ec801-c11c-4849-b628-aa43ea951c0f/downloads/23c33d7a-0da0-451a-9f84-37a93cbc9b07/8-6-26%20Federal-State%20Primary-County%20General%20El.pdf?ver=1788378476544,2026-09-16,8c89b3f0d76f48940cca9a5a2b5753a15c45c158e4b9dd7c5ac3a5042dd31273,8,8-6-26-Federal-State-Primary-County-General-El.pdf,2026/2026-08-06/monroe/8-6-26-Federal-State-Primary-County-General-El.pdf,"election date taken from a bare date on the page, not from an 'Election Date' label; the page states none; no status wording readable in the document; offices not enumerated; requires a full parse of the document; scanned, no text layer"
TN,Montgomery,results,document,2026-08-06,unknown,unknown,htm,unknown,unknown,47125,https://mcgtn.org/storage/departments/election/election-results/Aug2026/html/Montgomery_PrecSumm_-1.htm,2026-09-16,5337ea09aafe6ee05f9357a5578427040538ff5a9319846e3d3ad2ec8b6de869,unknown,Montgomery_PrecSumm_-1.htm,2026/2026-08-06/montgomery/Montgomery_PrecSumm_-1.htm,"no election type readable from the document or its label; date/type read from the archive LABEL, not from the document, which yields no text by any means; no status wording readable in the document; offices not enumerated; requires a full parse of the document"
TN,Overton,results,document,2026-08-06,primary+general,unknown,pdf,unknown,unknown,47133,https://overtonvotes.com/wp-content/uploads/2026/08/Overton-Precinct.pdf,2026-09-16,5498178bcf0f68f11120e1ba946540d47158d110b3c47611d3a9bad09a075676,36,Overton-Precinct.pdf,2026/2026-08-06/overton/Overton-Precinct.pdf,"election date taken from a bare date on the page, not from an 'Election Date' label; the page states none; no status wording readable in the document; offices not enumerated; requires a full parse of the document; scanned, no text layer"
TN,Overton,results,document,2026-08-06,primary+general,unknown,pdf,unknown,unknown,47133,https://overtonvotes.com/wp-content/uploads/2026/08/Unofficial-Results-August-6-2026-State-Primary-Overton-County-General-Election.pdf,2026-09-16,b8ea45caa3802ee0ef2583956e876600eddfb122c8c21aabece98d85750a0476,5,Unofficial-Results-August-6-2026-State-Primary-Overton-County-General-Election.pdf,2026/2026-08-06/overton/Unofficial-Results-August-6-2026-State-Primary-Overton-County-General-Election.pdf,"no status wording readable in the document; offices not enumerated; requires a full parse of the document; scanned, no text layer"
TN,Perry,results,document,2026-08-06,primary+general,unknown,pdf,unknown,unknown,47135,https://perrycountytn.com/index.php?option=com_edocman&task=document.download&id=7,2026-09-16,05090f3979db9ad09540fd32a6f64c529a3c438746f5835f870a22f045b00da3,6,index.php.pdf,2026/2026-08-06/perry/index.php.pdf,"election date taken from a bare date on the page, not from an 'Election Date' label; the page states none; no status wording readable in the document; offices not enumerated; requires a full parse of the document; scanned, no text layer"
TN,Putnam,results,document,2026-08-06,primary+general,unknown,htm,unknown,unknown,47141,https://putnamcountytn.gov/electionresults/2026-08/,2026-09-16,5f557f435ffd7378344a4029244aff1d03461d7123bb5b1dd3f3d8cfa9de76c6,unknown,Precinct-Summary-directory-listing-21-precinct-files.htm,2026/2026-08-06/putnam/Precinct-Summary-directory-listing-21-precinct-files.htm,no status wording readable in the document; offices not enumerated; requires a full parse of the document
TN,Putnam,results,document,2026-08-06,primary+general,unknown,htm,unknown,unknown,47141,https://putnamcountytn.gov/electionresults/2026-08/Putnam_ElecSumm_All.htm,2026-09-16,f19b6ec5ebef09822bf6c4652c52039fcd7f9f350e39cc11146b8f3a938e79cd,unknown,Putnam_ElecSumm_All.htm,2026/2026-08-06/putnam/Putnam_ElecSumm_All.htm,no status wording readable in the document; offices not enumerated; requires a full parse of the document
TN,Putnam,results,document,2026-08-06,primary+general,unknown,htm,unknown,unknown,47141,https://putnamcountytn.gov/electionresults/2026-08/Putnam_PrecSumm_01.htm,2026-09-16,b8e170b5dd6b2e912722d018126ad7957a112512a34fc9a4f291f871dae3584f,unknown,Putnam_PrecSumm_01.htm,2026/2026-08-06/putnam/Putnam_PrecSumm_01.htm,no status wording readable in the document; offices not enumerated; requires a full parse of the document
TN,Putnam,results,document,2026-08-06,primary+general,unknown,htm,unknown,unknown,47141,https://putnamcountytn.gov/electionresults/2026-08/Putnam_PrecSumm_02.htm,2026-09-16,fac027e21bcc1bc1f83a1da5920b47c8dcc08b4c3f29097422374ff377abc25f,unknown,Putnam_PrecSumm_02.htm,2026/2026-08-06/putnam/Putnam_PrecSumm_02.htm,no status wording readable in the document; offices not enumerated; requires a full parse of the document
TN,Putnam,results,document,2026-08-06,primary+general,unknown,htm,unknown,unknown,47141,https://putnamcountytn.gov/electionresults/2026-08/Putnam_PrecSumm_03.htm,2026-09-16,a5d543b18e4cf51bfa0039f60bb6692aaa288fade6f9e9af47cba296d5ad9585,unknown,Putnam_PrecSumm_03.htm,2026/2026-08-06/putnam/Putnam_PrecSumm_03.htm,no status wording readable in the document; offices not enumerated; requires a full parse of the document
TN,Putnam,results,document,2026-08-06,primary+general,unknown,htm,unknown,unknown,47141,https://putnamcountytn.gov/electionresults/2026-08/Putnam_PrecSumm_04.htm,2026-09-16,bd8216e6bfeba8f1bf36a8e68a3c30fdda5ffaf4ee41207b4dd8bb8520028ad7,unknown,Putnam_PrecSumm_04.htm,2026/2026-08-06/putnam/Putnam_PrecSumm_04.htm,no status wording readable in the document; offices not enumerated; requires a full parse of the document
TN,Putnam,results,document,2026-08-06,primary+general,unknown,htm,unknown,unknown,47141,https://putnamcountytn.gov/electionresults/2026-08/Putnam_PrecSumm_05.htm,2026-09-16,e62cbe5a67f87a2f4d3d0e54aa1c34eadbb0fd4655f8f4c6cd03a1cf7b34a883,unknown,Putnam_PrecSumm_05.htm,2026/2026-08-06/putnam/Putnam_PrecSumm_05.htm,no status wording readable in the document; offices not enumerated; requires a full parse of the document
TN,Putnam,results,document,2026-08-06,primary+general,unknown,htm,unknown,unknown,47141,https://putnamcountytn.gov/electionresults/2026-08/Putnam_PrecSumm_06.htm,2026-09-16,93146d6097ba1477a48ff2ac224a05164783027e375ab746d19387cb617cdb35,unknown,Putnam_PrecSumm_06.htm,2026/2026-08-06/putnam/Putnam_PrecSumm_06.htm,no status wording readable in the document; offices not enumerated; requires a full parse of the document
TN,Putnam,results,document,2026-08-06,primary+general,unknown,htm,unknown,unknown,47141,https://putnamcountytn.gov/electionresults/2026-08/Putnam_PrecSumm_07.htm,2026-09-16,08f278e4016581a36295e25b24a33506d98c6502d7a1a4e06f2d3b753d64e555,unknown,Putnam_PrecSumm_07.htm,2026/2026-08-06/putnam/Putnam_PrecSumm_07.htm,no status wording readable in the document; offices not enumerated; requires a full parse of the document
TN,Putnam,results,document,2026-08-06,primary+general,unknown,htm,unknown,unknown,47141,https://putnamcountytn.gov/electionresults/2026-08/Putnam_PrecSumm_08.htm,2026-09-16,d4a54135403a399d0aa45517b675fcfed4fdc04bd309f2ed438844be1096522c,unknown,Putnam_PrecSumm_08.htm,2026/2026-08-06/putnam/Putnam_PrecSumm_08.htm,no status wording readable in the document; offices not enumerated; requires a full parse of the document
TN,Putnam,results,document,2026-08-06,primary+general,unknown,htm,unknown,unknown,47141,https://putnamcountytn.gov/electionresults/2026-08/Putnam_PrecSumm_09.htm,2026-09-16,769d1e483d5d9b78914ef9d23b951af16f3814facfb1fb36abc6f382db63d79b,unknown,Putnam_PrecSumm_09.htm,2026/2026-08-06/putnam/Putnam_PrecSumm_09.htm,no status wording readable in the document; offices not enumerated; requires a full parse of the document
TN,Putnam,results,document,2026-08-06,primary+general,unknown,htm,unknown,unknown,47141,https://putnamcountytn.gov/electionresults/2026-08/Putnam_PrecSumm_10.htm,2026-09-16,5510959ccf4a085738993565ed51991d1a13ccfe52cca6fffd5cf4988e868855,unknown,Putnam_PrecSumm_10.htm,2026/2026-08-06/putnam/Putnam_PrecSumm_10.htm,no status wording readable in the document; offices not enumerated; requires a full parse of the document
TN,Putnam,results,document,2026-08-06,primary+general,unknown,htm,unknown,unknown,47141,https://putnamcountytn.gov/electionresults/2026-08/Putnam_PrecSumm_11.htm,2026-09-16,f91041a5bbed7a88d1d6968961147c03b8d32d6ebc5199dcbe8fcc1c1e619ec8,unknown,Putnam_PrecSumm_11.htm,2026/2026-08-06/putnam/Putnam_PrecSumm_11.htm,no status wording readable in the document; offices not enumerated; requires a full parse of the document
TN,Putnam,results,document,2026-08-06,primary+general,unknown,htm,unknown,unknown,47141,https://putnamcountytn.gov/electionresults/2026-08/Putnam_PrecSumm_12.htm,2026-09-16,b01a6cf68d9b65aad22528aede83bc526c2a048de995ea56a1e3546892318faf,unknown,Putnam_PrecSumm_12.htm,2026/2026-08-06/putnam/Putnam_PrecSumm_12.htm,no status wording readable in the document; offices not enumerated; requires a full parse of the document
TN,Putnam,results,document,2026-08-06,primary+general,unknown,htm,unknown,unknown,47141,https://putnamcountytn.gov/electionresults/2026-08/Putnam_PrecSumm_13.htm,2026-09-16,3cd6465edf4e5ca15d31602b282f7653ca3a46b8d1cedcff700697e9958e04eb,unknown,Putnam_PrecSumm_13.htm,2026/2026-08-06/putnam/Putnam_PrecSumm_13.htm,no status wording readable in the document; offices not enumerated; requires a full parse of the document
TN,Putnam,results,document,2026-08-06,primary+general,unknown,htm,unknown,unknown,47141,https://putnamcountytn.gov/electionresults/2026-08/Putnam_PrecSumm_14.htm,2026-09-16,5833bc1b6c056830409aa7eaa3284f6cd60e02ac605aa04efdd6a48c77e297e2,unknown,Putnam_PrecSumm_14.htm,2026/2026-08-06/putnam/Putnam_PrecSumm_14.htm,no status wording readable in the document; offices not enumerated; requires a full parse of the document
TN,Putnam,results,document,2026-08-06,primary+general,unknown,htm,unknown,unknown,47141,https://putnamcountytn.gov/electionresults/2026-08/Putnam_PrecSumm_15.htm,2026-09-16,a82074bff29d9cb1d3377a9852c50f569e7a569304183eaadbe642b648200505,unknown,Putnam_PrecSumm_15.htm,2026/2026-08-06/putnam/Putnam_PrecSumm_15.htm,no status wording readable in the document; offices not enumerated; requires a full parse of the document
TN,Putnam,results,document,2026-08-06,primary+general,unknown,htm,unknown,unknown,47141,https://putnamcountytn.gov/electionresults/2026-08/Putnam_PrecSumm_16.htm,2026-09-16,f3fe5a7bed5948c67f94f6f204837a951eea4c91e81d9cf4203a6d21b92aefc8,unknown,Putnam_PrecSumm_16.htm,2026/2026-08-06/putnam/Putnam_PrecSumm_16.htm,no status wording readable in the document; offices not enumerated; requires a full parse of the document
TN,Putnam,results,document,2026-08-06,primary+general,unknown,htm,unknown,unknown,47141,https://putnamcountytn.gov/electionresults/2026-08/Putnam_PrecSumm_17.htm,2026-09-16,f92f893de4d12e5995de78a6eb828f204c3f42c02eeba88cd554bae69bfff5b1,unknown,Putnam_PrecSumm_17.htm,2026/2026-08-06/putnam/Putnam_PrecSumm_17.htm,no status wording readable in the document; offices not enumerated; requires a full parse of the document
TN,Putnam,results,document,2026-08-06,primary+general,unknown,htm,unknown,unknown,47141,https://putnamcountytn.gov/electionresults/2026-08/Putnam_PrecSumm_18.htm,2026-09-16,2af562a0c3b25488d5195f1041c40efec124cee181a90b59cf559d36a15350f7,unknown,Putnam_PrecSumm_18.htm,2026/2026-08-06/putnam/Putnam_PrecSumm_18.htm,no status wording readable in the document; offices not enumerated; requires a full parse of the document
TN,Putnam,results,document,2026-08-06,primary+general+municipal,unknown,htm,unknown,unknown,47141,https://putnamcountytn.gov/electionresults/2026-08/Putnam_PrecSumm_85.htm,2026-09-16,8646bc6fd2f2a4cdcdf9b48b0cb782bb81ec3120664b8c2fb96ec2d5f931e03e,unknown,Putnam_PrecSumm_85.htm,2026/2026-08-06/putnam/Putnam_PrecSumm_85.htm,no status wording readable in the document; offices not enumerated; requires a full parse of the document
TN,Putnam,results,document,2026-08-06,primary+general,unknown,htm,unknown,unknown,47141,https://putnamcountytn.gov/electionresults/2026-08/Putnam_PrecSumm_86.htm,2026-09-16,297a80c97dfb5d79761a05e0a0d2c5ae1e53829ebeff4c577a41d97e0b5123d1,unknown,Putnam_PrecSumm_86.htm,2026/2026-08-06/putnam/Putnam_PrecSumm_86.htm,no status wording readable in the document; offices not enumerated; requires a full parse of the document
TN,Putnam,results,document,2026-08-06,primary+general,unknown,htm,unknown,unknown,47141,https://putnamcountytn.gov/electionresults/2026-08/Putnam_PrecSumm_87.htm,2026-09-16,75b9b0ad690ec704114c14bbdd1c96b3d60a592b4f467b3ffab657a1cc1e1ac7,unknown,Putnam_PrecSumm_87.htm,2026/2026-08-06/putnam/Putnam_PrecSumm_87.htm,no status wording readable in the document; offices not enumerated; requires a full parse of the document
TN,Roane,results,document,2026-08-06,unknown,unknown,pdf,official_claimed,unknown,47145,https://roanecountytn.gov/wp-content/uploads/2026/08/Official-Summary.pdf,2026-09-15,22588f25e8e43a94aad475ac02df9b410f2cb6a694dd41089a833a8bb3ec2181,15,Official-Summary.pdf,2026/2026-08-06/roane/Official-Summary.pdf,"election date taken from a bare date on the page, not from an 'Election Date' label; the page states none; no election type readable from the document or its label; status is the DOCUMENT's own claim, read from its first page; no certification document is held; offices not enumerated; requires a full parse of the document"
TN,Roane,results,document,2026-08-06,unknown,unknown,pdf,unknown,unknown,47145,https://roanecountytn.gov/wp-content/uploads/2026/08/Official-pct.pdf,2026-09-16,061019b44e3c7a5860b64fa0919707339dfc5e6b541690424221e1e8ef2ff20f,186,Official-pct.pdf,2026/2026-08-06/roane/Official-pct.pdf,"election date taken from a bare date on the page, not from an 'Election Date' label; the page states none; no election type readable from the document or its label; status DOWNGRADED: the filename says 'Precinct Summary' but the document's first page yields no text by any means, so nothing in the document supports it; no status wording readable in the document; offices not enumerated; requires a full parse of the document"
TN,Robertson,results,document,2026-08-06,primary+general,unknown,pdf,unknown,unknown,47147,https://robertsoncountytn.gov/residents/elections/Election%20Results/Robertson_County_2026_Election_Results_Detailed.pdf?t=202608171429030,2026-09-16,8ae78cd8deedbf9a689513689e4fa3288cfdac2d435b8ad98a235e4035a8285b,9,Robertson_County_2026_Election_Results_Detailed.pdf,2026/2026-08-06/robertson/Robertson_County_2026_Election_Results_Detailed.pdf,"election date taken from a bare date on the page, not from an 'Election Date' label; the page states none; status DOWNGRADED: the filename says 'August 6th Unofficial 2026 State Primary and County General' but the document's first page yields no text by any means, so nothing in the document supports it; no status wording readable in the document; offices not enumerated; requires a full parse of the document"
TN,Rutherford,results,document,2026-08-06,primary+general,unknown,htm,unknown,unknown,47149,https://secured.rutherfordcountytn.gov/election/080626-html/Rutherford_ElecSumm_all.htm,2026-09-16,92c6738fd3b4aef63326806891e2692f93cf9e10ef332495d60002b2536bc49c,unknown,Rutherford_ElecSumm_all.htm,2026/2026-08-06/rutherford/Rutherford_ElecSumm_all.htm,no status wording readable in the document; offices not enumerated; requires a full parse of the document
TN,Rutherford,results,document,2026-08-06,primary+general,unknown,htm,unknown,unknown,47149,https://secured.rutherfordcountytn.gov/election/080626-html/Rutherford_PrecSumm_011.htm,2026-09-16,bb496c18113b98a58da5a0c3d64c8745512050a192e33bd9f8a510eacf7e4272,unknown,Rutherford_PrecSumm_011.htm,2026/2026-08-06/rutherford/Rutherford_PrecSumm_011.htm,no status wording readable in the document; offices not enumerated; requires a full parse of the document
TN,Rutherford,results,document,2026-08-06,primary+general,unknown,htm,unknown,unknown,47149,https://secured.rutherfordcountytn.gov/election/080626-html/Rutherford_PrecSumm_021.htm,2026-09-16,b6f3102bd8166f8abc069c25f699a77ecbbe3c291bfc000815711b3e79bcd6a2,unknown,Rutherford_PrecSumm_021.htm,2026/2026-08-06/rutherford/Rutherford_PrecSumm_021.htm,no status wording readable in the document; offices not enumerated; requires a full parse of the document
TN,Rutherford,results,document,2026-08-06,primary+general,unknown,htm,unknown,unknown,47149,https://secured.rutherfordcountytn.gov/election/080626-html/Rutherford_PrecSumm_022.htm,2026-09-16,6109acb427d440b771201f53bd852124d027a106103b91b740282de6ca198878,unknown,Rutherford_PrecSumm_022.htm,2026/2026-08-06/rutherford/Rutherford_PrecSumm_022.htm,no status wording readable in the document; offices not enumerated; requires a full parse of the document
TN,Rutherford,results,document,2026-08-06,primary+general,unknown,htm,unknown,unknown,47149,https://secured.rutherfordcountytn.gov/election/080626-html/Rutherford_PrecSumm_031.htm,2026-09-16,440f139bd34d3ada30cfca153aebf22b845ec66bcce3b78139bfaa7cdd867a7a,unknown,Rutherford_PrecSumm_031.htm,2026/2026-08-06/rutherford/Rutherford_PrecSumm_031.htm,no status wording readable in the document; offices not enumerated; requires a full parse of the document
TN,Rutherford,results,document,2026-08-06,primary+general,unknown,htm,unknown,unknown,47149,https://secured.rutherfordcountytn.gov/election/080626-html/Rutherford_PrecSumm_032.htm,2026-09-16,182abfc90c6bf3cdc0e90da282e62dcf282336b9b87cfa0c61b31e27928e6a51,unknown,Rutherford_PrecSumm_032.htm,2026/2026-08-06/rutherford/Rutherford_PrecSumm_032.htm,no status wording readable in the document; offices not enumerated; requires a full parse of the document
TN,Rutherford,results,document,2026-08-06,primary+general,unknown,htm,unknown,unknown,47149,https://secured.rutherfordcountytn.gov/election/080626-html/Rutherford_PrecSumm_041.htm,2026-09-16,056a46940826f108a587c9825cf8d8778bc29dc8e5a6d3d6674d3fdefc604ed2,unknown,Rutherford_PrecSumm_041.htm,2026/2026-08-06/rutherford/Rutherford_PrecSumm_041.htm,no status wording readable in the document; offices not enumerated; requires a full parse of the document
TN,Rutherford,results,document,2026-08-06,primary+general,unknown,htm,unknown,unknown,47149,https://secured.rutherfordcountytn.gov/election/080626-html/Rutherford_PrecSumm_042.htm,2026-09-16,349f934f5692e4f274c69c739a415e1f1ab0b1a5a11691af768dcad26251c427,unknown,Rutherford_PrecSumm_042.htm,2026/2026-08-06/rutherford/Rutherford_PrecSumm_042.htm,no status wording readable in the document; offices not enumerated; requires a full parse of the document
TN,Rutherford,results,document,2026-08-06,primary+general,unknown,htm,unknown,unknown,47149,https://secured.rutherfordcountytn.gov/election/080626-html/Rutherford_PrecSumm_051.htm,2026-09-16,c803f34047ba34cbbbb77dd2b7c04745164e205b9605e8be5cc15705b0f207a6,unknown,Rutherford_PrecSumm_051.htm,2026/2026-08-06/rutherford/Rutherford_PrecSumm_051.htm,no status wording readable in the document; offices not enumerated; requires a full parse of the document
TN,Rutherford,results,document,2026-08-06,primary+general,unknown,htm,unknown,unknown,47149,https://secured.rutherfordcountytn.gov/election/080626-html/Rutherford_PrecSumm_061.htm,2026-09-16,6139d35128b483515fa3ad424ee25c2d93c722f5ef80d5c0afdf6d7844347849,unknown,Rutherford_PrecSumm_061.htm,2026/2026-08-06/rutherford/Rutherford_PrecSumm_061.htm,no status wording readable in the document; offices not enumerated; requires a full parse of the document
TN,Rutherford,results,document,2026-08-06,primary+general,unknown,htm,unknown,unknown,47149,https://secured.rutherfordcountytn.gov/election/080626-html/Rutherford_PrecSumm_062.htm,2026-09-16,480eab4c03efb4f96e2ae02a989836346f84ba3c34452c38d05185aaf9025b67,unknown,Rutherford_PrecSumm_062.htm,2026/2026-08-06/rutherford/Rutherford_PrecSumm_062.htm,no status wording readable in the document; offices not enumerated; requires a full parse of the document
TN,Rutherford,results,document,2026-08-06,primary+general,unknown,htm,unknown,unknown,47149,https://secured.rutherfordcountytn.gov/election/080626-html/Rutherford_PrecSumm_071.htm,2026-09-16,90ba5c98d52da1fcc0c1e24a65a20da1c5e538a679c24f95d87aa98818c0c495,unknown,Rutherford_PrecSumm_071.htm,2026/2026-08-06/rutherford/Rutherford_PrecSumm_071.htm,no status wording readable in the document; offices not enumerated; requires a full parse of the document
TN,Rutherford,results,document,2026-08-06,primary+general,unknown,htm,unknown,unknown,47149,https://secured.rutherfordcountytn.gov/election/080626-html/Rutherford_PrecSumm_081.htm,2026-09-16,ede6b4cafc33eea092aff22488193dc4a1bfe38467fe8f0820f7b0e8ee184881,unknown,Rutherford_PrecSumm_081.htm,2026/2026-08-06/rutherford/Rutherford_PrecSumm_081.htm,no status wording readable in the document; offices not enumerated; requires a full parse of the document
TN,Rutherford,results,document,2026-08-06,primary+general,unknown,htm,unknown,unknown,47149,https://secured.rutherfordcountytn.gov/election/080626-html/Rutherford_PrecSumm_091.htm,2026-09-16,4dd75aeee55b730cfd6e7bb82783791767246fa0bcc04338869445ade6f01dfb,unknown,Rutherford_PrecSumm_091.htm,2026/2026-08-06/rutherford/Rutherford_PrecSumm_091.htm,no status wording readable in the document; offices not enumerated; requires a full parse of the document
TN,Rutherford,results,document,2026-08-06,primary+general,unknown,htm,unknown,unknown,47149,https://secured.rutherfordcountytn.gov/election/080626-html/Rutherford_PrecSumm_101.htm,2026-09-16,6bbe01cf668500b02f2641ce3e37f0d98556e18ebb141d1e0cd3d179b751feab,unknown,Rutherford_PrecSumm_101.htm,2026/2026-08-06/rutherford/Rutherford_PrecSumm_101.htm,no status wording readable in the document; offices not enumerated; requires a full parse of the document
TN,Rutherford,results,document,2026-08-06,primary+general,unknown,htm,unknown,unknown,47149,https://secured.rutherfordcountytn.gov/election/080626-html/Rutherford_PrecSumm_102.htm,2026-09-16,a388d3a9bcb3417db163848c11efb7a74e9a2bab90fb213cc260e3611cd0abcb,unknown,Rutherford_PrecSumm_102.htm,2026/2026-08-06/rutherford/Rutherford_PrecSumm_102.htm,no status wording readable in the document; offices not enumerated; requires a full parse of the document
TN,Rutherford,results,document,2026-08-06,primary+general,unknown,htm,unknown,unknown,47149,https://secured.rutherfordcountytn.gov/election/080626-html/Rutherford_PrecSumm_111.htm,2026-09-16,1398f55fd27e4e50f4dc879f035730129518843880dcee16ab7f611e6896fc3d,unknown,Rutherford_PrecSumm_111.htm,2026/2026-08-06/rutherford/Rutherford_PrecSumm_111.htm,no status wording readable in the document; offices not enumerated; requires a full parse of the document
TN,Rutherford,results,document,2026-08-06,primary+general,unknown,htm,unknown,unknown,47149,https://secured.rutherfordcountytn.gov/election/080626-html/Rutherford_PrecSumm_112.htm,2026-09-16,48c0a1ad4b731b059a90381e28e3d70b234e2760a070b5c606314af022e059e1,unknown,Rutherford_PrecSumm_112.htm,2026/2026-08-06/rutherford/Rutherford_PrecSumm_112.htm,no status wording readable in the document; offices not enumerated; requires a full parse of the document
TN,Rutherford,results,document,2026-08-06,primary+general,unknown,htm,unknown,unknown,47149,https://secured.rutherfordcountytn.gov/election/080626-html/Rutherford_PrecSumm_121.htm,2026-09-16,8c736acac5c166e2c39fdc2b15bc59a2d5fee5ca8908d4181669c125bf074760,unknown,Rutherford_PrecSumm_121.htm,2026/2026-08-06/rutherford/Rutherford_PrecSumm_121.htm,no status wording readable in the document; offices not enumerated; requires a full parse of the document
TN,Rutherford,results,document,2026-08-06,primary+general,unknown,htm,unknown,unknown,47149,https://secured.rutherfordcountytn.gov/election/080626-html/Rutherford_PrecSumm_122.htm,2026-09-16,1b0b83e46b2b32ac5127001ee639b4c41495871233f21beb02ad494c629904e0,unknown,Rutherford_PrecSumm_122.htm,2026/2026-08-06/rutherford/Rutherford_PrecSumm_122.htm,no status wording readable in the document; offices not enumerated; requires a full parse of the document
TN,Rutherford,results,document,2026-08-06,primary+general,unknown,htm,unknown,unknown,47149,https://secured.rutherfordcountytn.gov/election/080626-html/Rutherford_PrecSumm_131.htm,2026-09-16,488cacc77eff0595ed5ef68dbd4a7830fe427574e8ac8aa136425c326ed08f29,unknown,Rutherford_PrecSumm_131.htm,2026/2026-08-06/rutherford/Rutherford_PrecSumm_131.htm,no status wording readable in the document; offices not enumerated; requires a full parse of the document
TN,Rutherford,results,document,2026-08-06,primary+general,unknown,htm,unknown,unknown,47149,https://secured.rutherfordcountytn.gov/election/080626-html/Rutherford_PrecSumm_141.htm,2026-09-16,2da56b4c6456f4508dca998d2ab3ebc49d14ab461cfc55baef1d9efa6f7eb4ed,unknown,Rutherford_PrecSumm_141.htm,2026/2026-08-06/rutherford/Rutherford_PrecSumm_141.htm,no status wording readable in the document; offices not enumerated; requires a full parse of the document
TN,Rutherford,results,document,2026-08-06,primary+general,unknown,htm,unknown,unknown,47149,https://secured.rutherfordcountytn.gov/election/080626-html/Rutherford_PrecSumm_142.htm,2026-09-16,458e420074accb782e51c1bc39ed91804e3ceafbc193d278b41ee5bc79d5fa05,unknown,Rutherford_PrecSumm_142.htm,2026/2026-08-06/rutherford/Rutherford_PrecSumm_142.htm,no status wording readable in the document; offices not enumerated; requires a full parse of the document
TN,Rutherford,results,document,2026-08-06,primary+general,unknown,htm,unknown,unknown,47149,https://secured.rutherfordcountytn.gov/election/080626-html/Rutherford_PrecSumm_151.htm,2026-09-16,1f646d8ad2abc24e7d05686211b2b67eed108a970341bc543f0be4ab9da2a3da,unknown,Rutherford_PrecSumm_151.htm,2026/2026-08-06/rutherford/Rutherford_PrecSumm_151.htm,no status wording readable in the document; offices not enumerated; requires a full parse of the document
TN,Rutherford,results,document,2026-08-06,primary+general,unknown,htm,unknown,unknown,47149,https://secured.rutherfordcountytn.gov/election/080626-html/Rutherford_PrecSumm_152.htm,2026-09-16,2446013cda728cc3521799a765470db1a25ec5794643feaa9934f0615597e5ce,unknown,Rutherford_PrecSumm_152.htm,2026/2026-08-06/rutherford/Rutherford_PrecSumm_152.htm,no status wording readable in the document; offices not enumerated; requires a full parse of the document
TN,Rutherford,results,document,2026-08-06,primary+general,unknown,htm,unknown,unknown,47149,https://secured.rutherfordcountytn.gov/election/080626-html/Rutherford_PrecSumm_161.htm,2026-09-16,3c5af791dc8470050bc235d7f5e8fa7d44887217f1770b0ec74e8dafe5b0fbd6,unknown,Rutherford_PrecSumm_161.htm,2026/2026-08-06/rutherford/Rutherford_PrecSumm_161.htm,no status wording readable in the document; offices not enumerated; requires a full parse of the document
TN,Rutherford,results,document,2026-08-06,primary+general,unknown,htm,unknown,unknown,47149,https://secured.rutherfordcountytn.gov/election/080626-html/Rutherford_PrecSumm_162.htm,2026-09-16,993e2495e0d80e9c297ba2bab9ab2b9e6f55e97ec60597c1ef2cc951b8e7ad6d,unknown,Rutherford_PrecSumm_162.htm,2026/2026-08-06/rutherford/Rutherford_PrecSumm_162.htm,no status wording readable in the document; offices not enumerated; requires a full parse of the document
TN,Rutherford,results,document,2026-08-06,primary+general,unknown,htm,unknown,unknown,47149,https://secured.rutherfordcountytn.gov/election/080626-html/Rutherford_PrecSumm_171.htm,2026-09-16,c2c8410e563510c18043d25b3e3c5357a2232a84e44369d65a659a25ff828478,unknown,Rutherford_PrecSumm_171.htm,2026/2026-08-06/rutherford/Rutherford_PrecSumm_171.htm,no status wording readable in the document; offices not enumerated; requires a full parse of the document
TN,Rutherford,results,document,2026-08-06,primary+general,unknown,htm,unknown,unknown,47149,https://secured.rutherfordcountytn.gov/election/080626-html/Rutherford_PrecSumm_181.htm,2026-09-16,8fd45f10e826d200f860601f1fafaff92b91e40276d49d5a299dea468d19b8a2,unknown,Rutherford_PrecSumm_181.htm,2026/2026-08-06/rutherford/Rutherford_PrecSumm_181.htm,no status wording readable in the document; offices not enumerated; requires a full parse of the document
TN,Rutherford,results,document,2026-08-06,primary+general,unknown,htm,unknown,unknown,47149,https://secured.rutherfordcountytn.gov/election/080626-html/Rutherford_PrecSumm_182.htm,2026-09-16,3d3f0d64d22842a7f521d30c8adfbd1ba1f61a52c9f20f0dadb6a9fc8b710304,unknown,Rutherford_PrecSumm_182.htm,2026/2026-08-06/rutherford/Rutherford_PrecSumm_182.htm,no status wording readable in the document; offices not enumerated; requires a full parse of the document
TN,Rutherford,results,document,2026-08-06,primary+general,unknown,htm,unknown,unknown,47149,https://secured.rutherfordcountytn.gov/election/080626-html/Rutherford_PrecSumm_191.htm,2026-09-16,d4a11cbd63714df48a1ce37d605b8d6cf8ecc66c25cd1cb049932c97d82f4aa4,unknown,Rutherford_PrecSumm_191.htm,2026/2026-08-06/rutherford/Rutherford_PrecSumm_191.htm,no status wording readable in the document; offices not enumerated; requires a full parse of the document
TN,Rutherford,results,document,2026-08-06,primary+general,unknown,htm,unknown,unknown,47149,https://secured.rutherfordcountytn.gov/election/080626-html/Rutherford_PrecSumm_201.htm,2026-09-16,1a3c369c283cb6e3b94742f0e655903ca86d83dcbd971590a71507be4b277e22,unknown,Rutherford_PrecSumm_201.htm,2026/2026-08-06/rutherford/Rutherford_PrecSumm_201.htm,no status wording readable in the document; offices not enumerated; requires a full parse of the document
TN,Rutherford,results,document,2026-08-06,primary+general,unknown,htm,unknown,unknown,47149,https://secured.rutherfordcountytn.gov/election/080626-html/Rutherford_PrecSumm_211.htm,2026-09-16,e7d425941eae7fef76e644132abdf92debb7595d6c71ae28e3027a7994963a8b,unknown,Rutherford_PrecSumm_211.htm,2026/2026-08-06/rutherford/Rutherford_PrecSumm_211.htm,no status wording readable in the document; offices not enumerated; requires a full parse of the document
TN,Rutherford,results,document,2026-08-06,primary+general,unknown,htm,unknown,unknown,47149,https://secured.rutherfordcountytn.gov/election/080626-html/Rutherford_PrecSumm_212.htm,2026-09-16,04d1bf472bcd1bae349e0e68bbbd8e8e899dbfef09a9cae38aa88ede580343d4,unknown,Rutherford_PrecSumm_212.htm,2026/2026-08-06/rutherford/Rutherford_PrecSumm_212.htm,no status wording readable in the document; offices not enumerated; requires a full parse of the document
TN,Sevier,results,document,2026-08-06,general,unknown,pdf,certified_claimed,unknown,47155,https://cms5.revize.com/revize/seviercountytn/August%206%2C%202026%20County%20General.pdf,2026-09-16,505deb88702e6412ffc48a9c501cdcbae393b1ea6d7287083f0c8757474e81ab,32,August-6-2026-County-General.pdf,2026/2026-08-06/sevier/August-6-2026-County-General.pdf,"election date taken from a bare date on the page, not from an 'Election Date' label; the page states none; status is the DOCUMENT's own claim, read from its first page; no certification document is held; offices not enumerated; requires a full parse of the document; scanned, no text layer"
TN,Sevier,results,document,2026-08-06,primary,unknown,pdf,certified_claimed,unknown,47155,https://cms5.revize.com/revize/seviercountytn/August%206%202026%20Dem.pdf,2026-09-16,7030d6ad8bf892ef94cc3bbc394697c5a25045fee43fdf3fb6a5dc801b841c4b,10,August-6-2026-Dem.pdf,2026/2026-08-06/sevier/August-6-2026-Dem.pdf,"election date taken from a bare date on the page, not from an 'Election Date' label; the page states none; status is the DOCUMENT's own claim, read from its first page; no certification document is held; offices not enumerated; requires a full parse of the document; scanned, no text layer"
TN,Sevier,results,document,2026-08-06,primary,unknown,pdf,certified_claimed,unknown,47155,https://cms5.revize.com/revize/seviercountytn/August%206%202026%20Rep.pdf,2026-09-16,58144ea3236498b97b62ca6c4ee18772bcfad9789186b015055eb41746631642,10,August-6-2026-Rep.pdf,2026/2026-08-06/sevier/August-6-2026-Rep.pdf,"election date taken from a bare date on the page, not from an 'Election Date' label; the page states none; status is the DOCUMENT's own claim, read from its first page; no certification document is held; offices not enumerated; requires a full parse of the document; scanned, no text layer"
TN,Sevier,results,document,2026-08-06,general,unknown,pdf,certified_claimed,unknown,47155,https://cms5.revize.com/revize/seviercountytn/August%206%202026%20State%20General.pdf,2026-09-16,ff015b5c9e068c7355702d9b43aeadedffba643fb49ac27e35e1dceb2f330319,5,August-6-2026-State-General.pdf,2026/2026-08-06/sevier/August-6-2026-State-General.pdf,"election date taken from a bare date on the page, not from an 'Election Date' label; the page states none; status is the DOCUMENT's own claim, read from its first page; no certification document is held; offices not enumerated; requires a full parse of the document; scanned, no text layer"
TN,Sevier,results,document,2026-08-06,unknown,unknown,pdf,certified_claimed,unknown,47155,https://cms5.revize.com/revize/seviercountytn/August%206%202026%20State%20Judicial%20Election.pdf,2026-09-16,422730420c794435ecf337b85d2f98e0f9a8af284fad2691d45e12af92f6d717,9,August-6-2026-State-Judicial-Election.pdf,2026/2026-08-06/sevier/August-6-2026-State-Judicial-Election.pdf,"election date taken from a bare date on the page, not from an 'Election Date' label; the page states none; no election type readable from the document or its label; status is the DOCUMENT's own claim, read from its first page; no certification document is held; offices not enumerated; requires a full parse of the document; scanned, no text layer"
TN,Shelby,results,document,2026-08-06,primary+general+municipal,unknown,json,unknown,unknown,47157,https://app.enhancedvoting.com/cdn/results/shelby-county-tn/export-08062026CountyGeneralStateandFederalMunicipal.json,2026-09-16,6032a1941ff2d7f2278b0b53edfddec33e6a1407152541b0ac3b08ad198441ea,unknown,export-08062026CountyGeneralStateandFederalMunicipal.json,2026/2026-08-06/shelby/export-08062026CountyGeneralStateandFederalMunicipal.json,"election date taken from a bare date on the page, not from an 'Election Date' label; the page states none; no status wording readable in the document; offices not enumerated; requires a full parse of the document"
TN,Smith,results,document,2026-08-06,primary+general,unknown,pdf,unknown,unknown,47159,https://www.smithcountyelection.com/electionresults-past/2026August6Precincts.pdf,2026-09-16,9e3db0f0644571f820920bb9a1aa3103a573e6707d677cf519aa76a3fe9ee69f,36,2026August6Precincts.pdf,2026/2026-08-06/smith/2026August6Precincts.pdf,"election date taken from a bare date on the page, not from an 'Election Date' label; the page states none; no status wording readable in the document; offices not enumerated; requires a full parse of the document; scanned, no text layer"
TN,Smith,results,document,2026-08-06,primary+general,unknown,pdf,unknown,unknown,47159,https://www.smithcountyelection.com/electionresults-past/2026August6Summary.pdf,2026-09-16,6a5fc70694b73b053900bc16e174576df7df97994ff962cc059a153d2e315708,6,2026August6Summary.pdf,2026/2026-08-06/smith/2026August6Summary.pdf,"election date taken from a bare date on the page, not from an 'Election Date' label; the page states none; no status wording readable in the document; offices not enumerated; requires a full parse of the document; scanned, no text layer"
TN,Stewart,results,document,2026-08-06,unknown,unknown,pdf,unknown,unknown,47161,https://stewartcountyelection.com/wp-content/uploads/2026/08/0973_260806212327_001.pdf,2026-09-16,558d9b7111f8a0914ef8d466870b052d8b9a79a5f0f6108b9e71ecc54b301f66,7,0973_260806212327_001.pdf,2026/2026-08-06/stewart/0973_260806212327_001.pdf,"election date taken from a bare date on the page, not from an 'Election Date' label; the page states none; no election type readable from the document or its label; no status wording readable in the document; offices not enumerated; requires a full parse of the document; scanned, no text layer"
TN,Sullivan,results,document,2026-08-06,primary,unknown,pdf,unknown,unknown,47163,https://www.scelect.org/aug2026precinctresults.pdf,2026-09-15,4eec94b4bab0b60fcf6b62d12644a0faf26c1a322fdf2337740d6718c29a6846,43,aug2026precinctresults.pdf,2026/2026-08-06/sullivan/aug2026precinctresults.pdf,"election date taken from a bare date on the page, not from an 'Election Date' label; the page states none; no status wording readable in the document; offices not enumerated; requires a full parse of the document"
TN,Sumner,results,document,2026-08-06,primary+general,unknown,pdf,unknown,unknown,47165,http://www.votesumnertn.org/uploads/files/31a2c7e369b7151648ea2a8551101bc613c53fdb.pdf,2026-09-15,ebd0e23d8c588ef955ce7eb7746331b61430a857444cdb383f05d360236e6933,9,31a2c7e369b7151648ea2a8551101bc613c53fdb.pdf,2026/2026-08-06/sumner/31a2c7e369b7151648ea2a8551101bc613c53fdb.pdf,"election date taken from a bare date on the page, not from an 'Election Date' label; the page states none; no status wording readable in the document; offices not enumerated; requires a full parse of the document; scanned, no text layer"
TN,Sumner,results,document,2026-08-06,primary+general,unknown,pdf,unknown,unknown,47165,https://www.votesumnertn.org/uploads/files/4652c02687482457a17faa106b894bac40639106.pdf,2026-09-15,3a67f606330afdfd45a85b771270480927ea980eac3c21c9697a0e4bb44f5ea3,142,4652c02687482457a17faa106b894bac40639106.pdf,2026/2026-08-06/sumner/4652c02687482457a17faa106b894bac40639106.pdf,"election date taken from a bare date on the page, not from an 'Election Date' label; the page states none; no status wording readable in the document; offices not enumerated; requires a full parse of the document; scanned, no text layer"
TN,Tipton,results,document,2026-08-06,primary+general,unknown,htm,unknown,unknown,47167,http://www.tiptonco.com/files/election_results/1.htm,2026-09-16,c3e2f57dc45fdf9a02729ad2045453b94bf2cdb839585ccf4601544d65602f89,unknown,1.htm,2026/2026-08-06/tipton/1.htm,no status wording readable in the document; offices not enumerated; requires a full parse of the document
TN,Tipton,results,document,2026-08-06,primary+general,unknown,htm,unknown,unknown,47167,http://www.tiptonco.com/files/election_results/11.htm,2026-09-16,583bbf33217cd4dd9d8d5ac4c0304956538bb57add42f3675b6d896303004c8f,unknown,11.htm,2026/2026-08-06/tipton/11.htm,no status wording readable in the document; offices not enumerated; requires a full parse of the document
TN,Tipton,results,document,2026-08-06,primary+general,unknown,htm,unknown,unknown,47167,http://www.tiptonco.com/files/election_results/12.htm,2026-09-16,6be3f2f8dff6d170057810adaa12bcd1df63b39d9af52808ebd3e290b2b14a24,unknown,12.htm,2026/2026-08-06/tipton/12.htm,no status wording readable in the document; offices not enumerated; requires a full parse of the document
TN,Tipton,results,document,2026-08-06,primary+general,unknown,htm,unknown,unknown,47167,http://www.tiptonco.com/files/election_results/14.htm,2026-09-16,4ad9fe1dcc2fc8a37698f4cce01c7bc1f6ed3573413189ec001027ae203a560b,unknown,14.htm,2026/2026-08-06/tipton/14.htm,no status wording readable in the document; offices not enumerated; requires a full parse of the document
TN,Tipton,results,document,2026-08-06,primary+general,unknown,htm,unknown,unknown,47167,http://www.tiptonco.com/files/election_results/19.htm,2026-09-16,b552013d376e63052d4dc23e4e45da532f55214fc1a7c686cd8ace1688d1a3b1,unknown,19.htm,2026/2026-08-06/tipton/19.htm,no status wording readable in the document; offices not enumerated; requires a full parse of the document
TN,Tipton,results,document,2026-08-06,primary+general,unknown,htm,unknown,unknown,47167,http://www.tiptonco.com/files/election_results/21.htm,2026-09-16,bcd1766910f762aa068844b4ac15c442d015866e2a31d809e646dcbd804ea983,unknown,21.htm,2026/2026-08-06/tipton/21.htm,no status wording readable in the document; offices not enumerated; requires a full parse of the document
TN,Tipton,results,document,2026-08-06,primary+general,unknown,htm,unknown,unknown,47167,http://www.tiptonco.com/files/election_results/22.htm,2026-09-16,7d5b492053f75062927e788d561f1a80c0724c6ef3d703db476b872977717cfc,unknown,22.htm,2026/2026-08-06/tipton/22.htm,no status wording readable in the document; offices not enumerated; requires a full parse of the document
TN,Tipton,results,document,2026-08-06,primary+general,unknown,htm,unknown,unknown,47167,http://www.tiptonco.com/files/election_results/3.htm,2026-09-16,0461d9cf460c4df4d081e0cd88bab19dc302968f5ca70d2c8f44087cdd39dcee,unknown,3.htm,2026/2026-08-06/tipton/3.htm,no status wording readable in the document; offices not enumerated; requires a full parse of the document
TN,Tipton,results,document,2026-08-06,primary+general,unknown,htm,unknown,unknown,47167,http://www.tiptonco.com/files/election_results/6.htm,2026-09-16,66d51d57d1363b55bc1d5a55933ddbe5b976260fd6f207d70e52431205bc3e24,unknown,6.htm,2026/2026-08-06/tipton/6.htm,no status wording readable in the document; offices not enumerated; requires a full parse of the document
TN,Tipton,results,document,2026-08-06,primary+general,unknown,htm,unknown,unknown,47167,https://cms4files1.revize.com/tiptoncounty/files/election_results/s.htm,2026-09-16,c5b31f4cea5a348cb373eb8cba9ad800bb7ea482af5202cbb5958735ebaf2383,unknown,s.htm,2026/2026-08-06/tipton/s.htm,no status wording readable in the document; offices not enumerated; requires a full parse of the document
TN,Unicoi,results,document,2026-08-06,general,unknown,pdf,unknown,unknown,47171,http://unicoivotes.com/wp-content/uploads/2026/09/2026-08-06-COUNTY-GENERAL-AND-JUDICIAL-RESULTS.pdf,2026-09-16,8f52d8394fe93e2e1f1ec7a0ab20245084e767259bb8805787153ac733aece52,2,2026-08-06-COUNTY-GENERAL-AND-JUDICIAL-RESULTS.pdf,2026/2026-08-06/unicoi/2026-08-06-COUNTY-GENERAL-AND-JUDICIAL-RESULTS.pdf,"election date taken from a bare date on the page, not from an 'Election Date' label; the page states none; no status wording readable in the document; offices not enumerated; requires a full parse of the document"
TN,Union,results,document,2026-08-06,primary+general,unknown,pdf,unknown,unknown,47173,http://www.unioncountytnvotes.com/wp-content/uploads/2026/09/PRECINCT-BASED-RESULTS.pdf,2026-09-16,309bae899a6ccf806e186c15f196cf22b10c6be5bde426b01e2e550bf174e3d7,38,PRECINCT-BASED-RESULTS.pdf,2026/2026-08-06/union/PRECINCT-BASED-RESULTS.pdf,"election date taken from a bare date on the page, not from an 'Election Date' label; the page states none; no status wording readable in the document; offices not enumerated; requires a full parse of the document; scanned, no text layer"
TN,Warren,results,document,2026-08-06,primary+general,unknown,pdf,unknown,unknown,47177,https://cms3.revize.com/revize/warrencounty/8-6-26_with%20provisionals%20added%208-12-26.pdf,2026-09-16,131fcb131583d361a219673cc0b109600ca79fa4e479a47b7eaecc020e2891fd,7,8-6-26_with-provisionals-added-8-12-26.pdf,2026/2026-08-06/warren/8-6-26_with-provisionals-added-8-12-26.pdf,no status wording readable in the document; offices not enumerated; requires a full parse of the document
TN,Washington,results,document,2026-08-06,primary+general,unknown,pdf,unknown,unknown,47179,http://www.wcecoffice.com/wp-content/uploads/2026/08/Precinct-Summary-Report.pdf,2026-09-16,e83a11c4dfc58d64664fb9644c0d1b7d9c57d169f4debeced7c78118dddc923e,114,Precinct-Summary-Report.pdf,2026/2026-08-06/washington/Precinct-Summary-Report.pdf,"no status wording readable in the document; offices not enumerated; requires a full parse of the document; scanned, no text layer"
TN,Washington,results,document,2026-08-06,primary,unknown,pdf,unknown,unknown,47179,http://www.wcecoffice.com/wp-content/uploads/2026/08/WashingtonCountyPrecinctTotals082026.pdf,2026-09-16,755b1d01e52166fcf8c9b1cc3c719eef8348a54141ddce3833b00b1b6c0a3f36,39,WashingtonCountyPrecinctTotals082026.pdf,2026/2026-08-06/washington/WashingtonCountyPrecinctTotals082026.pdf,"election date taken from a bare date on the page, not from an 'Election Date' label; the page states none; no status wording readable in the document; offices not enumerated; requires a full parse of the document"
TN,Weakley,results,document,2026-08-06,general,unknown,pdf,unknown,unknown,47183,https://www.govoteweakley.gov/uploads/1/5/3/6/153624680/weakley_aug_26_county_general_certification.pdf,2026-09-16,8d5c678e0c74a5f21bbde945f9845a51094901eb5f48cd293d650bcb425b3932,19,weakley_aug_26_county_general_certification.pdf,2026/2026-08-06/weakley/weakley_aug_26_county_general_certification.pdf,"election date taken from a bare date on the page, not from an 'Election Date' label; the page states none; status DOWNGRADED: the filename says 'Certification of Election Results — County General Election,' but the document's first page yields no text by any means, so nothing in the document supports it; no status wording readable in the document; offices not enumerated; requires a full parse of the document"
TN,Weakley,results,document,2026-08-06,primary,unknown,pdf,unknown,unknown,47183,https://www.govoteweakley.gov/uploads/1/5/3/6/153624680/weakley_aug_26_democratic_certification.pdf,2026-09-16,e9b0789a9dcdfe8fe7794b2d60377ad9bd72c055dc4b916a299d771127dbc4ae,9,weakley_aug_26_democratic_certification.pdf,2026/2026-08-06/weakley/weakley_aug_26_democratic_certification.pdf,"election date taken from a bare date on the page, not from an 'Election Date' label; the page states none; status DOWNGRADED: the filename says 'Certification of Election Results — Democratic Primary Elect' but the document's first page yields no text by any means, so nothing in the document supports it; no status wording readable in the document; offices not enumerated; requires a full parse of the document"
TN,Weakley,results,document,2026-08-06,primary,unknown,pdf,unknown,unknown,47183,https://www.govoteweakley.gov/uploads/1/5/3/6/153624680/weakley_aug_26_republican_certification.pdf,2026-09-16,52c4be3ce25380e672928b427a55923bc515f44e54c0a1c51a05526bbcf5898f,8,weakley_aug_26_republican_certification.pdf,2026/2026-08-06/weakley/weakley_aug_26_republican_certification.pdf,"election date taken from a bare date on the page, not from an 'Election Date' label; the page states none; status DOWNGRADED: the filename says 'Certification of Election Results — Republican Primary Elect' but the document's first page yields no text by any means, so nothing in the document supports it; no status wording readable in the document; offices not enumerated; requires a full parse of the document"
TN,Weakley,results,document,2026-08-06,unknown,unknown,pdf,unknown,unknown,47183,https://www.govoteweakley.gov/uploads/1/5/3/6/153624680/weakley_aug_26_retention_certification.pdf,2026-09-16,eed47e8da860b3c8607d45e5924288c8d9442680a8f3196b558f2fabf88ba51c,6,weakley_aug_26_retention_certification.pdf,2026/2026-08-06/weakley/weakley_aug_26_retention_certification.pdf,"election date taken from a bare date on the page, not from an 'Election Date' label; the page states none; no election type readable from the document or its label; status DOWNGRADED: the filename says 'Certification of Election Results — State Judicial Retention' but the document's first page yields no text by any means, so nothing in the document supports it; no status wording readable in the document; offices not enumerated; requires a full parse of the document"
TN,White,results,document,2026-08-06,primary+general+municipal,unknown,pdf,election_night,unknown,47185,https://www.whitecountytnvotes.gov/_files/ugd/fb005c_6702a73a57f94b9096ec43a79ba7b2d7.pdf,2026-09-15,8d356d8d29be82d3c07b3a8d3202e73103c62afa3ad03afceb2bb5cf2c273e6e,10,fb005c_6702a73a57f94b9096ec43a79ba7b2d7.pdf,2026/2026-08-06/white/fb005c_6702a73a57f94b9096ec43a79ba7b2d7.pdf,"election date taken from a bare date on the page, not from an 'Election Date' label; the page states none; offices not enumerated; requires a full parse of the document; scanned, no text layer"
TN,White,results,document,2026-08-06,primary,unknown,pdf,certified_claimed,unknown,47185,https://www.whitecountytnvotes.gov/_files/ugd/fb005c_f5f76f18775e4d42ad4a56a0c100ab7b.pdf,2026-09-15,713672719254eb48a4e05a499ded9f25f7b9fc5d17cce16211c50250fae3dddf,46,fb005c_f5f76f18775e4d42ad4a56a0c100ab7b.pdf,2026/2026-08-06/white/fb005c_f5f76f18775e4d42ad4a56a0c100ab7b.pdf,"election date taken from a bare date on the page, not from an 'Election Date' label; the page states none; status is the DOCUMENT's own claim, read from its first page; no certification document is held; offices not enumerated; requires a full parse of the document; scanned, no text layer"
TN,Wilson,results,document,2026-08-06,primary+general,unknown,htm,unknown,unknown,47189,https://www.wilsontnvotes.gov/election-results-reporting/,2026-09-16,2372dd661144e03ace9b30abac86ab1605507846a21948147378d23268ea518d,unknown,Election-Results-Reporting-STATE-FEDERAL-PRIMARY-COUNTY.htm,2026/2026-08-06/wilson/Election-Results-Reporting-STATE-FEDERAL-PRIMARY-COUNTY.htm,"election date taken from a bare date on the page, not from an 'Election Date' label; the page states none; status DOWNGRADED: the filename says 'Election Results Reporting — STATE/FEDERAL PRIMARY & COUNTY ' but the document's first page yields no text by any means, so nothing in the document supports it; no status wording readable in the document; offices not enumerated; requires a full parse of the document"
TN,Gibson,results,document,2026-08-11,unknown,unknown,pdf,unknown,unknown,47053,https://irp.cdn-website.com/f769257e/files/uploaded/notice+of+meeting+August+18-+2026.pdf,2026-09-16,976cc489a13f96d7ba0082527595763ccf63a106f22e1044b870c71b5aed5dac,1,notice-of-meeting-August-18--2026.pdf,2026/2026-08-11/gibson/notice-of-meeting-August-18--2026.pdf,"election date taken from a bare date on the page, not from an 'Election Date' label; the page states none; no election type readable from the document or its label; status DOWNGRADED: the filename says 'notice+of+meeting+August+18-+2026.pdf' but the document's first page yields no text by any means, so nothing in the document supports it; no status wording readable in the document; offices not enumerated; requires a full parse of the document"
TN,Gibson,results,document,2026-09-10,unknown,unknown,pdf,unknown,unknown,47053,https://irp.cdn-website.com/f769257e/files/uploaded/notice+of+meeting+September+17-+2026.pdf,2026-09-16,3f1a55c6d989d49d2d712f4323ffb29efabd6ce46ad5de2bf95d11bc3f9f3c79,1,notice-of-meeting-September-17--2026.pdf,2026/2026-09-10/gibson/notice-of-meeting-September-17--2026.pdf,"election date taken from a bare date on the page, not from an 'Election Date' label; the page states none; no election type readable from the document or its label; no status wording readable in the document; offices not enumerated; requires a full parse of the document"
TN,Gibson,not-results,document,2026-11-03,n/a,unknown,pdf,n/a,unknown,47053,https://irp.cdn-website.com/f769257e/files/uploaded/NOTICE_OF_ELECTION+November+3-+2026-67566555.pdf,2026-09-16,8cc06376a12828afd361569a93a059eeb612d5d6dbdf39a34aa103dc96e5617f,1,NOTICE_OF_ELECTION-November-3--2026-67566555.pdf,2026/2026-11-03/gibson/NOTICE_OF_ELECTION-November-3--2026-67566555.pdf,"NOT a results document; published because the county did, and marked so; election date taken from a bare date on the page, not from an 'Election Date' label; the page states none; offices not enumerated; requires a full parse of the document"
TN,Gibson,results,document,2026-11-03,general+municipal,unknown,pdf,unknown,unknown,47053,https://irp.cdn-website.com/f769257e/files/uploaded/November+3-+2026+vacancy+notice.pdf,2026-09-16,d3375b3fe4b108c86b0f2f9e97ca2b030ad4b9f37b3b247e0ba754298b748c88,1,November-3--2026-vacancy-notice.pdf,2026/2026-11-03/gibson/November-3--2026-vacancy-notice.pdf,"election date taken from a bare date on the page, not from an 'Election Date' label; the page states none; no status wording readable in the document; offices not enumerated; requires a full parse of the document"
TN,Giles,not-results,document,2026-11-03,n/a,unknown,pdf,n/a,unknown,47055,https://gilescountytn.gov/wp-content/uploads/2026/08/Candidate-List-November-3-2026.pdf,2026-09-16,e657d21674a0f727674a8a68af24f6fa100b46c094edd0d86af18242bc189a32,1,Candidate-List-November-3-2026.pdf,2026/2026-11-03/giles/Candidate-List-November-3-2026.pdf,"NOT a results document; published because the county did, and marked so; election date taken from a bare date on the page, not from an 'Election Date' label; the page states none; offices not enumerated; requires a full parse of the document"
TN,Madison,results,document,2026-11-03,general+municipal,unknown,pdf,unknown,unknown,47113,https://madisoncountytn.gov/DocumentCenter/View/18038,2026-09-16,387278354658d2b26be756763efa7d1c4531606aefcddca3432d2e21eb85f22b,6,18038.pdf,2026/2026-11-03/madison/18038.pdf,"election date taken from a bare date on the page, not from an 'Election Date' label; the page states none; no status wording readable in the document; offices not enumerated; requires a full parse of the document"
TN,Pickett,results,document,2026-11-03,unknown,unknown,pdf,unknown,unknown,47137,https://www.pickettelection.info/2026Results.pdf,2026-09-15,263d1f4f64b544398ef6ab2d56c248ef68b02f046a61e08878ad15aee99dec4f,4,2026Results.pdf,2026/2026-11-03/pickett/2026Results.pdf,"election date taken from a bare date on the page, not from an 'Election Date' label; the page states none; MULTI-ELECTION DOCUMENT: its own text states 2 further election dates (2026-05-05, 2026-08-06). `election_date` records only the first one found and is NOT the whole of what this file covers. ⛔ The date is deliberately NOT overwritten — every one of these dates is true of this file, and picking one silently would be choosing by loop order. Read the document before excluding it from an election it may contain.; no election type readable from the document or its label; no status wording readable in the document; offices not enumerated; requires a full parse of the document"
TN,Madison,not-results,document,2027-12-25,n/a,unknown,pdf,n/a,unknown,47113,https://madisoncountytn.gov/DocumentCenter/View/15143/2025-Holiday-Schedule,2026-09-16,0612836888dcb389d077578cddaa5b85aec0d7084ceb8041ff55c87b42f4c1db,1,2025-Holiday-Schedule.pdf,2027/2027-12-25/madison/2025-Holiday-Schedule.pdf,"NOT a results document; published because the county did, and marked so; election date taken from a bare date on the page, not from an 'Election Date' label; the page states none; offices not enumerated; requires a full parse of the document"
TN,DeKalb,results,document,unknown,unknown,unknown,pdf,unknown,unknown,47041,https://www.dekalbelections.com/uploads/results/results-reports/1787086344-2.pdf,2026-09-16,f65a9ba77c24ca4fb8c07ecdd27c49c754b6dd6609cc4c55f8779f646eea4eb1,1,1787086344-2.pdf,date-unknown/dekalb/1787086344-2.pdf,"no election date readable from the document or its label; no election type readable from the document or its label; no status wording readable in the document; offices not enumerated; requires a full parse of the document; scanned, no text layer"
TN,Giles,not-results,document,unknown,n/a,unknown,pdf,n/a,unknown,47055,https://gilescountytn.gov/wp-content/uploads/2026/04/Records-Request-Policy.pdf,2026-09-16,a70f346724d2d2bf4f4342d719541f3b27631ff477a5182c901f0e348cf68d91,8,Records-Request-Policy.pdf,date-unknown/giles/Records-Request-Policy.pdf,"NOT a results document; published because the county did, and marked so; no election date readable from the document or its label; status DOWNGRADED: the filename says 'Records-Request-Policy.pdf' but the document's first page yields no text by any means, so nothing in the document supports it; offices not enumerated; requires a full parse of the document"
TN,Giles,not-results,document,unknown,n/a,unknown,pdf,n/a,unknown,47055,https://gilescountytn.gov/wp-content/uploads/2026/08/Subdivision-Standards-27Jun24-1.pdf,2026-09-16,98b15c8fa8e295549b0d557d5c874601e521c322b999def1c1d2f847801d22be,14,Subdivision-Standards-27Jun24-1.pdf,date-unknown/giles/Subdivision-Standards-27Jun24-1.pdf,"NOT a results document; published because the county did, and marked so; no election date readable from the document or its label; offices not enumerated; requires a full parse of the document"
TN,Madison,results,document,unknown,primary+general,unknown,pdf,unknown,unknown,47113,https://madisoncountytn.gov/DocumentCenter/View/18143,2026-09-16,afa4591ca6968a714b677c1af2fe0b5b8b12bb55e366aa382a82f9e43e725a8b,14,18143.pdf,date-unknown/madison/18143.pdf,"no election date readable from the document or its label; date/type read from the archive LABEL, not from the document, which yields no text by any means; no status wording readable in the document; offices not enumerated; requires a full parse of the document; scanned, no text layer"
TN,McMinn,results,document,unknown,unknown,unknown,pdf,unknown,unknown,47107,https://files.cdn-files-a.com/uploads/3293126/normal_68c317432ff8f.pdf,2026-09-16,7f0ecf04cbde178832ff55e6690c74dfc1f77b91f122cd4b4df29c75af3b19f1,1,normal_68c317432ff8f.pdf,date-unknown/mcminn/normal_68c317432ff8f.pdf,no election date readable from the document or its label; no election type readable from the document or its label; no status wording readable in the document; offices not enumerated; requires a full parse of the document
TN,Morgan,results,document,unknown,unknown,unknown,pdf,unknown,unknown,47129,https://img1.wsimg.com/blobby/go/ccb13f32-6036-4ffb-a201-be56e22d457e/downloads/aa171478-7aa7-4c47-8fea-c59f05918a8e/August%206%2C%202026%20unofficial%20Cumulative%20Results.pdf?ver=1788273376779,2026-09-16,0379b460730d596d1d50d0883d5168181171f1ae88c6f5b2f6ff98a3cf918158,10,August-6-2026-unofficial-Cumulative-Results.pdf,date-unknown/morgan/August-6-2026-unofficial-Cumulative-Results.pdf,"no election date readable from the document or its label; no election type readable from the document or its label; no status wording readable in the document; offices not enumerated; requires a full parse of the document; scanned, no text layer"
TN,Obion,results,document,unknown,unknown,unknown,htm,unknown,unknown,47131,https://www.obionvotes.com/electionresults/1.html,2026-09-16,ab25113ee7cb439804e4f931a005dd038565abdb61e5b03794ded5c33e50e5b1,unknown,1.htm,date-unknown/obion/1.htm,no election date readable from the document or its label; no election type readable from the document or its label; no status wording readable in the document; offices not enumerated; requires a full parse of the document
TN,Obion,results,document,unknown,unknown,unknown,htm,unknown,unknown,47131,https://www.obionvotes.com/electionresults/12.html,2026-09-16,7c82ef3ea6182e25b6736ce899823f0fde9d2c30f947d43b4cda41cc9cd00e28,unknown,12.htm,date-unknown/obion/12.htm,no election date readable from the document or its label; no election type readable from the document or its label; no status wording readable in the document; offices not enumerated; requires a full parse of the document
TN,Obion,results,document,unknown,unknown,unknown,htm,unknown,unknown,47131,https://www.obionvotes.com/electionresults/18.html,2026-09-16,7cbe6ca75d3b24d1518736da0168a3410d5c0d84f1b6188d6126cb1040b79f5b,unknown,18.htm,date-unknown/obion/18.htm,no election date readable from the document or its label; no election type readable from the document or its label; no status wording readable in the document; offices not enumerated; requires a full parse of the document
TN,Obion,results,document,unknown,unknown,unknown,htm,unknown,unknown,47131,https://www.obionvotes.com/electionresults/26.html,2026-09-16,ab200e0c8a61bf30667c4871bfe7981c6a837d1e01d0e07282cc02a755f7fabd,unknown,26.htm,date-unknown/obion/26.htm,no election date readable from the document or its label; no election type readable from the document or its label; no status wording readable in the document; offices not enumerated; requires a full parse of the document
TN,Obion,results,document,unknown,unknown,unknown,htm,unknown,unknown,47131,https://www.obionvotes.com/electionresults/31.html,2026-09-16,2dd77787bc53f660ee500ec8444c961aa359a4d8c883986032b9935957e3ff21,unknown,31.htm,date-unknown/obion/31.htm,no election date readable from the document or its label; no election type readable from the document or its label; no status wording readable in the document; offices not enumerated; requires a full parse of the document
TN,Obion,results,document,unknown,unknown,unknown,htm,unknown,unknown,47131,https://www.obionvotes.com/electionresults/34.html,2026-09-16,b9e1537d175429fe790928531acf833c56511988e6800aeff554ce0c26f9da6f,unknown,34.htm,date-unknown/obion/34.htm,no election date readable from the document or its label; no election type readable from the document or its label; no status wording readable in the document; offices not enumerated; requires a full parse of the document
TN,Obion,results,document,unknown,unknown,unknown,htm,unknown,unknown,47131,https://www.obionvotes.com/electionresults/37.html,2026-09-16,0d4fd452cc829f49cb5ede1852f933173e8631ac23ee676f1939c40b74b4a1f6,unknown,37.htm,date-unknown/obion/37.htm,no election date readable from the document or its label; no election type readable from the document or its label; no status wording readable in the document; offices not enumerated; requires a full parse of the document
TN,Obion,results,document,unknown,unknown,unknown,htm,unknown,unknown,47131,https://www.obionvotes.com/electionresults/4.html,2026-09-16,a0e1e8f2a59ba509c78bcde811e13a1ba0ee7e1301d6878436e37248ca59220a,unknown,4.htm,date-unknown/obion/4.htm,no election date readable from the document or its label; no election type readable from the document or its label; no status wording readable in the document; offices not enumerated; requires a full parse of the document
TN,Obion,results,document,unknown,unknown,unknown,htm,unknown,unknown,47131,https://www.obionvotes.com/electionresults/40.html,2026-09-16,14e6dc7c36cc28cc58f26c0269b42150186976043637608f6c5452b43ea3dc84,unknown,40.htm,date-unknown/obion/40.htm,no election date readable from the document or its label; no election type readable from the document or its label; no status wording readable in the document; offices not enumerated; requires a full parse of the document
TN,Obion,results,document,unknown,unknown,unknown,htm,unknown,unknown,47131,https://www.obionvotes.com/electionresults/45.html,2026-09-16,d52302450ec7b6d8367441b836e6b1c959e833d7ca6fa6f7312f743d5eb0b872,unknown,45.htm,date-unknown/obion/45.htm,no election date readable from the document or its label; no election type readable from the document or its label; no status wording readable in the document; offices not enumerated; requires a full parse of the document
TN,Obion,results,document,unknown,unknown,unknown,htm,unknown,unknown,47131,https://www.obionvotes.com/electionresults/50.html,2026-09-16,f84a074d2c4287a952ef8bae43541bdf706727d876bdc58dfdd049ad47a9fdf4,unknown,50.htm,date-unknown/obion/50.htm,no election date readable from the document or its label; no election type readable from the document or its label; no status wording readable in the document; offices not enumerated; requires a full parse of the document
TN,Obion,results,document,unknown,unknown,unknown,htm,unknown,unknown,47131,https://www.obionvotes.com/electionresults/9.html,2026-09-16,94115c934003b22dcabec3b89db6538cf0ebda2a000095b66c86594d41637512,unknown,9.htm,date-unknown/obion/9.htm,no election date readable from the document or its label; no election type readable from the document or its label; no status wording readable in the document; offices not enumerated; requires a full parse of the document
TN,Obion,results,document,unknown,unknown,unknown,htm,unknown,unknown,47131,https://www.obionvotes.com/electionresults/precinct.html,2026-09-16,f7c8a8040a3c79be32ffc9bc5679b8f93ce2643b79f273c52061818e78a59d79,unknown,precinct.htm,date-unknown/obion/precinct.htm,no election date readable from the document or its label; no election type readable from the document or its label; no status wording readable in the document; offices not enumerated; requires a full parse of the document
TN,Obion,results,document,unknown,unknown,unknown,htm,unknown,unknown,47131,https://www.obionvotes.com/electionresults/summary.html,2026-09-16,734d6a6e9033cde84d73b193294ba71df55cd571f1c88566bf1a77a07bb9e991,unknown,summary.htm,date-unknown/obion/summary.htm,no election date readable from the document or its label; no election type readable from the document or its label; no status wording readable in the document; offices not enumerated; requires a full parse of the document
TN,Rutherford,results,document,unknown,unknown,unknown,htm,unknown,unknown,47149,https://secured.rutherfordcountytn.gov/election/080626-html/menu.htm,2026-09-16,99d0bb3f4c2e33d77c8de09d7aa965dbe9f38f9dabac405f28cd313d7ab7e02b,unknown,menu.htm,date-unknown/rutherford/menu.htm,"no election date readable from the document or its label; no election type readable from the document or its label; status DOWNGRADED: the filename says 'Precinct Summary Report Index (links to 33 precinct files)' but the document's first page yields no text by any means, so nothing in the document supports it; no status wording readable in the document; offices not enumerated; requires a full parse of the document"
TN,Sequatchie,results,document,unknown,unknown,unknown,bin,unknown,unknown,47153,https://sequatchiecountytn.gov/uploads/attachments/att_6a7542c66b36c9.84341906.png,2026-09-16,eb77f3b9859d0c6e6c25f6f6693dfc280effe332366f4c603bd56ed7125b5637,unknown,att_6a7542c66b36c9.84341906.bin,date-unknown/sequatchie/att_6a7542c66b36c9.84341906.bin,no election date readable from the document or its label; no election type readable from the document or its label; no status wording readable in the document; offices not enumerated; requires a full parse of the document
TN,Sequatchie,results,document,unknown,unknown,unknown,bin,unknown,unknown,47153,https://sequatchiecountytn.gov/uploads/attachments/att_6a7542c674df92.33462228.png,2026-09-16,f4c352bf6a316879aebeb08caa781cad442c4a2de6adb3454ec4dad3f3a7f13e,unknown,att_6a7542c674df92.33462228.bin,date-unknown/sequatchie/att_6a7542c674df92.33462228.bin,no election date readable from the document or its label; no election type readable from the document or its label; no status wording readable in the document; offices not enumerated; requires a full parse of the document
TN,Sequatchie,results,document,unknown,unknown,unknown,bin,unknown,unknown,47153,https://sequatchiecountytn.gov/uploads/attachments/att_6a7542c69aa6e6.91147349.png,2026-09-16,05832500a24f4b6d49d0959089b239f1f97a9260b868b9345f71fa126a16164d,unknown,att_6a7542c69aa6e6.91147349.bin,date-unknown/sequatchie/att_6a7542c69aa6e6.91147349.bin,no election date readable from the document or its label; no election type readable from the document or its label; no status wording readable in the document; offices not enumerated; requires a full parse of the document
TN,Sequatchie,results,document,unknown,unknown,unknown,bin,unknown,unknown,47153,https://sequatchiecountytn.gov/uploads/attachments/att_6a7542c6c3ab86.96282647.png,2026-09-16,a3c08baef8c51c7224795f093e1e20ae2e67cc2dca9cc45805131bd4f53e8041,unknown,att_6a7542c6c3ab86.96282647.bin,date-unknown/sequatchie/att_6a7542c6c3ab86.96282647.bin,no election date readable from the document or its label; no election type readable from the document or its label; no status wording readable in the document; offices not enumerated; requires a full parse of the document
TN,Sequatchie,results,document,unknown,unknown,unknown,bin,unknown,unknown,47153,https://sequatchiecountytn.gov/uploads/attachments/att_6a7542c6e8c9f1.72932584.png,2026-09-16,862a386ffd25c8a0d9821143622a457e11cb8603a9dc5dcff6742fae9cd129dc,unknown,att_6a7542c6e8c9f1.72932584.bin,date-unknown/sequatchie/att_6a7542c6e8c9f1.72932584.bin,no election date readable from the document or its label; no election type readable from the document or its label; no status wording readable in the document; offices not enumerated; requires a full parse of the document
TN,Sequatchie,results,document,unknown,unknown,unknown,bin,unknown,unknown,47153,https://sequatchiecountytn.gov/uploads/attachments/att_6a7542c715c780.63999435.png,2026-09-16,6722c83e7050b7d10f06bbbfaafd74aa697a8784c33da83b2820b6d08580fd34,unknown,att_6a7542c715c780.63999435.bin,date-unknown/sequatchie/att_6a7542c715c780.63999435.bin,no election date readable from the document or its label; no election type readable from the document or its label; no status wording readable in the document; offices not enumerated; requires a full parse of the document
TN,Smith,not-results,document,unknown,n/a,unknown,htm,n/a,unknown,47159,https://www.smithcountyelection.com/upload_results/Smith_ElecSumm_All.htm,2026-09-16,48a556cb116013b2a0bb809aba9c4fbc1e472fbba0f91b44d68b8907fd8cd0f8,unknown,Smith_ElecSumm_All.htm,date-unknown/smith/Smith_ElecSumm_All.htm,"NOT a results document; published because the county did, and marked so; no election date readable from the document or its label; offices not enumerated; requires a full parse of the document"
TN,Stewart,results,document,unknown,unknown,unknown,pdf,unknown,unknown,47161,https://stewartcountyelection.com/wp-content/uploads/2025/11/0804_251014130948_001.pdf,2026-09-16,dd4114839eac610d0c25a48edb3e85ac11b7084984219404c267bf950cfda926,7,0804_251014130948_001.pdf,date-unknown/stewart/0804_251014130948_001.pdf,"no election date readable from the document or its label; no election type readable from the document or its label; no status wording readable in the document; offices not enumerated; requires a full parse of the document; scanned, no text layer"
TN,Stewart,results,document,unknown,primary+general,unknown,pdf,unknown,unknown,47161,https://stewartcountyelection.com/wp-content/uploads/2018/08/August-2nd-Unofficial-Election-Results.pdf,2026-09-16,ffd2ba49d027bbb54b576bd383cb4a1a39ad65859ebc7420af40e48c0e6ca0cd,5,August-2nd-Unofficial-Election-Results.pdf,date-unknown/stewart/August-2nd-Unofficial-Election-Results.pdf,no election date readable from the document or its label; no status wording readable in the document; offices not enumerated; requires a full parse of the document
TN,Stewart,results,document,unknown,unknown,unknown,pdf,unknown,unknown,47161,https://stewartcountyelection.com/wp-content/uploads/2018/08/August-2nd-Unofficial-results-by-precinct.pdf,2026-09-16,140931fd5b32c979dc844ae0fc22bb4ee1e1cfc6f9386fc4a5cc2f79a88c7733,4,August-2nd-Unofficial-results-by-precinct.pdf,date-unknown/stewart/August-2nd-Unofficial-results-by-precinct.pdf,"no election date readable from the document or its label; no election type readable from the document or its label; status DOWNGRADED: the filename says 'August-2nd-Unofficial-results-by-precinct.pdf' but the document's first page yields no text by any means, so nothing in the document supports it; no status wording readable in the document; offices not enumerated; requires a full parse of the document"
TN,Tipton,results,document,unknown,unknown,unknown,htm,unknown,unknown,47167,https://cms4files1.revize.com/tiptoncounty/files/election_results/,2026-09-16,8bfa9401e62e7645fe3d346943dd1ca5b9045c7b6de6e7514d2f9b8dfeb9b8e5,unknown,Election-Results-index-links-to-9-named-precincts.htm,date-unknown/tipton/Election-Results-index-links-to-9-named-precincts.htm,no election date readable from the document or its label; no election type readable from the document or its label; no status wording readable in the document; offices not enumerated; requires a full parse of the document
TN,Trousdale,results,document,unknown,primary+general+municipal,unknown,pdf,certified_claimed,unknown,47169,https://img1.wsimg.com/blobby/go/61863425-9c28-46ba-afe2-9847f100caa3/Certificate%20of%20Write-in%20candidacy_0001.pdf,2026-09-16,e4732aa7160e0e021f6b165f748521f75769a411a5b13472a69406abcd9ceddf,1,Certificate-of-Write-in-candidacy_0001.pdf,date-unknown/trousdale/Certificate-of-Write-in-candidacy_0001.pdf,"no election date readable from the document or its label; status is the DOCUMENT's own claim, read from its first page; no certification document is held; offices not enumerated; requires a full parse of the document; scanned, no text layer"
TN,Unicoi,not-results,document,unknown,n/a,unknown,pdf,n/a,unknown,47171,http://unicoivotes.com/wp-content/uploads/2026/01/2026-Holiday-Schedule.pdf,2026-09-16,ed033b7fb911c5cccb583fe429bab47d162abb4329212ead0e3f07993c90ac89,1,2026-Holiday-Schedule.pdf,date-unknown/unicoi/2026-Holiday-Schedule.pdf,"NOT a results document; published because the county did, and marked so; no election date readable from the document or its label; offices not enumerated; requires a full parse of the document"
TN,Williamson,results,document,unknown,unknown,unknown,pdf,certified_claimed,unknown,47187,https://www.williamsoncounty-tn.gov/DocumentCenter/View/29562,2026-09-15,1b5ece07212b7919f6baafb58631b8d6850185d77cb038fbbb86bfc66344f206,14,29562.pdf,date-unknown/williamson/29562.pdf,"no election date readable from the document or its label; no election type readable from the document or its label; status is the DOCUMENT's own claim, read from its first page; no certification document is held; offices not enumerated; requires a full parse of the document; scanned, no text layer"
TN,Davidson,results,feed-capture,2026-08-06,unknown,unknown,xml,unknown,unknown,47037,https://www.nashville.gov/proxy-request/election-returns,2026-09-16,035944b443a63661532a306fd4aef1517790e03b09508cafc71845150d65ea97,unknown,election-returns.xml,feed-captures/2026-08-06/davidson/election-returns.xml,"FEED CAPTURE, not a published document: this is our dated capture of a query response, and what the county published has no fixed answer for it; no election type readable from the document or its label; status DOWNGRADED: the filename says 'election-returns' but the document's first page yields no text by any means, so nothing in the document supports it; no status wording readable in the document; offices not enumerated; requires a full parse of the document"
TN,Hamilton,results,feed-capture,2026-08-06,primary,unknown,bin,unknown,unknown,47065,https://govotehamiltontn.gov/2608-OfficialResults/assets/data.js,2026-09-16,19773a396b8264ae6ad0bc02857d7203a1138079e1cc32cc3268c40a597c90d7,unknown,County-Wide-Election-Dashboard-2026-08-06-State-Primary-DET.bin,feed-captures/2026-08-06/hamilton/County-Wide-Election-Dashboard-2026-08-06-State-Primary-DET.bin,"FEED CAPTURE, not a published document: this is our dated capture of a query response, and what the county published has no fixed answer for it; date/type read from the archive LABEL, not from the document, which yields no text by any means; no status wording readable in the document; offices not enumerated; requires a full parse of the document"
TN,Shelby,results,feed-capture,2026-08-06,primary+general+municipal,unknown,json,unknown,unknown,47157,https://app.enhancedvoting.com/results/public/api/elections/shelby-county-tn/08062026CountyGeneralStateandFederalMunicipal/data,2026-09-16,5526b1a239d3280948439d6f67aafe64c013c0498e57d301e37360ff3361b83b,unknown,data.json,feed-captures/2026-08-06/shelby/data.json,"election date taken from a bare date on the page, not from an 'Election Date' label; the page states none; FEED CAPTURE, not a published document: this is our dated capture of a query response, and what the county published has no fixed answer for it; status DOWNGRADED: the filename says 'data' but the document's first page yields no text by any means, so nothing in the document supports it; no status wording readable in the document; offices not enumerated; requires a full parse of the document"
TN,Montgomery,results,feed-capture,unknown,unknown,unknown,json,unknown,unknown,47125,https://election.montgomerytn.gov/assets/data.json,2026-09-16,2ff4636c1f9c644a87f1631bcc272f319558a3e0128ab04b1589eea4ddc3f9fd,unknown,data.json,feed-captures/date-unknown/montgomery/data.json,"FEED CAPTURE, not a published document: this is our dated capture of a query response, and what the county published has no fixed answer for it; feed capture carries no election date of its own; the only timestamp in it records when the feed was refreshed, which is not the election; no election date readable from the document or its label; no election type readable from the document or its label; no status wording readable in the document; offices not enumerated; requires a full parse of the document"
