COUNTY NUMBER,PRECINCT CODE,PRECINCT NAME,REGISTERED VOTERS TOTAL,BALLOTS CAST TOTAL,BALLOTS CAST - Republican,BALLOTS CAST - Democratic,BALLOTS CAST - General,REP Governor,REP Governor,REP Governor,REP United States Senate,"REP United States House of Representatives, District 3","REP Tennessee Senate, District 11 District 11","REP Tennessee House of Representatives, District 26 District 26","REP Tennessee House of Representatives, District 27 District 27","REP Tennessee House of Representatives, District 27 District 27","REP Tennessee House of Representatives, District 28 District 28","REP Tennessee House of Representatives, District 29 District 29","REP Tennessee House of Representatives, District 30 District 30","REP State Executive Committeeman, District 10 District 10","REP State Executive Committeeman, District 11 District 11","REP State Executive Committeeman, District 11 District 11","REP State Executive Committeewoman, District 10 District 10","REP State Executive Committeewoman, District 11 District 11","REP State Executive Committeewoman, District 11 District 11",DEM Governor,DEM Governor,DEM Governor,DEM Governor,DEM Governor,DEM United States Senate,DEM United States Senate,DEM United States Senate,DEM United States Senate,DEM United States Senate,"DEM United States House of Representatives, District 3","DEM United States House of Representatives, District 3","DEM Tennessee Senate, District 11 District 11","DEM Tennessee House of Representatives, District 26 District 26","DEM Tennessee House of Representatives, District 26 District 26","DEM Tennessee House of Representatives, District 27 District 27","DEM Tennessee House of Representatives, District 28 District 28","DEM Tennessee House of Representatives, District 29 District 29","DEM Tennessee House of Representatives, District 30 District 30","DEM State Executive Committeeman, District 10 District 10","DEM State Executive Committeeman, District 11 District 11","DEM State Executive Committeeman, District 11 District 11","DEM State Executive Committeewoman, District 10 District 10","DEM State Executive Committeewoman, District 11 District 11","Circuit Court Judge, Div. 2",County Mayor,County Mayor,"County Commission, District 1 District 1","County Commission, District 1 District 1","County Commission, District 2 District 2","County Commission, District 2 District 2","County Commission, District 3 District 3","County Commission, District 4 District 4","County Commission, District 5 District 5","County Commission, District 6 District 6","County Commission, District 6 District 6","County Commission, District 7 District 7","County Commission, District 7 District 7","County Commission, District 8 District 8","County Commission, District 8 District 8","County Commission, District 9 District 9","County Commission, District 10 District 10","County Commission, District 11 District 11","County Commission, District 11 District 11",County Trustee,"General Sessions Court Judge, Div. 2",Sheriff,Circuit Court Clerk,Criminal Court Clerk,Criminal Court Clerk,Juvenile Court Clerk,County Clerk,County Clerk,Register of Deeds,"County School Board, District 3 District 3","County School Board, District 3 District 3","County School Board, District 3 District 3","County School Board, District 5 District 5","County School Board, District 6 District 6","County School Board, District 6 District 6","County School Board, District 8 District 8","County School Board, District 8 District 8","County School Board, District 9 District 9","County School Board, District 9 District 9",Collegedale City Judge Collegedale,Town of Lookout Mountain Commission Lookout Mountain,Town of Lookout Mountain Commission Lookout Mountain,Town of Lookout Mountain Commission Lookout Mountain,Town of Lookout Mountain Commission Lookout Mountain,Town of Lookout Mountain Commission Lookout Mountain,Town of Lookout Mountain Commission Lookout Mountain,Town of Lookout Mountain School Board Lookout Mountain,Town of Lookout Mountain School Board Lookout Mountain,Town of Lookout Mountain School Board Lookout Mountain,Red Bank City Judge Red Bank,Red Bank City Judge Red Bank,Red Bank City Judge Red Bank,Judge Kyle Hixson,Judge Kyle Hixson,Judge Mary Wagner,Judge Mary Wagner,"Judge William Phillips, II","Judge William Phillips, II",Judge Steve Maroney,Judge Steve Maroney,Judge Valerie Smith,Judge Valerie Smith,Judge Stacy Street,Judge Stacy Street,Judge Steven Sword,Judge Steven Sword
,,,,,REP,DEM,GEN,REP,REP,REP,REP,REP,REP,REP,REP,REP,REP,REP,REP,REP,REP,REP,REP,REP,REP,DEM,DEM,DEM,DEM,DEM,DEM,DEM,DEM,DEM,DEM,DEM,DEM,DEM,DEM,DEM,DEM,DEM,DEM,DEM,DEM,DEM,DEM,DEM,DEM,GEN,GEN,GEN,GEN,GEN,GEN,GEN,GEN,GEN,GEN,GEN,GEN,GEN,GEN,GEN,GEN,GEN,GEN,GEN,GEN,GEN,GEN,GEN,GEN,GEN,GEN,GEN,GEN,GEN,GEN,GEN,GEN,GEN,GEN,GEN,GEN,GEN,GEN,GEN,GEN,GEN,GEN,GEN,GEN,GEN,GEN,GEN,GEN,GEN,GEN,GEN,GEN,GEN,GEN,GEN,GEN,GEN,GEN,GEN,GEN,GEN,GEN,GEN,GEN,GEN,GEN,GEN
,,,VOTERS,BALLOTS CAST,BALLOTS CAST,BALLOTS CAST,BALLOTS CAST,Marsha Blackburn,Monty Fritts,John Rose,Bill Hagerty,Chuck Fleischmann,Bo Watson,Greg Martin,Tony Hullender,Michele Reneau,No Candidate Qualified,Greg Vital,Esther Helton Haynes,Kenneth J (Ken) Meyer,Derek Greene,David G. Queen,Emily Goldberg,Jane Armstrong,Tina J. Benkiser,Carnita Atwater,Tim Cyr,Jerri Green,"Adam ""Ditch"" Kurtz",Kevin Lee McCants,Marquita Bradshaw,Maria Brewer,Kevin Lee McCants,Civil Miller-Watkins,Diana Onyejiaka,Anna Golladay,Bryan Martin,Tim Roberts,Nathan B. Denton,Lucian LaFae,Paige Quirin,Yusuf A. Hakeem,Ryan V. Scofield,Art Rymer,Chris Anderson,Tahcere Alexander,Ryan V. Scofield,Heather McClendon,Lisa Crowder,REP Jennifer K. Peck,REP Weston Wamp,DEM Mark Herndon,REP Gene-o Shipley,DEM Mona Petro,REP Chip Baker,DEM Amanda Sovago-Royal,REP Ken Smith,DEM Warren Mackey,DEM Katherlyn Geter,DEM David Sharpe,Justin Pinkerton,REP Lee Helton,DEM Laura J. Bertrand,REP Mike Chauncey,DEM Joshua Wichman,REP Steve Highlander,REP Jeff Eversole,"REP Joseph ""Joe"" Graham",DEM Montrell Besley,REP Bill Hullander,Tori Smith,REP Austin Garrett,REP Larry L. Henry,REP Vince Dean,DEM Aaliyah K. Hakeem,REP Gary D. Behler,REP Brooke Weaver,George Ryan Love,REP Marc Gravitt,REP Ashley R Dillon,DEM Ruth Walker,Sandy Pricer,DEM Thessela White,REP Cindy Fain,DEM Ben Connor,REP Sabrina Daniel,DEM Katie Perkins,REP Gary Kuehn,DEM Jordan Hammond,"Curtis L. Bowe, III",Jim Bentley,Karen Leavengood,Lindsey Parks,Jake Tallent,"John Charles Tugman, Jr.",William Valadez,Julie G Fisher,Karen Welborn,James T. Williams,Bryan Hoss,Meredith Mochel,Emily O'Donnell,Retain,Replace,Retain,Replace,Retain,Replace,Retain,Replace,Retain,Replace,Retain,Replace,Retain,Replace
Election Day,0001,AIRPORT A,446,50,9,33,8,3,3,2,9,9,9,0,0,0,0,2,0,0,4,4,0,4,4,10,3,15,1,3,20,3,2,2,2,15,11,24,0,0,0,25,1,0,0,20,4,0,23,22,10,35,0,0,0,0,0,0,46,0,0,0,0,0,0,0,0,0,0,23,34,24,20,9,34,19,9,25,19,0,0,0,41,0,0,0,0,0,0,0,0,0,0,0,0,0,0,0,0,0,0,0,22,14,23,13,18,15,15,18,22,11,18,14,20,13
Early Voting,0001,AIRPORT A,446,41,9,32,0,7,1,1,9,9,9,0,0,0,0,1,0,0,7,0,0,6,1,5,1,20,0,0,23,4,0,0,1,14,11,24,0,0,0,31,0,0,0,16,7,0,20,21,10,29,0,0,0,0,0,0,34,0,0,0,0,0,0,0,0,0,0,19,29,19,20,10,27,21,11,19,20,0,0,0,34,0,0,0,0,0,0,0,0,0,0,0,0,0,0,0,0,0,0,0,18,13,20,10,16,13,14,15,19,11,17,12,17,13
Absentee,0001,AIRPORT A,446,2,2,0,0,1,1,0,2,1,2,0,0,0,0,1,0,0,1,1,0,1,0,0,0,0,0,0,0,0,0,0,0,0,0,0,0,0,0,0,0,0,0,0,0,0,0,2,2,0,0,0,0,0,0,0,1,0,0,0,0,0,0,0,0,0,0,2,2,1,2,1,0,2,1,1,2,0,0,0,1,0,0,0,0,0,0,0,0,0,0,0,0,0,0,0,0,0,0,0,1,0,1,0,1,0,1,0,1,0,0,0,1,0
Provisional,0001,AIRPORT A,446,0,0,0,0,0,0,0,0,0,0,0,0,0,0,0,0,0,0,0,0,0,0,0,0,0,0,0,0,0,0,0,0,0,0,0,0,0,0,0,0,0,0,0,0,0,0,0,0,0,0,0,0,0,0,0,0,0,0,0,0,0,0,0,0,0,0,0,0,0,0,0,0,0,0,0,0,0,0,0,0,0,0,0,0,0,0,0,0,0,0,0,0,0,0,0,0,0,0,0,0,0,0,0,0,0,0,0,0,0,0,0,0,0
Military & Overseas,0001,AIRPORT A,446,0,0,0,0,0,0,0,0,0,0,0,0,0,0,0,0,0,0,0,0,0,0,0,0,0,0,0,0,0,0,0,0,0,0,0,0,0,0,0,0,0,0,0,0,0,0,0,0,0,0,0,0,0,0,0,0,0,0,0,0,0,0,0,0,0,0,0,0,0,0,0,0,0,0,0,0,0,0,0,0,0,0,0,0,0,0,0,0,0,0,0,0,0,0,0,0,0,0,0,0,0,0,0,0,0,0,0,0,0,0,0,0,0
Nursing Home,0001,AIRPORT A,446,0,0,0,0,0,0,0,0,0,0,0,0,0,0,0,0,0,0,0,0,0,0,0,0,0,0,0,0,0,0,0,0,0,0,0,0,0,0,0,0,0,0,0,0,0,0,0,0,0,0,0,0,0,0,0,0,0,0,0,0,0,0,0,0,0,0,0,0,0,0,0,0,0,0,0,0,0,0,0,0,0,0,0,0,0,0,0,0,0,0,0,0,0,0,0,0,0,0,0,0,0,0,0,0,0,0,0,0,0,0,0,0,0
Election Day,0002,AIRPORT B,1290,144,47,95,2,23,8,14,43,41,0,0,0,0,0,26,0,41,0,0,38,0,0,31,5,39,1,14,52,8,15,2,10,56,20,0,0,0,0,70,12,0,73,0,0,69,0,79,56,84,0,0,0,0,0,0,104,0,0,0,0,0,0,0,0,0,0,78,99,76,78,48,76,72,45,55,64,0,0,0,92,0,0,0,0,0,0,0,0,0,0,0,0,0,0,0,0,0,0,0,53,43,60,38,55,44,56,41,67,32,61,38,58,40
Early Voting,0002,AIRPORT B,1290,145,57,87,1,31,13,12,53,52,0,0,0,0,0,22,0,52,0,0,47,0,0,17,4,41,3,14,46,9,16,2,5,52,24,0,0,0,0,66,14,0,73,0,0,71,0,82,61,77,0,0,0,0,0,0,101,0,0,0,0,0,0,0,0,0,0,91,108,84,86,60,81,85,64,60,83,0,0,0,97,0,0,0,0,0,0,0,0,0,0,0,0,0,0,0,0,0,0,0,74,45,82,37,83,34,78,40,83,35,81,36,74,44
Absentee,0002,AIRPORT B,1290,14,4,10,0,2,0,2,4,4,0,0,0,0,0,2,0,4,0,0,4,0,0,2,1,4,2,1,7,1,1,0,0,6,2,0,0,0,0,9,0,0,7,0,0,7,0,9,5,9,0,0,0,0,0,0,11,0,0,0,0,0,0,0,0,0,0,10,9,10,10,5,9,10,6,5,10,0,0,0,11,0,0,0,0,0,0,0,0,0,0,0,0,0,0,0,0,0,0,0,10,2,11,0,10,1,10,1,10,1,10,1,10,1
Provisional,0002,AIRPORT B,1290,0,0,0,0,0,0,0,0,0,0,0,0,0,0,0,0,0,0,0,0,0,0,0,0,0,0,0,0,0,0,0,0,0,0,0,0,0,0,0,0,0,0,0,0,0,0,0,0,0,0,0,0,0,0,0,0,0,0,0,0,0,0,0,0,0,0,0,0,0,0,0,0,0,0,0,0,0,0,0,0,0,0,0,0,0,0,0,0,0,0,0,0,0,0,0,0,0,0,0,0,0,0,0,0,0,0,0,0,0,0,0,0,0
Military & Overseas,0002,AIRPORT B,1290,0,0,0,0,0,0,0,0,0,0,0,0,0,0,0,0,0,0,0,0,0,0,0,0,0,0,0,0,0,0,0,0,0,0,0,0,0,0,0,0,0,0,0,0,0,0,0,0,0,0,0,0,0,0,0,0,0,0,0,0,0,0,0,0,0,0,0,0,0,0,0,0,0,0,0,0,0,0,0,0,0,0,0,0,0,0,0,0,0,0,0,0,0,0,0,0,0,0,0,0,0,0,0,0,0,0,0,0,0,0,0,0,0
Nursing Home,0002,AIRPORT B,1290,16,14,2,0,7,5,2,12,12,0,0,0,0,0,11,0,12,0,0,9,0,0,0,0,1,0,1,0,0,1,1,0,2,0,0,0,0,0,2,0,0,2,0,0,2,0,14,14,2,0,0,0,0,0,0,10,0,0,0,0,0,0,0,0,0,0,12,12,11,12,11,3,12,11,4,13,0,0,0,4,0,0,0,0,0,0,0,0,0,0,0,0,0,0,0,0,0,0,0,11,0,11,0,10,1,10,0,10,0,9,0,10,1
Election Day,0003,ALTON PARK,1917,294,14,269,11,5,3,5,12,12,0,0,0,0,0,0,3,12,0,0,13,0,0,88,18,87,9,30,160,29,24,4,19,153,63,0,0,0,0,238,0,8,187,0,0,184,0,123,29,245,0,0,0,0,0,0,0,0,0,0,0,0,0,0,0,18,273,104,182,106,114,23,250,110,37,167,106,0,0,0,0,0,0,0,0,0,0,0,0,0,0,0,0,0,0,0,0,0,0,0,95,129,112,113,112,110,99,128,135,89,128,94,95,130
Early Voting,0003,ALTON PARK,1917,161,11,148,2,5,3,2,8,8,0,0,0,0,0,0,4,8,0,0,8,0,0,36,6,56,2,25,85,13,17,1,14,79,38,0,0,0,0,126,0,10,105,0,0,101,0,54,17,135,0,0,0,0,0,0,0,0,0,0,0,0,0,0,0,8,149,49,97,49,47,11,145,42,20,91,46,0,0,0,0,0,0,0,0,0,0,0,0,0,0,0,0,0,0,0,0,0,0,0,53,66,65,54,58,57,49,63,77,42,75,43,56,63
Absentee,0003,ALTON PARK,1917,11,2,4,5,2,0,0,2,1,0,0,0,0,0,0,1,2,0,0,1,0,0,2,0,0,0,2,3,0,1,0,0,4,0,0,0,0,0,4,0,0,4,0,0,4,0,6,3,8,0,0,0,0,0,0,0,0,0,0,0,0,0,0,0,4,6,9,7,9,8,2,8,8,2,6,9,0,0,0,0,0,0,0,0,0,0,0,0,0,0,0,0,0,0,0,0,0,0,0,3,5,3,5,4,4,3,5,7,1,5,3,3,7
Provisional,0003,ALTON PARK,1917,1,0,1,0,0,0,0,0,0,0,0,0,0,0,0,0,0,0,0,0,0,0,0,0,0,0,1,0,0,1,0,0,0,1,0,0,0,0,1,0,0,0,0,0,0,0,0,0,1,0,0,0,0,0,0,0,0,0,0,0,0,0,0,0,0,1,0,0,0,0,0,1,0,0,1,0,0,0,0,0,0,0,0,0,0,0,0,0,0,0,0,0,0,0,0,0,0,0,0,0,0,0,0,0,0,0,0,0,0,0,0,0,0
Military & Overseas,0003,ALTON PARK,1917,0,0,0,0,0,0,0,0,0,0,0,0,0,0,0,0,0,0,0,0,0,0,0,0,0,0,0,0,0,0,0,0,0,0,0,0,0,0,0,0,0,0,0,0,0,0,0,0,0,0,0,0,0,0,0,0,0,0,0,0,0,0,0,0,0,0,0,0,0,0,0,0,0,0,0,0,0,0,0,0,0,0,0,0,0,0,0,0,0,0,0,0,0,0,0,0,0,0,0,0,0,0,0,0,0,0,0,0,0,0,0,0,0
Nursing Home,0003,ALTON PARK,1917,12,2,9,1,1,0,1,2,2,0,0,0,0,0,0,0,2,0,0,2,0,0,2,0,2,2,0,3,1,2,1,1,2,6,0,0,0,0,8,0,0,7,0,0,8,0,8,5,6,0,0,0,0,0,0,0,0,0,0,0,0,0,0,0,5,4,6,9,8,7,3,7,6,3,5,5,0,0,0,0,0,0,0,0,0,0,0,0,0,0,0,0,0,0,0,0,0,0,0,6,2,7,2,6,2,7,2,7,2,7,2,7,2
Election Day,0004,APISON A,1887,259,213,39,7,97,44,67,197,194,0,0,0,0,0,0,185,189,0,0,178,0,0,6,4,24,1,2,27,5,1,2,3,32,4,0,0,0,0,0,0,33,29,0,0,32,0,213,196,55,0,0,0,0,0,0,0,0,0,184,64,0,0,0,0,0,0,203,220,221,215,210,44,218,188,52,210,0,0,0,0,0,0,0,0,0,0,0,0,0,0,0,0,0,0,0,0,0,0,0,166,45,157,52,165,47,163,47,161,48,160,48,163,46
Early Voting,0004,APISON A,1887,219,183,33,3,88,42,51,167,169,0,0,0,0,0,0,161,159,0,0,150,0,0,4,3,22,3,1,19,3,6,1,4,24,8,0,0,0,0,0,0,29,29,0,0,29,0,175,165,48,0,0,0,0,0,0,0,0,0,149,58,0,0,0,0,0,0,185,189,186,182,171,42,181,168,42,185,0,0,0,0,0,0,0,0,0,0,0,0,0,0,0,0,0,0,0,0,0,0,0,153,26,147,30,147,31,144,31,143,31,151,26,142,35
Absentee,0004,APISON A,1887,3,0,2,1,0,0,0,0,0,0,0,0,0,0,0,0,0,0,0,0,0,0,1,0,0,0,0,1,0,0,0,0,1,0,0,0,0,0,0,0,2,1,0,0,2,0,0,1,2,0,0,0,0,0,0,0,0,0,0,3,0,0,0,0,0,0,1,0,0,0,0,3,0,0,3,0,0,0,0,0,0,0,0,0,0,0,0,0,0,0,0,0,0,0,0,0,0,0,0,0,1,0,1,0,1,0,1,0,1,0,1,0,1
Provisional,0004,APISON A,1887,0,0,0,0,0,0,0,0,0,0,0,0,0,0,0,0,0,0,0,0,0,0,0,0,0,0,0,0,0,0,0,0,0,0,0,0,0,0,0,0,0,0,0,0,0,0,0,0,0,0,0,0,0,0,0,0,0,0,0,0,0,0,0,0,0,0,0,0,0,0,0,0,0,0,0,0,0,0,0,0,0,0,0,0,0,0,0,0,0,0,0,0,0,0,0,0,0,0,0,0,0,0,0,0,0,0,0,0,0,0,0,0,0
Military & Overseas,0004,APISON A,1887,0,0,0,0,0,0,0,0,0,0,0,0,0,0,0,0,0,0,0,0,0,0,0,0,0,0,0,0,0,0,0,0,0,0,0,0,0,0,0,0,0,0,0,0,0,0,0,0,0,0,0,0,0,0,0,0,0,0,0,0,0,0,0,0,0,0,0,0,0,0,0,0,0,0,0,0,0,0,0,0,0,0,0,0,0,0,0,0,0,0,0,0,0,0,0,0,0,0,0,0,0,0,0,0,0,0,0,0,0,0,0,0,0
Nursing Home,0004,APISON A,1887,0,0,0,0,0,0,0,0,0,0,0,0,0,0,0,0,0,0,0,0,0,0,0,0,0,0,0,0,0,0,0,0,0,0,0,0,0,0,0,0,0,0,0,0,0,0,0,0,0,0,0,0,0,0,0,0,0,0,0,0,0,0,0,0,0,0,0,0,0,0,0,0,0,0,0,0,0,0,0,0,0,0,0,0,0,0,0,0,0,0,0,0,0,0,0,0,0,0,0,0,0,0,0,0,0,0,0,0,0,0,0,0,0
Election Day,0005,APISON B,2630,226,152,62,12,73,24,51,131,131,0,0,0,0,0,36,96,130,0,0,126,0,0,14,4,37,2,2,33,11,5,2,9,47,10,0,0,0,0,0,15,37,51,0,0,53,0,171,123,101,0,0,0,0,0,0,0,0,0,0,0,0,0,0,175,0,0,172,185,166,171,135,81,167,130,73,167,0,0,0,0,0,0,0,0,0,0,137,0,0,0,0,0,0,0,0,0,0,0,0,128,43,134,39,135,38,134,37,144,28,137,35,131,42
Early Voting,0005,APISON B,2630,300,216,79,5,104,48,62,200,193,0,0,0,0,0,74,121,186,0,0,180,0,0,9,6,61,0,0,38,16,7,5,9,58,14,0,0,0,0,0,15,51,66,0,0,65,0,218,190,103,0,0,0,0,0,0,0,0,0,0,0,0,0,0,218,0,0,227,244,215,219,193,97,218,191,86,220,0,0,0,0,0,0,0,0,0,0,197,0,0,0,0,0,0,0,0,0,0,0,0,190,63,191,62,182,63,183,61,192,54,189,59,182,66
Absentee,0005,APISON B,2630,7,0,5,2,0,0,0,0,0,0,0,0,0,0,0,0,0,0,0,0,0,0,1,1,2,0,1,4,1,0,0,0,2,2,0,0,0,0,0,0,4,4,0,0,4,0,3,3,4,0,0,0,0,0,0,0,0,0,0,0,0,0,0,2,0,0,2,5,4,3,1,5,2,2,4,2,0,0,0,0,0,0,0,0,0,0,4,0,0,0,0,0,0,0,0,0,0,0,0,3,4,3,4,3,4,3,4,3,4,4,3,3,4
Provisional,0005,APISON B,2630,1,1,0,0,1,0,0,1,1,0,0,0,0,0,0,1,1,0,0,1,0,0,0,0,0,0,0,0,0,0,0,0,0,0,0,0,0,0,0,0,0,0,0,0,0,0,1,0,0,0,0,0,0,0,0,0,0,0,0,0,0,0,0,1,0,0,1,1,1,1,0,0,1,1,0,1,0,0,0,0,0,0,0,0,0,0,1,0,0,0,0,0,0,0,0,0,0,0,0,1,0,1,0,1,0,1,0,1,0,1,0,1,0
Military & Overseas,0005,APISON B,2630,0,0,0,0,0,0,0,0,0,0,0,0,0,0,0,0,0,0,0,0,0,0,0,0,0,0,0,0,0,0,0,0,0,0,0,0,0,0,0,0,0,0,0,0,0,0,0,0,0,0,0,0,0,0,0,0,0,0,0,0,0,0,0,0,0,0,0,0,0,0,0,0,0,0,0,0,0,0,0,0,0,0,0,0,0,0,0,0,0,0,0,0,0,0,0,0,0,0,0,0,0,0,0,0,0,0,0,0,0,0,0,0,0
Nursing Home,0005,APISON B,2630,1,1,0,0,1,0,0,1,1,0,0,0,0,0,1,0,1,0,0,1,0,0,0,0,0,0,0,0,0,0,0,0,0,0,0,0,0,0,0,0,0,0,0,0,0,0,1,1,0,0,0,0,0,0,0,0,0,0,0,0,0,0,0,1,0,0,1,0,1,1,1,0,1,1,0,1,0,0,0,0,0,0,0,0,0,0,1,0,0,0,0,0,0,0,0,0,0,0,0,1,0,1,0,1,0,1,0,1,0,1,0,1,0
Election Day,0006,AVONDALE,1265,146,3,142,1,0,2,1,2,2,2,0,0,0,0,0,0,0,1,1,0,2,0,38,12,59,4,11,76,18,12,4,16,85,37,106,0,0,0,134,0,0,0,74,41,0,106,63,17,126,0,0,0,0,0,133,0,0,0,0,0,0,0,0,0,0,0,57,101,58,52,8,124,53,12,100,55,0,0,0,0,0,0,0,0,0,0,0,0,0,0,0,0,0,0,0,0,0,0,0,43,67,58,54,55,57,56,52,73,38,62,52,57,52
Early Voting,0006,AVONDALE,1265,111,6,103,2,1,2,2,6,6,6,0,0,0,0,0,0,0,2,2,0,2,2,27,2,41,5,19,62,11,12,1,6,58,32,72,0,0,0,98,0,0,0,46,35,0,78,43,11,98,0,0,0,0,0,105,0,0,0,0,0,0,0,0,0,0,0,45,78,36,37,7,102,35,10,76,35,0,0,0,0,0,0,0,0,0,0,0,0,0,0,0,0,0,0,0,0,0,0,0,45,44,45,43,51,36,42,46,54,33,50,37,46,41
Absentee,0006,AVONDALE,1265,9,0,9,0,0,0,0,0,0,0,0,0,0,0,0,0,0,0,0,0,0,0,2,0,0,0,3,4,0,2,1,0,3,2,5,0,0,0,9,0,0,0,4,1,0,5,3,0,9,0,0,0,0,0,9,0,0,0,0,0,0,0,0,0,0,0,2,6,3,2,0,9,2,2,3,2,0,0,0,0,0,0,0,0,0,0,0,0,0,0,0,0,0,0,0,0,0,0,0,4,4,6,2,5,3,5,3,5,3,5,3,4,4
Provisional,0006,AVONDALE,1265,0,0,0,0,0,0,0,0,0,0,0,0,0,0,0,0,0,0,0,0,0,0,0,0,0,0,0,0,0,0,0,0,0,0,0,0,0,0,0,0,0,0,0,0,0,0,0,0,0,0,0,0,0,0,0,0,0,0,0,0,0,0,0,0,0,0,0,0,0,0,0,0,0,0,0,0,0,0,0,0,0,0,0,0,0,0,0,0,0,0,0,0,0,0,0,0,0,0,0,0,0,0,0,0,0,0,0,0,0,0,0,0,0
Military & Overseas,0006,AVONDALE,1265,0,0,0,0,0,0,0,0,0,0,0,0,0,0,0,0,0,0,0,0,0,0,0,0,0,0,0,0,0,0,0,0,0,0,0,0,0,0,0,0,0,0,0,0,0,0,0,0,0,0,0,0,0,0,0,0,0,0,0,0,0,0,0,0,0,0,0,0,0,0,0,0,0,0,0,0,0,0,0,0,0,0,0,0,0,0,0,0,0,0,0,0,0,0,0,0,0,0,0,0,0,0,0,0,0,0,0,0,0,0,0,0,0
Nursing Home,0006,AVONDALE,1265,2,0,2,0,0,0,0,0,0,0,0,0,0,0,0,0,0,0,0,0,0,0,1,0,0,0,0,2,0,0,0,0,2,0,2,0,0,0,1,0,0,0,1,1,0,2,1,1,1,0,0,0,0,0,2,0,0,0,0,0,0,0,0,0,0,0,0,1,0,0,0,2,0,0,1,0,0,0,0,0,0,0,0,0,0,0,0,0,0,0,0,0,0,0,0,0,0,0,0,1,0,1,0,0,0,1,0,1,0,1,0,1,0
Election Day,0007,BIRCHWOOD,2195,359,312,38,9,149,86,76,291,288,288,0,0,0,0,302,0,0,197,71,0,203,63,6,4,23,2,1,19,5,8,1,2,27,6,34,0,0,0,0,33,0,0,20,12,0,31,306,296,56,0,0,0,0,0,0,0,0,0,0,0,0,0,323,0,0,0,326,308,316,316,294,44,305,276,57,306,0,0,0,0,0,0,0,0,274,59,0,0,0,0,0,0,0,0,0,0,0,0,0,245,52,241,54,246,50,248,49,240,58,245,52,244,50
Early Voting,0007,BIRCHWOOD,2195,219,175,41,3,94,30,51,167,163,168,0,0,0,0,172,0,0,95,59,0,123,30,7,4,25,2,2,15,10,8,2,2,26,10,33,0,0,0,0,34,0,0,14,20,0,33,184,157,56,0,0,0,0,0,0,0,0,0,0,0,0,0,188,0,0,0,188,185,193,188,163,47,182,164,42,186,0,0,0,0,0,0,0,0,163,44,0,0,0,0,0,0,0,0,0,0,0,0,0,161,29,156,30,151,33,149,34,150,33,149,33,145,38
Absentee,0007,BIRCHWOOD,2195,8,7,0,1,4,1,2,7,7,7,0,0,0,0,7,0,0,2,2,0,4,1,0,0,0,0,0,0,0,0,0,0,0,0,0,0,0,0,0,0,0,0,0,0,0,0,6,4,1,0,0,0,0,0,0,0,0,0,0,0,0,0,8,0,0,0,6,6,6,6,5,1,6,4,2,6,0,0,0,0,0,0,0,0,4,2,0,0,0,0,0,0,0,0,0,0,0,0,0,4,2,4,2,4,2,4,2,4,2,4,2,4,2
Provisional,0007,BIRCHWOOD,2195,0,0,0,0,0,0,0,0,0,0,0,0,0,0,0,0,0,0,0,0,0,0,0,0,0,0,0,0,0,0,0,0,0,0,0,0,0,0,0,0,0,0,0,0,0,0,0,0,0,0,0,0,0,0,0,0,0,0,0,0,0,0,0,0,0,0,0,0,0,0,0,0,0,0,0,0,0,0,0,0,0,0,0,0,0,0,0,0,0,0,0,0,0,0,0,0,0,0,0,0,0,0,0,0,0,0,0,0,0,0,0,0,0
Military & Overseas,0007,BIRCHWOOD,2195,0,0,0,0,0,0,0,0,0,0,0,0,0,0,0,0,0,0,0,0,0,0,0,0,0,0,0,0,0,0,0,0,0,0,0,0,0,0,0,0,0,0,0,0,0,0,0,0,0,0,0,0,0,0,0,0,0,0,0,0,0,0,0,0,0,0,0,0,0,0,0,0,0,0,0,0,0,0,0,0,0,0,0,0,0,0,0,0,0,0,0,0,0,0,0,0,0,0,0,0,0,0,0,0,0,0,0,0,0,0,0,0,0
Nursing Home,0007,BIRCHWOOD,2195,1,1,0,0,1,0,0,0,0,0,0,0,0,0,0,0,0,0,0,0,0,0,0,0,0,0,0,0,0,0,0,0,0,0,0,0,0,0,0,0,0,0,0,0,0,0,0,1,0,0,0,0,0,0,0,0,0,0,0,0,0,0,1,0,0,0,0,0,0,0,1,0,0,0,1,0,0,0,0,0,0,0,0,0,1,0,0,0,0,0,0,0,0,0,0,0,0,0,0,0,0,0,0,0,0,0,0,0,0,0,0,0,0
Election Day,0008,BONNY OAKS,2266,337,47,277,13,21,7,18,44,44,44,0,0,0,0,0,0,0,26,12,0,22,16,86,6,112,13,44,160,25,37,17,21,170,71,215,0,0,0,265,0,0,0,156,81,0,222,167,63,271,0,0,0,0,0,0,297,0,0,0,0,0,0,0,0,0,0,170,254,163,146,53,266,148,60,214,149,0,0,0,282,0,0,0,0,0,0,0,0,0,0,0,0,0,0,0,0,0,0,0,129,151,146,137,160,119,134,144,189,98,168,109,141,136
Early Voting,0008,BONNY OAKS,2266,308,35,268,5,23,8,4,32,31,30,0,0,0,0,0,0,0,13,12,0,16,7,62,7,128,7,41,142,27,39,14,26,167,65,200,0,0,0,255,0,0,0,139,72,0,204,120,53,247,0,0,0,0,0,0,272,0,0,0,0,0,0,0,0,0,0,145,223,127,117,38,259,124,46,195,106,0,0,0,270,0,0,0,0,0,0,0,0,0,0,0,0,0,0,0,0,0,0,0,112,140,133,128,130,124,114,135,154,102,148,112,122,132
Absentee,0008,BONNY OAKS,2266,12,1,11,0,1,0,0,1,1,1,0,0,0,0,0,0,0,1,0,0,1,0,4,1,4,0,2,5,1,4,0,1,8,3,6,0,0,0,11,0,0,0,5,4,0,8,6,2,10,0,0,0,0,0,0,12,0,0,0,0,0,0,0,0,0,0,6,10,5,5,1,11,4,4,8,6,0,0,0,12,0,0,0,0,0,0,0,0,0,0,0,0,0,0,0,0,0,0,0,5,7,6,6,6,6,6,6,8,4,5,7,6,6
Provisional,0008,BONNY OAKS,2266,0,0,0,0,0,0,0,0,0,0,0,0,0,0,0,0,0,0,0,0,0,0,0,0,0,0,0,0,0,0,0,0,0,0,0,0,0,0,0,0,0,0,0,0,0,0,0,0,0,0,0,0,0,0,0,0,0,0,0,0,0,0,0,0,0,0,0,0,0,0,0,0,0,0,0,0,0,0,0,0,0,0,0,0,0,0,0,0,0,0,0,0,0,0,0,0,0,0,0,0,0,0,0,0,0,0,0,0,0,0,0,0,0
Military & Overseas,0008,BONNY OAKS,2266,0,0,0,0,0,0,0,0,0,0,0,0,0,0,0,0,0,0,0,0,0,0,0,0,0,0,0,0,0,0,0,0,0,0,0,0,0,0,0,0,0,0,0,0,0,0,0,0,0,0,0,0,0,0,0,0,0,0,0,0,0,0,0,0,0,0,0,0,0,0,0,0,0,0,0,0,0,0,0,0,0,0,0,0,0,0,0,0,0,0,0,0,0,0,0,0,0,0,0,0,0,0,0,0,0,0,0,0,0,0,0,0,0
Nursing Home,0008,BONNY OAKS,2266,7,1,6,0,0,0,1,1,1,1,0,0,0,0,0,0,0,0,1,0,1,0,3,0,0,0,1,3,1,0,0,0,2,2,3,0,0,0,5,0,0,0,2,3,0,4,4,3,4,0,0,0,0,0,0,5,0,0,0,0,0,0,0,0,0,0,4,4,3,3,1,5,4,1,3,3,0,0,0,4,0,0,0,0,0,0,0,0,0,0,0,0,0,0,0,0,0,0,0,2,1,4,1,4,1,2,3,3,2,3,2,3,2
Election Day,0009,BRAINERD,1972,385,134,236,15,58,22,47,119,117,0,0,0,0,0,0,112,112,0,0,103,0,0,30,12,165,4,16,134,26,21,9,27,181,26,0,0,0,0,9,0,183,182,0,0,189,0,205,122,257,0,0,0,0,0,0,294,0,0,0,0,0,0,0,0,0,0,212,285,201,204,123,219,203,119,169,179,0,0,0,254,0,0,0,0,0,0,0,0,0,0,0,0,0,0,0,0,0,0,0,137,129,154,116,150,113,138,122,161,105,164,99,139,125
Early Voting,0009,BRAINERD,1972,291,90,196,5,41,20,28,78,75,0,0,0,0,0,0,76,77,0,0,71,0,0,30,9,124,9,13,105,25,19,16,20,151,30,0,0,0,0,18,0,143,157,0,0,170,0,152,93,188,0,0,0,0,0,0,228,0,0,0,0,0,0,0,0,0,0,149,215,136,133,82,198,148,102,143,139,0,0,0,226,0,0,0,0,0,0,0,0,0,0,0,0,0,0,0,0,0,0,0,128,104,137,95,125,100,130,95,153,73,149,79,133,93
Absentee,0009,BRAINERD,1972,9,1,6,2,0,0,1,0,0,0,0,0,0,0,0,0,0,0,0,0,0,0,1,2,2,0,0,3,2,0,0,0,4,1,0,0,0,0,3,0,2,4,0,0,5,0,3,3,4,0,0,0,0,0,0,8,0,0,0,0,0,0,0,0,0,0,4,6,5,6,1,6,4,4,4,4,0,0,0,6,0,0,0,0,0,0,0,0,0,0,0,0,0,0,0,0,0,0,0,3,4,2,5,2,2,2,2,3,1,3,2,2,2
Provisional,0009,BRAINERD,1972,0,0,0,0,0,0,0,0,0,0,0,0,0,0,0,0,0,0,0,0,0,0,0,0,0,0,0,0,0,0,0,0,0,0,0,0,0,0,0,0,0,0,0,0,0,0,0,0,0,0,0,0,0,0,0,0,0,0,0,0,0,0,0,0,0,0,0,0,0,0,0,0,0,0,0,0,0,0,0,0,0,0,0,0,0,0,0,0,0,0,0,0,0,0,0,0,0,0,0,0,0,0,0,0,0,0,0,0,0,0,0,0,0
Military & Overseas,0009,BRAINERD,1972,3,1,2,0,0,0,1,0,0,0,0,0,0,0,0,0,0,0,0,0,0,0,0,0,2,0,0,2,0,0,0,0,2,0,0,0,0,0,0,0,2,2,0,0,2,0,0,0,3,0,0,0,0,0,0,2,0,0,0,0,0,0,0,0,0,0,0,0,0,0,0,3,0,0,1,0,0,0,0,3,0,0,0,0,0,0,0,0,0,0,0,0,0,0,0,0,0,0,0,0,2,0,2,0,2,0,2,0,2,0,2,0,2
Nursing Home,0009,BRAINERD,1972,2,1,1,0,1,0,0,0,0,0,0,0,0,0,0,1,1,0,0,1,0,0,0,1,0,0,0,0,1,0,0,0,1,0,0,0,0,0,0,0,1,1,0,0,1,0,2,1,1,0,0,0,0,0,0,1,0,0,0,0,0,0,0,0,0,0,1,1,0,1,1,1,1,0,2,1,0,0,0,1,0,0,0,0,0,0,0,0,0,0,0,0,0,0,0,0,0,0,0,2,0,2,0,2,0,1,0,1,0,2,0,2,0
Election Day,0010,BRAINERD HILLS,1908,274,108,151,15,48,33,22,97,94,0,0,0,0,0,41,44,92,0,0,87,0,0,27,15,88,4,10,87,22,17,7,14,111,28,0,0,0,0,19,44,61,124,0,0,123,0,169,110,162,0,0,0,0,0,0,0,0,0,0,0,101,169,0,0,0,0,172,211,166,168,103,159,165,104,135,163,0,0,0,0,0,0,95,165,0,0,0,0,0,0,0,0,0,0,0,0,0,0,0,121,95,126,89,125,89,129,83,141,73,135,78,112,99
Early Voting,0010,BRAINERD HILLS,1908,150,45,104,1,17,11,17,41,42,0,0,0,0,0,19,17,38,0,0,39,0,0,21,0,65,5,4,59,11,8,9,7,77,17,0,0,0,0,7,30,48,84,0,0,83,0,77,48,102,0,0,0,0,0,0,0,0,0,0,0,42,104,0,0,0,0,73,107,76,74,44,104,69,40,91,70,0,0,0,0,0,0,39,108,0,0,0,0,0,0,0,0,0,0,0,0,0,0,0,55,67,61,61,54,69,55,66,69,56,67,56,56,64
Absentee,0010,BRAINERD HILLS,1908,3,2,1,0,0,1,1,2,1,0,0,0,0,0,2,0,2,0,0,1,0,0,0,0,1,0,0,1,0,0,0,0,1,0,0,0,0,0,1,0,0,1,0,0,0,0,1,0,1,0,0,0,0,0,0,0,0,0,0,0,1,1,0,0,0,0,1,2,2,2,2,1,2,2,1,2,0,0,0,0,0,0,1,1,0,0,0,0,0,0,0,0,0,0,0,0,0,0,0,2,1,2,1,2,1,2,1,2,1,2,1,2,1
Provisional,0010,BRAINERD HILLS,1908,0,0,0,0,0,0,0,0,0,0,0,0,0,0,0,0,0,0,0,0,0,0,0,0,0,0,0,0,0,0,0,0,0,0,0,0,0,0,0,0,0,0,0,0,0,0,0,0,0,0,0,0,0,0,0,0,0,0,0,0,0,0,0,0,0,0,0,0,0,0,0,0,0,0,0,0,0,0,0,0,0,0,0,0,0,0,0,0,0,0,0,0,0,0,0,0,0,0,0,0,0,0,0,0,0,0,0,0,0,0,0,0,0
Military & Overseas,0010,BRAINERD HILLS,1908,0,0,0,0,0,0,0,0,0,0,0,0,0,0,0,0,0,0,0,0,0,0,0,0,0,0,0,0,0,0,0,0,0,0,0,0,0,0,0,0,0,0,0,0,0,0,0,0,0,0,0,0,0,0,0,0,0,0,0,0,0,0,0,0,0,0,0,0,0,0,0,0,0,0,0,0,0,0,0,0,0,0,0,0,0,0,0,0,0,0,0,0,0,0,0,0,0,0,0,0,0,0,0,0,0,0,0,0,0,0,0,0,0
Nursing Home,0010,BRAINERD HILLS,1908,2,1,1,0,1,0,0,1,1,0,0,0,0,0,0,1,1,0,0,0,0,0,0,0,1,0,0,0,0,0,0,1,0,1,0,0,0,0,0,1,0,1,0,0,1,0,2,1,1,0,0,0,0,0,0,0,0,0,0,0,1,1,0,0,0,0,2,2,2,2,1,1,2,1,1,2,0,0,0,0,0,0,1,1,0,0,0,0,0,0,0,0,0,0,0,0,0,0,0,2,0,2,0,2,0,2,0,2,0,2,0,2,0
Election Day,0011,BUSHTOWN,2127,281,13,256,12,4,6,3,11,11,11,2,0,0,0,0,0,0,9,2,0,8,3,66,7,121,12,24,140,32,26,11,26,164,49,167,4,7,0,224,0,0,0,117,76,0,177,95,21,251,0,0,0,0,0,250,0,0,0,0,0,0,0,0,0,0,0,99,180,93,84,20,246,82,34,168,79,0,0,0,0,0,0,0,0,0,0,0,0,0,0,0,0,0,0,0,0,0,0,0,73,137,77,132,84,126,76,131,105,103,95,113,80,126
Early Voting,0011,BUSHTOWN,2127,247,26,218,3,11,7,7,20,19,20,14,0,0,0,0,0,0,13,8,0,16,5,49,5,110,9,14,113,17,30,16,18,134,45,143,9,6,0,184,0,0,0,98,61,0,144,77,31,206,0,0,0,0,0,208,0,0,0,0,0,0,0,0,0,0,0,93,148,76,75,28,210,71,43,143,73,0,0,0,0,0,0,0,0,0,0,0,0,0,0,0,0,0,0,0,0,0,0,0,80,101,99,89,89,91,82,94,113,69,100,84,82,92
Absentee,0011,BUSHTOWN,2127,33,1,31,1,1,0,0,1,1,1,0,0,0,0,0,0,0,0,1,0,1,0,4,0,18,1,4,19,0,0,3,6,13,10,18,0,0,0,31,0,0,0,11,16,0,20,7,5,26,0,0,0,0,0,30,0,0,0,0,0,0,0,0,0,0,0,9,21,5,4,1,31,6,4,10,7,0,0,0,0,0,0,0,0,0,0,0,0,0,0,0,0,0,0,0,0,0,0,0,21,6,21,5,21,6,21,5,25,4,24,6,22,6
Provisional,0011,BUSHTOWN,2127,2,0,2,0,0,0,0,0,0,0,0,0,0,0,0,0,0,0,0,0,0,0,1,0,1,0,0,2,0,0,0,0,1,1,1,2,0,0,0,0,0,0,2,0,0,2,2,1,1,0,0,0,0,0,2,0,0,0,0,0,0,0,0,0,0,0,1,2,1,1,0,2,1,1,1,1,0,0,0,0,0,0,0,0,0,0,0,0,0,0,0,0,0,0,0,0,0,0,0,1,1,1,1,1,1,1,1,2,0,1,1,1,0
Military & Overseas,0011,BUSHTOWN,2127,0,0,0,0,0,0,0,0,0,0,0,0,0,0,0,0,0,0,0,0,0,0,0,0,0,0,0,0,0,0,0,0,0,0,0,0,0,0,0,0,0,0,0,0,0,0,0,0,0,0,0,0,0,0,0,0,0,0,0,0,0,0,0,0,0,0,0,0,0,0,0,0,0,0,0,0,0,0,0,0,0,0,0,0,0,0,0,0,0,0,0,0,0,0,0,0,0,0,0,0,0,0,0,0,0,0,0,0,0,0,0,0,0
Nursing Home,0011,BUSHTOWN,2127,4,0,4,0,0,0,0,0,0,0,0,0,0,0,0,0,0,0,0,0,0,0,1,0,0,0,1,0,0,2,0,0,0,2,4,0,0,0,3,0,0,0,0,2,0,2,1,0,4,0,0,0,0,0,2,0,0,0,0,0,0,0,0,0,0,0,1,1,1,1,0,3,1,0,4,0,0,0,0,0,0,0,0,0,0,0,0,0,0,0,0,0,0,0,0,0,0,0,0,2,0,1,0,1,0,1,0,1,0,2,0,1,0
Election Day,0012,COLLEGEDALE A,2016,167,85,78,4,42,18,25,81,75,77,0,0,0,0,78,0,0,39,32,0,49,20,17,5,47,3,3,39,16,9,4,6,56,17,59,0,0,0,0,59,0,0,39,30,0,59,112,75,89,0,0,0,0,0,0,0,0,0,0,0,0,0,0,114,0,0,112,125,115,109,71,83,108,75,70,106,0,0,0,0,0,0,0,0,0,0,49,0,0,0,0,0,0,0,0,0,0,0,0,88,36,85,39,87,37,84,41,89,36,92,34,86,39
Early Voting,0012,COLLEGEDALE A,2016,199,117,80,2,59,22,34,105,103,104,0,0,0,0,106,0,0,61,40,0,73,24,14,3,50,5,5,43,12,9,4,9,54,19,62,0,0,0,0,59,0,0,43,26,0,62,134,114,81,0,0,0,0,0,0,0,0,0,0,0,0,0,0,133,0,0,130,151,133,128,111,80,127,107,77,127,0,0,0,0,0,0,0,0,0,0,68,0,0,0,0,0,0,0,0,0,0,0,0,118,50,115,55,121,47,111,52,125,40,125,42,108,56
Absentee,0012,COLLEGEDALE A,2016,4,4,0,0,4,0,0,4,4,3,0,0,0,0,4,0,0,1,1,0,0,2,0,0,0,0,0,0,0,0,0,0,0,0,0,0,0,0,0,0,0,0,0,0,0,0,2,2,1,0,0,0,0,0,0,0,0,0,0,0,0,0,0,3,0,0,4,3,4,4,3,0,4,4,0,4,0,0,0,0,0,0,0,0,0,0,2,0,0,0,0,0,0,0,0,0,0,0,0,2,0,2,0,2,0,2,0,2,0,2,0,2,0
Provisional,0012,COLLEGEDALE A,2016,0,0,0,0,0,0,0,0,0,0,0,0,0,0,0,0,0,0,0,0,0,0,0,0,0,0,0,0,0,0,0,0,0,0,0,0,0,0,0,0,0,0,0,0,0,0,0,0,0,0,0,0,0,0,0,0,0,0,0,0,0,0,0,0,0,0,0,0,0,0,0,0,0,0,0,0,0,0,0,0,0,0,0,0,0,0,0,0,0,0,0,0,0,0,0,0,0,0,0,0,0,0,0,0,0,0,0,0,0,0,0,0,0
Military & Overseas,0012,COLLEGEDALE A,2016,0,0,0,0,0,0,0,0,0,0,0,0,0,0,0,0,0,0,0,0,0,0,0,0,0,0,0,0,0,0,0,0,0,0,0,0,0,0,0,0,0,0,0,0,0,0,0,0,0,0,0,0,0,0,0,0,0,0,0,0,0,0,0,0,0,0,0,0,0,0,0,0,0,0,0,0,0,0,0,0,0,0,0,0,0,0,0,0,0,0,0,0,0,0,0,0,0,0,0,0,0,0,0,0,0,0,0,0,0,0,0,0,0
Nursing Home,0012,COLLEGEDALE A,2016,0,0,0,0,0,0,0,0,0,0,0,0,0,0,0,0,0,0,0,0,0,0,0,0,0,0,0,0,0,0,0,0,0,0,0,0,0,0,0,0,0,0,0,0,0,0,0,0,0,0,0,0,0,0,0,0,0,0,0,0,0,0,0,0,0,0,0,0,0,0,0,0,0,0,0,0,0,0,0,0,0,0,0,0,0,0,0,0,0,0,0,0,0,0,0,0,0,0,0,0,0,0,0,0,0,0,0,0,0,0,0,0,0
Election Day,0013,COLLEGEDALE B,1042,88,63,25,0,23,6,34,58,53,0,0,0,0,0,56,0,51,0,0,48,0,0,2,2,18,2,1,16,4,3,1,1,18,7,0,0,0,0,0,23,0,23,0,0,23,0,61,55,29,0,0,0,0,0,0,0,0,0,0,0,0,0,0,57,0,0,59,67,62,55,57,29,58,54,29,60,0,0,0,0,0,0,0,0,0,0,64,0,0,0,0,0,0,0,0,0,0,0,0,56,18,54,19,54,16,54,16,56,14,57,13,55,15
Early Voting,0013,COLLEGEDALE B,1042,240,190,49,1,99,25,61,176,172,0,0,0,0,0,178,0,161,0,0,157,0,0,5,2,35,0,2,23,8,4,5,5,42,3,0,0,0,0,0,39,0,36,0,0,37,0,181,176,52,0,0,0,0,0,0,0,0,0,0,0,0,0,0,189,0,0,196,198,193,189,175,55,189,169,56,191,0,0,0,0,0,0,0,0,0,0,193,0,0,0,0,0,0,0,0,0,0,0,0,162,32,161,32,157,26,155,28,161,23,160,24,158,27
Absentee,0013,COLLEGEDALE B,1042,5,5,0,0,2,0,3,3,3,0,0,0,0,0,3,0,3,0,0,3,0,0,0,0,0,0,0,0,0,0,0,0,0,0,0,0,0,0,0,0,0,0,0,0,0,0,3,3,2,0,0,0,0,0,0,0,0,0,0,0,0,0,0,3,0,0,3,3,3,3,3,2,3,3,2,3,0,0,0,0,0,0,0,0,0,0,2,0,0,0,0,0,0,0,0,0,0,0,0,3,0,3,0,3,0,3,0,3,0,3,0,3,0
Provisional,0013,COLLEGEDALE B,1042,0,0,0,0,0,0,0,0,0,0,0,0,0,0,0,0,0,0,0,0,0,0,0,0,0,0,0,0,0,0,0,0,0,0,0,0,0,0,0,0,0,0,0,0,0,0,0,0,0,0,0,0,0,0,0,0,0,0,0,0,0,0,0,0,0,0,0,0,0,0,0,0,0,0,0,0,0,0,0,0,0,0,0,0,0,0,0,0,0,0,0,0,0,0,0,0,0,0,0,0,0,0,0,0,0,0,0,0,0,0,0,0,0
Military & Overseas,0013,COLLEGEDALE B,1042,0,0,0,0,0,0,0,0,0,0,0,0,0,0,0,0,0,0,0,0,0,0,0,0,0,0,0,0,0,0,0,0,0,0,0,0,0,0,0,0,0,0,0,0,0,0,0,0,0,0,0,0,0,0,0,0,0,0,0,0,0,0,0,0,0,0,0,0,0,0,0,0,0,0,0,0,0,0,0,0,0,0,0,0,0,0,0,0,0,0,0,0,0,0,0,0,0,0,0,0,0,0,0,0,0,0,0,0,0,0,0,0,0
Nursing Home,0013,COLLEGEDALE B,1042,6,4,2,0,3,0,1,4,4,0,0,0,0,0,4,0,4,0,0,4,0,0,1,0,0,0,0,1,0,0,0,0,0,1,0,0,0,0,0,2,0,2,0,0,2,0,5,5,1,0,0,0,0,0,0,0,0,0,0,0,0,0,0,5,0,0,6,6,5,5,5,1,6,5,1,6,0,0,0,0,0,0,0,0,0,0,5,0,0,0,0,0,0,0,0,0,0,0,0,5,0,5,0,5,0,5,0,5,0,5,0,4,0
Election Day,0014,CONCORD A,1737,225,91,126,8,37,23,30,83,81,0,0,0,0,0,0,83,81,0,0,80,0,0,22,7,75,9,4,62,15,10,12,15,84,26,0,0,0,0,0,0,97,99,0,0,97,0,139,90,133,0,0,0,0,0,0,0,0,0,0,0,85,137,0,0,0,0,137,168,139,140,83,136,137,88,110,132,0,0,0,0,0,0,71,146,0,0,0,0,0,0,0,0,0,0,0,0,0,0,0,115,73,123,70,115,75,117,68,133,54,127,61,118,69
Early Voting,0014,CONCORD A,1737,143,51,89,3,26,11,11,45,43,0,0,0,0,0,0,48,45,0,0,45,0,0,16,4,59,1,8,54,10,7,4,11,72,13,0,0,0,0,0,0,73,70,0,0,72,0,87,47,91,0,0,0,0,0,0,0,0,0,0,0,46,94,0,0,0,0,82,109,83,86,52,89,82,52,78,84,0,0,0,0,0,0,43,98,0,0,0,0,0,0,0,0,0,0,0,0,0,0,0,70,59,74,54,70,56,66,57,75,50,73,51,69,56
Absentee,0014,CONCORD A,1737,12,6,4,2,4,1,1,6,6,0,0,0,0,0,0,5,4,0,0,4,0,0,3,0,1,0,0,4,0,0,0,0,4,0,0,0,0,0,0,0,4,4,0,0,4,0,5,6,6,0,0,0,0,0,0,0,0,0,0,0,4,8,0,0,0,0,7,7,7,7,5,7,7,6,6,7,0,0,0,0,0,0,4,7,0,0,0,0,0,0,0,0,0,0,0,0,0,0,0,7,3,6,4,7,3,6,4,7,3,6,4,7,3
Provisional,0014,CONCORD A,1737,0,0,0,0,0,0,0,0,0,0,0,0,0,0,0,0,0,0,0,0,0,0,0,0,0,0,0,0,0,0,0,0,0,0,0,0,0,0,0,0,0,0,0,0,0,0,0,0,0,0,0,0,0,0,0,0,0,0,0,0,0,0,0,0,0,0,0,0,0,0,0,0,0,0,0,0,0,0,0,0,0,0,0,0,0,0,0,0,0,0,0,0,0,0,0,0,0,0,0,0,0,0,0,0,0,0,0,0,0,0,0,0,0
Military & Overseas,0014,CONCORD A,1737,0,0,0,0,0,0,0,0,0,0,0,0,0,0,0,0,0,0,0,0,0,0,0,0,0,0,0,0,0,0,0,0,0,0,0,0,0,0,0,0,0,0,0,0,0,0,0,0,0,0,0,0,0,0,0,0,0,0,0,0,0,0,0,0,0,0,0,0,0,0,0,0,0,0,0,0,0,0,0,0,0,0,0,0,0,0,0,0,0,0,0,0,0,0,0,0,0,0,0,0,0,0,0,0,0,0,0,0,0,0,0,0,0
Nursing Home,0014,CONCORD A,1737,11,6,5,0,4,0,2,6,6,0,0,0,0,0,0,6,6,0,0,5,0,0,1,1,0,0,3,3,1,1,0,0,1,2,0,0,0,0,0,0,3,3,0,0,3,0,8,9,2,0,0,0,0,0,0,0,0,0,0,0,5,5,0,0,0,0,8,8,7,7,7,4,6,5,2,7,0,0,0,0,0,0,5,4,0,0,0,0,0,0,0,0,0,0,0,0,0,0,0,5,1,6,0,5,1,5,1,5,1,5,1,5,1
Election Day,0015,CONCORD B,3048,351,179,160,12,83,24,65,154,153,0,0,0,0,0,87,70,148,0,0,147,0,0,34,10,98,3,9,87,22,15,5,17,121,20,0,0,0,0,0,63,66,126,0,0,128,0,221,168,176,0,0,0,0,0,0,0,0,0,0,0,157,182,0,0,0,0,230,266,226,227,164,166,222,166,147,215,0,0,0,0,0,0,135,195,0,0,0,0,0,0,0,0,0,0,0,0,0,0,0,165,110,182,97,174,98,168,104,191,84,179,92,173,100
Early Voting,0015,CONCORD B,3048,336,161,168,7,68,25,65,152,145,0,0,0,0,0,93,55,140,0,0,142,0,0,40,11,86,5,12,87,37,4,7,20,118,28,0,0,0,0,0,69,56,127,0,0,136,0,196,156,169,0,0,0,0,0,0,0,0,0,0,0,146,178,0,0,0,0,206,254,201,197,153,170,197,167,130,192,0,0,0,0,0,0,142,179,0,0,0,0,0,0,0,0,0,0,0,0,0,0,0,173,88,187,78,174,85,168,84,192,66,188,68,168,90
Absentee,0015,CONCORD B,3048,25,14,10,1,7,2,4,10,11,0,0,0,0,0,6,6,12,0,0,12,0,0,0,0,4,0,1,2,1,2,0,0,1,3,0,0,0,0,0,3,1,4,0,0,4,0,14,14,10,0,0,0,0,0,0,0,0,0,0,0,12,11,0,0,0,0,15,16,14,14,13,11,13,14,6,14,0,0,0,0,0,0,11,11,0,0,0,0,0,0,0,0,0,0,0,0,0,0,0,11,3,14,0,12,2,13,1,14,0,14,0,13,1
Provisional,0015,CONCORD B,3048,0,0,0,0,0,0,0,0,0,0,0,0,0,0,0,0,0,0,0,0,0,0,0,0,0,0,0,0,0,0,0,0,0,0,0,0,0,0,0,0,0,0,0,0,0,0,0,0,0,0,0,0,0,0,0,0,0,0,0,0,0,0,0,0,0,0,0,0,0,0,0,0,0,0,0,0,0,0,0,0,0,0,0,0,0,0,0,0,0,0,0,0,0,0,0,0,0,0,0,0,0,0,0,0,0,0,0,0,0,0,0,0,0
Military & Overseas,0015,CONCORD B,3048,0,0,0,0,0,0,0,0,0,0,0,0,0,0,0,0,0,0,0,0,0,0,0,0,0,0,0,0,0,0,0,0,0,0,0,0,0,0,0,0,0,0,0,0,0,0,0,0,0,0,0,0,0,0,0,0,0,0,0,0,0,0,0,0,0,0,0,0,0,0,0,0,0,0,0,0,0,0,0,0,0,0,0,0,0,0,0,0,0,0,0,0,0,0,0,0,0,0,0,0,0,0,0,0,0,0,0,0,0,0,0,0,0
Nursing Home,0015,CONCORD B,3048,8,7,1,0,4,0,2,5,5,0,0,0,0,0,3,1,4,0,0,4,0,0,0,0,0,0,1,0,0,1,0,0,0,1,0,0,0,0,0,0,0,0,0,0,0,0,5,6,0,0,0,0,0,0,0,0,0,0,0,0,5,1,0,0,0,0,5,4,4,5,6,1,5,3,0,3,0,0,0,0,0,0,3,1,0,0,0,0,0,0,0,0,0,0,0,0,0,0,0,3,0,3,0,3,0,3,0,3,0,3,0,3,0
Election Day,0016,COURTHOUSE,1428,168,29,126,13,9,4,16,23,22,0,5,0,0,0,0,0,19,0,0,19,0,0,23,4,83,1,5,78,13,3,7,16,103,14,0,4,8,0,107,0,0,101,0,0,97,0,69,25,138,0,0,0,0,0,138,0,0,0,0,0,0,0,0,0,0,0,78,114,71,68,28,133,74,35,95,66,0,0,0,0,0,0,0,0,0,0,0,0,0,0,0,0,0,0,0,0,0,0,0,52,61,55,59,48,58,48,56,61,46,54,51,50,56
Early Voting,0016,COURTHOUSE,1428,108,20,87,1,11,2,6,19,16,0,4,0,0,0,0,0,18,0,0,17,0,0,19,3,51,4,5,52,12,5,2,7,69,11,0,6,7,0,65,0,0,68,0,0,67,0,53,23,79,0,0,0,0,0,87,0,0,0,0,0,0,0,0,0,0,0,57,71,52,48,22,81,54,32,56,50,0,0,0,0,0,0,0,0,0,0,0,0,0,0,0,0,0,0,0,0,0,0,0,36,44,40,41,41,41,36,44,43,39,39,42,35,45
Absentee,0016,COURTHOUSE,1428,3,1,2,0,0,0,1,1,1,0,0,0,0,0,0,0,1,0,0,1,0,0,0,0,0,0,0,0,0,0,0,0,0,0,0,0,0,0,2,0,0,0,0,0,0,0,1,1,1,0,0,0,0,0,1,0,0,0,0,0,0,0,0,0,0,0,1,2,1,1,1,2,1,1,1,1,0,0,0,0,0,0,0,0,0,0,0,0,0,0,0,0,0,0,0,0,0,0,0,1,0,1,0,1,0,1,0,1,0,1,0,1,0
Provisional,0016,COURTHOUSE,1428,1,0,1,0,0,0,0,0,0,0,0,0,0,0,0,0,0,0,0,0,0,0,0,0,1,0,0,0,0,0,1,0,1,0,0,0,0,0,1,0,0,1,0,0,1,0,0,0,1,0,0,0,0,0,1,0,0,0,0,0,0,0,0,0,0,0,0,0,0,0,0,0,0,0,1,0,0,0,0,0,0,0,0,0,0,0,0,0,0,0,0,0,0,0,0,0,0,0,0,0,1,0,1,0,1,0,1,0,1,0,1,0,1
Military & Overseas,0016,COURTHOUSE,1428,0,0,0,0,0,0,0,0,0,0,0,0,0,0,0,0,0,0,0,0,0,0,0,0,0,0,0,0,0,0,0,0,0,0,0,0,0,0,0,0,0,0,0,0,0,0,0,0,0,0,0,0,0,0,0,0,0,0,0,0,0,0,0,0,0,0,0,0,0,0,0,0,0,0,0,0,0,0,0,0,0,0,0,0,0,0,0,0,0,0,0,0,0,0,0,0,0,0,0,0,0,0,0,0,0,0,0,0,0,0,0,0,0
Nursing Home,0016,COURTHOUSE,1428,0,0,0,0,0,0,0,0,0,0,0,0,0,0,0,0,0,0,0,0,0,0,0,0,0,0,0,0,0,0,0,0,0,0,0,0,0,0,0,0,0,0,0,0,0,0,0,0,0,0,0,0,0,0,0,0,0,0,0,0,0,0,0,0,0,0,0,0,0,0,0,0,0,0,0,0,0,0,0,0,0,0,0,0,0,0,0,0,0,0,0,0,0,0,0,0,0,0,0,0,0,0,0,0,0,0,0,0,0,0,0,0,0
Election Day,0017,DALEWOOD,2108,236,10,211,15,3,1,6,8,8,8,0,0,0,0,0,0,0,6,3,0,4,4,51,11,98,6,20,110,18,33,5,17,117,54,150,0,0,0,194,0,0,0,110,51,0,153,93,23,207,0,0,0,0,0,0,219,0,0,0,0,0,0,0,0,0,0,80,157,81,76,12,210,76,20,155,76,0,0,0,217,0,0,0,0,0,0,0,0,0,0,0,0,0,0,0,0,0,0,0,65,117,67,112,76,102,70,108,87,89,80,98,73,100
Early Voting,0017,DALEWOOD,2108,350,12,335,3,3,4,5,7,7,7,0,0,0,0,0,0,0,7,1,0,4,4,71,19,133,11,67,162,37,55,11,32,178,98,233,0,0,0,314,0,0,0,164,88,0,239,118,39,299,0,0,0,0,0,0,324,0,0,0,0,0,0,0,0,0,0,127,241,108,101,18,319,99,33,224,94,0,0,0,330,0,0,0,0,0,0,0,0,0,0,0,0,0,0,0,0,0,0,0,150,142,158,139,167,127,150,143,193,102,176,117,146,138
Absentee,0017,DALEWOOD,2108,23,4,17,2,4,0,0,4,4,4,0,0,0,0,0,0,0,4,0,0,3,0,4,0,2,0,3,7,1,2,1,0,3,2,7,0,0,0,16,0,0,0,3,3,0,7,5,5,17,0,0,0,0,0,0,18,0,0,0,0,0,0,0,0,0,0,8,11,5,5,5,14,5,4,5,5,0,0,0,16,0,0,0,0,0,0,0,0,0,0,0,0,0,0,0,0,0,0,0,9,6,9,5,8,6,8,6,8,6,8,6,8,6
Provisional,0017,DALEWOOD,2108,1,0,1,0,0,0,0,0,0,0,0,0,0,0,0,0,0,0,0,0,0,0,0,0,1,0,0,0,0,1,0,0,1,0,1,0,0,0,1,0,0,0,1,0,0,1,1,0,1,0,0,0,0,0,0,1,0,0,0,0,0,0,0,0,0,0,1,1,1,1,0,1,1,0,1,1,0,0,0,1,0,0,0,0,0,0,0,0,0,0,0,0,0,0,0,0,0,0,0,1,0,1,0,1,0,1,0,1,0,1,0,1,0
Military & Overseas,0017,DALEWOOD,2108,1,0,1,0,0,0,0,0,0,0,0,0,0,0,0,0,0,0,0,0,0,0,0,0,0,1,0,1,0,0,0,0,1,0,1,0,0,0,1,0,0,0,1,0,0,1,1,0,1,0,0,0,0,0,0,1,0,0,0,0,0,0,0,0,0,0,1,1,1,1,0,1,1,1,0,1,0,0,0,1,0,0,0,0,0,0,0,0,0,0,0,0,0,0,0,0,0,0,0,1,0,1,0,1,0,1,0,1,0,1,0,1,0
Nursing Home,0017,DALEWOOD,2108,7,5,2,0,1,0,3,4,4,4,0,0,0,0,0,0,0,4,1,0,4,0,0,1,0,0,1,0,0,1,0,1,0,2,2,0,0,0,2,0,0,0,0,2,0,2,6,4,3,0,0,0,0,0,0,4,0,0,0,0,0,0,0,0,0,0,6,6,7,5,4,2,6,3,3,5,0,0,0,4,0,0,0,0,0,0,0,0,0,0,0,0,0,0,0,0,0,0,0,2,0,4,0,4,0,3,0,4,0,4,0,5,0
Election Day,0018,DALLAS,3647,535,378,142,15,200,85,89,356,343,352,353,0,0,0,0,0,0,203,133,0,252,65,13,6,106,4,8,66,31,11,13,12,109,25,120,78,47,0,0,0,0,0,68,53,0,118,439,352,175,346,177,0,0,0,0,0,0,0,0,0,0,0,0,0,0,0,453,452,448,445,371,151,440,364,139,443,0,0,0,0,0,0,0,0,0,0,0,0,0,0,0,0,0,0,0,0,0,0,0,360,101,352,105,348,110,343,109,355,100,350,104,349,102
Early Voting,0018,DALLAS,3647,516,374,136,6,186,96,92,350,341,353,348,0,0,0,0,0,0,198,150,0,252,75,23,3,92,8,7,63,30,14,8,13,109,20,118,65,60,0,0,0,0,0,51,67,0,114,399,346,164,344,163,0,0,0,0,0,0,0,0,0,0,0,0,0,0,0,403,433,402,398,351,150,394,338,147,397,0,0,0,0,0,0,0,0,0,0,0,0,0,0,0,0,0,0,0,0,0,0,0,344,107,344,111,338,113,333,113,351,98,350,98,330,118
Absentee,0018,DALLAS,3647,10,4,3,3,2,2,0,4,4,4,4,0,0,0,0,0,0,4,0,0,3,1,0,0,2,1,0,0,1,0,2,0,3,0,3,0,3,0,0,0,0,0,1,2,0,1,5,4,6,4,6,0,0,0,0,0,0,0,0,0,0,0,0,0,0,0,5,5,5,5,4,6,5,4,6,5,0,0,0,0,0,0,0,0,0,0,0,0,0,0,0,0,0,0,0,0,0,0,0,5,5,5,5,5,5,4,6,6,4,5,5,5,5
Provisional,0018,DALLAS,3647,0,0,0,0,0,0,0,0,0,0,0,0,0,0,0,0,0,0,0,0,0,0,0,0,0,0,0,0,0,0,0,0,0,0,0,0,0,0,0,0,0,0,0,0,0,0,0,0,0,0,0,0,0,0,0,0,0,0,0,0,0,0,0,0,0,0,0,0,0,0,0,0,0,0,0,0,0,0,0,0,0,0,0,0,0,0,0,0,0,0,0,0,0,0,0,0,0,0,0,0,0,0,0,0,0,0,0,0,0,0,0,0,0
Military & Overseas,0018,DALLAS,3647,1,0,1,0,0,0,0,0,0,0,0,0,0,0,0,0,0,0,0,0,0,0,0,0,1,0,0,1,0,0,0,0,1,0,1,1,0,0,0,0,0,0,0,1,0,1,1,0,1,0,1,0,0,0,0,0,0,0,0,0,0,0,0,0,0,0,0,1,1,1,0,1,1,1,0,1,0,0,0,0,0,0,0,0,0,0,0,0,0,0,0,0,0,0,0,0,0,0,0,0,1,0,1,1,0,1,0,1,0,1,0,1,0
Nursing Home,0018,DALLAS,3647,2,2,0,0,0,1,0,2,2,2,2,0,0,0,0,0,0,1,1,0,1,1,0,0,0,0,0,0,0,0,0,0,0,0,0,0,0,0,0,0,0,0,0,0,0,0,2,2,0,0,2,0,0,0,0,0,0,0,0,0,0,0,0,0,0,0,2,2,2,2,1,1,2,0,2,2,0,0,0,0,0,0,0,0,0,0,0,0,0,0,0,0,0,0,0,0,0,0,0,1,0,1,0,1,0,2,0,1,0,1,0,2,0
Election Day,0019,DOWNTOWN,2568,267,63,188,16,33,8,21,53,48,0,19,0,0,0,0,0,50,0,0,47,0,0,37,7,103,7,13,103,28,10,7,23,136,28,0,33,46,0,92,0,0,150,0,0,149,0,123,64,199,0,0,0,0,0,218,0,0,0,0,0,0,0,0,0,0,0,135,187,128,127,57,179,116,64,140,117,0,0,0,0,0,0,0,0,0,0,0,0,0,0,0,0,0,0,0,0,0,0,0,85,102,101,86,98,88,94,87,120,64,108,76,90,94
Early Voting,0019,DOWNTOWN,2568,230,83,139,8,30,12,40,72,72,0,44,1,1,0,0,0,71,0,0,66,0,0,23,6,92,4,8,80,19,6,11,11,118,14,0,34,32,0,53,0,0,99,0,0,106,0,123,76,150,0,0,0,0,0,179,0,0,0,0,0,0,0,0,0,0,0,130,168,123,127,78,145,130,88,113,126,0,0,0,0,0,0,0,0,0,0,0,0,0,0,0,0,0,0,0,0,0,0,0,104,75,113,66,108,67,106,70,113,60,109,67,107,69
Absentee,0019,DOWNTOWN,2568,7,1,4,2,1,0,0,1,1,0,0,0,0,0,0,0,1,0,0,1,0,0,1,0,1,1,0,3,0,0,0,1,3,1,0,1,0,0,3,0,0,2,0,0,3,0,5,3,4,0,0,0,0,0,7,0,0,0,0,0,0,0,0,0,0,0,5,6,5,5,3,4,5,3,3,5,0,0,0,0,0,0,0,0,0,0,0,0,0,0,0,0,0,0,0,0,0,0,0,5,1,5,1,5,1,5,1,5,1,5,1,5,1
Provisional,0019,DOWNTOWN,2568,2,1,1,0,0,0,1,1,1,0,0,0,0,0,0,0,1,0,0,1,0,0,0,0,1,0,0,0,0,0,1,0,0,1,0,0,1,0,0,0,0,1,0,0,1,0,1,1,1,0,0,0,0,0,2,0,0,0,0,0,0,0,0,0,0,0,1,2,1,1,1,1,1,0,2,1,0,0,0,0,0,0,0,0,0,0,0,0,0,0,0,0,0,0,0,0,0,0,0,1,0,0,1,1,0,1,0,0,1,0,1,1,0
Military & Overseas,0019,DOWNTOWN,2568,1,1,0,0,1,0,0,1,1,0,1,0,0,0,0,0,1,0,0,1,0,0,0,0,0,0,0,0,0,0,0,0,0,0,0,0,0,0,0,0,0,0,0,0,0,0,1,1,0,0,0,0,0,0,0,0,0,0,0,0,0,0,0,0,0,0,1,1,1,1,1,0,1,1,0,1,0,0,0,0,0,0,0,0,0,0,0,0,0,0,0,0,0,0,0,0,0,0,0,1,0,1,0,1,0,1,0,1,0,1,0,1,0
Nursing Home,0019,DOWNTOWN,2568,3,0,3,0,0,0,0,0,0,0,0,0,0,0,0,0,0,0,0,0,0,0,1,0,0,0,2,1,0,2,0,0,1,2,0,0,0,0,2,0,0,2,0,0,2,0,2,1,2,0,0,0,0,0,2,0,0,0,0,0,0,0,0,0,0,0,2,2,2,2,0,3,2,0,3,2,0,0,0,0,0,0,0,0,0,0,0,0,0,0,0,0,0,0,0,0,0,0,0,2,0,2,0,2,0,2,0,2,0,2,0,2,0
Election Day,0020,DUPONT,2929,402,220,173,9,93,44,75,190,188,192,195,0,0,0,0,0,0,91,96,0,129,46,17,10,120,9,7,88,26,12,13,14,115,34,131,62,77,0,0,0,0,0,61,68,0,126,263,194,201,0,0,0,0,255,0,0,0,0,0,0,0,0,0,0,0,0,261,305,257,255,195,181,249,182,163,250,148,185,49,0,0,0,0,0,0,0,0,0,0,0,0,0,0,0,0,0,0,0,0,214,110,216,104,207,107,207,106,224,90,222,95,207,107
Early Voting,0020,DUPONT,2929,490,304,180,6,132,52,112,262,255,267,260,0,0,0,0,0,0,92,175,0,153,64,23,8,128,2,11,92,23,20,13,16,143,24,148,76,72,0,0,0,0,0,72,75,0,138,318,280,200,0,0,0,0,331,0,0,0,0,0,0,0,0,0,0,0,0,339,376,324,317,266,203,311,265,171,321,213,189,73,0,0,0,0,0,0,0,0,0,0,0,0,0,0,0,0,0,0,0,0,280,113,279,117,272,124,276,122,287,108,286,108,273,122
Absentee,0020,DUPONT,2929,22,6,12,4,4,1,1,6,6,6,6,0,0,0,0,0,0,2,2,0,1,3,4,0,7,0,0,6,3,1,1,0,12,0,9,7,3,0,0,0,0,0,3,8,0,10,10,10,12,0,0,0,0,10,0,0,0,0,0,0,0,0,0,0,0,0,9,18,11,8,6,15,15,6,14,12,4,14,2,0,0,0,0,0,0,0,0,0,0,0,0,0,0,0,0,0,0,0,0,12,7,14,5,13,5,12,5,13,5,12,6,12,4
Provisional,0020,DUPONT,2929,0,0,0,0,0,0,0,0,0,0,0,0,0,0,0,0,0,0,0,0,0,0,0,0,0,0,0,0,0,0,0,0,0,0,0,0,0,0,0,0,0,0,0,0,0,0,0,0,0,0,0,0,0,0,0,0,0,0,0,0,0,0,0,0,0,0,0,0,0,0,0,0,0,0,0,0,0,0,0,0,0,0,0,0,0,0,0,0,0,0,0,0,0,0,0,0,0,0,0,0,0,0,0,0,0,0,0,0,0,0,0,0,0
Military & Overseas,0020,DUPONT,2929,2,0,2,0,0,0,0,0,0,0,0,0,0,0,0,0,0,0,0,0,0,0,0,0,2,0,0,2,0,0,0,0,2,0,2,0,2,0,0,0,0,0,0,2,0,2,2,0,2,0,0,0,0,2,0,0,0,0,0,0,0,0,0,0,0,0,2,2,2,2,0,2,2,0,2,2,0,2,0,0,0,0,0,0,0,0,0,0,0,0,0,0,0,0,0,0,0,0,0,2,0,2,0,2,0,2,0,2,0,2,0,2,0
Nursing Home,0020,DUPONT,2929,7,5,2,0,2,0,2,3,2,2,2,0,0,0,0,0,0,2,1,0,3,0,0,0,0,1,0,0,0,1,0,0,1,0,1,1,0,0,0,0,0,0,0,1,0,1,3,4,2,0,0,0,0,3,0,0,0,0,0,0,0,0,0,0,0,0,3,3,3,3,3,1,3,3,1,3,3,1,1,0,0,0,0,0,0,0,0,0,0,0,0,0,0,0,0,0,0,0,0,3,1,3,1,3,1,2,1,2,1,3,1,3,1
Election Day,0021,EAST BRAINERD A,3242,417,272,125,20,157,44,63,245,244,0,0,0,0,0,0,248,245,0,0,245,0,0,28,11,72,3,8,63,24,12,8,15,91,27,0,0,0,0,0,0,107,104,0,0,108,0,320,257,155,0,0,0,0,0,0,0,0,0,255,155,0,0,0,0,0,0,324,359,305,315,252,144,317,234,129,290,0,0,0,0,0,0,0,0,0,0,0,0,0,0,0,0,0,0,0,0,0,0,0,249,72,250,73,251,69,240,76,257,59,259,61,241,77
Early Voting,0021,EAST BRAINERD A,3242,366,188,175,3,91,34,62,167,161,0,0,0,0,0,0,167,161,0,0,158,0,0,36,6,108,4,12,95,27,17,10,11,132,30,0,0,0,0,0,0,140,137,0,0,143,0,228,178,180,0,0,0,0,0,0,0,0,0,166,190,0,0,0,0,0,0,228,279,224,230,171,188,221,180,156,221,0,0,0,0,0,0,0,0,0,0,0,0,0,0,0,0,0,0,0,0,0,0,0,213,104,216,101,213,93,205,103,228,80,231,76,210,95
Absentee,0021,EAST BRAINERD A,3242,14,8,5,1,4,0,4,7,8,0,0,0,0,0,0,8,8,0,0,8,0,0,2,2,1,0,0,2,2,0,0,0,4,0,0,0,0,0,0,0,3,4,0,0,4,0,8,6,7,0,0,0,0,0,0,0,0,0,7,6,0,0,0,0,0,0,8,9,8,8,8,6,8,7,4,8,0,0,0,0,0,0,0,0,0,0,0,0,0,0,0,0,0,0,0,0,0,0,0,6,6,7,5,7,5,7,5,9,3,7,5,7,5
Provisional,0021,EAST BRAINERD A,3242,0,0,0,0,0,0,0,0,0,0,0,0,0,0,0,0,0,0,0,0,0,0,0,0,0,0,0,0,0,0,0,0,0,0,0,0,0,0,0,0,0,0,0,0,0,0,0,0,0,0,0,0,0,0,0,0,0,0,0,0,0,0,0,0,0,0,0,0,0,0,0,0,0,0,0,0,0,0,0,0,0,0,0,0,0,0,0,0,0,0,0,0,0,0,0,0,0,0,0,0,0,0,0,0,0,0,0,0,0,0,0,0,0
Military & Overseas,0021,EAST BRAINERD A,3242,0,0,0,0,0,0,0,0,0,0,0,0,0,0,0,0,0,0,0,0,0,0,0,0,0,0,0,0,0,0,0,0,0,0,0,0,0,0,0,0,0,0,0,0,0,0,0,0,0,0,0,0,0,0,0,0,0,0,0,0,0,0,0,0,0,0,0,0,0,0,0,0,0,0,0,0,0,0,0,0,0,0,0,0,0,0,0,0,0,0,0,0,0,0,0,0,0,0,0,0,0,0,0,0,0,0,0,0,0,0,0,0,0
Nursing Home,0021,EAST BRAINERD A,3242,3,2,1,0,1,0,1,2,2,0,0,0,0,0,0,2,2,0,0,1,0,0,0,0,1,0,0,1,0,0,0,0,1,0,0,0,0,0,0,0,1,1,0,0,1,0,2,2,0,0,0,0,0,0,0,0,0,0,1,1,0,0,0,0,0,0,0,1,2,1,3,0,3,1,1,0,0,0,0,0,0,0,0,0,0,0,0,0,0,0,0,0,0,0,0,0,0,0,0,1,0,0,0,1,0,1,0,1,0,1,0,1,0
Election Day,0022,EAST BRAINERD B,4612,516,316,185,15,155,48,110,287,279,0,0,0,0,0,65,207,264,0,0,260,0,0,46,7,106,5,13,90,29,17,12,25,127,40,0,0,0,0,0,30,115,141,0,0,147,0,354,300,210,0,0,0,0,0,0,0,0,0,293,207,0,0,0,0,0,0,368,398,359,353,301,186,351,267,168,333,0,0,0,0,0,0,0,0,0,0,0,0,0,0,0,0,0,0,0,0,0,0,0,271,112,275,110,269,108,257,118,283,94,281,99,261,112
Early Voting,0022,EAST BRAINERD B,4612,574,335,231,8,188,37,101,305,298,0,0,0,0,0,101,205,295,0,0,284,0,0,50,11,129,9,21,133,32,18,14,19,146,63,0,0,0,0,0,50,129,185,0,0,190,0,378,317,243,0,0,0,0,0,0,0,0,0,312,250,0,0,0,0,0,0,393,449,381,381,311,238,371,317,192,377,0,0,0,0,0,0,0,0,0,0,0,0,0,0,0,0,0,0,0,0,0,0,0,333,130,334,130,329,129,326,132,352,114,342,120,324,132
Absentee,0022,EAST BRAINERD B,4612,37,23,8,6,9,2,12,22,21,0,0,0,0,0,11,11,23,0,0,20,0,0,1,0,2,0,1,1,3,0,0,1,6,0,0,0,0,0,0,1,2,4,0,0,5,0,25,20,17,0,0,0,0,0,0,0,0,0,21,16,0,0,0,0,0,0,21,25,24,21,22,14,23,21,11,23,0,0,0,0,0,0,0,0,0,0,0,0,0,0,0,0,0,0,0,0,0,0,0,20,10,19,10,19,9,19,9,19,9,19,10,19,10
Provisional,0022,EAST BRAINERD B,4612,1,1,0,0,1,0,0,1,1,0,0,0,0,0,0,1,1,0,0,1,0,0,0,0,0,0,0,0,0,0,0,0,0,0,0,0,0,0,0,0,0,0,0,0,0,0,1,1,0,0,0,0,0,0,0,0,0,0,1,0,0,0,0,0,0,0,1,1,1,1,1,0,1,1,0,1,0,0,0,0,0,0,0,0,0,0,0,0,0,0,0,0,0,0,0,0,0,0,0,1,0,1,0,1,0,1,0,1,0,1,0,1,0
Military & Overseas,0022,EAST BRAINERD B,4612,1,0,1,0,0,0,0,0,0,0,0,0,0,0,0,0,0,0,0,0,0,0,0,0,1,0,0,1,0,0,0,0,1,0,0,0,0,0,0,0,1,1,0,0,1,0,0,0,1,0,0,0,0,0,0,0,0,0,0,1,0,0,0,0,0,0,0,1,0,0,0,1,0,0,1,0,0,0,0,0,0,0,0,0,0,0,0,0,0,0,0,0,0,0,0,0,0,0,0,0,1,0,1,0,1,0,1,0,1,0,1,0,1
Nursing Home,0022,EAST BRAINERD B,4612,17,9,8,0,8,0,1,7,6,0,0,0,0,0,5,1,4,0,0,4,0,0,2,2,2,1,1,2,2,2,1,1,3,4,0,0,0,0,0,4,2,7,0,0,4,0,5,12,5,0,0,0,0,0,0,0,0,0,7,8,0,0,0,0,0,0,10,8,7,6,8,7,6,6,5,6,0,0,0,0,0,0,0,0,0,0,0,0,0,0,0,0,0,0,0,0,0,0,0,7,2,7,2,7,2,6,3,7,2,7,2,6,3
Election Day,0023,EAST CHATTANOOGA,1699,190,13,165,12,6,2,4,10,10,10,0,0,0,0,0,0,0,6,2,0,7,1,48,8,64,3,27,97,18,20,2,13,95,38,124,0,0,0,154,0,0,0,90,39,0,121,61,18,171,0,0,0,0,0,177,0,0,0,0,0,0,0,0,0,0,0,59,130,64,53,12,162,54,15,116,52,0,0,0,0,0,0,0,0,0,0,0,0,0,0,0,0,0,0,0,0,0,0,0,54,88,66,78,62,80,53,88,83,63,71,73,52,85
Early Voting,0023,EAST CHATTANOOGA,1699,244,21,219,4,7,4,9,19,17,19,0,0,0,0,0,0,0,10,10,0,15,2,62,11,77,8,36,109,20,42,6,18,122,60,164,0,0,0,207,0,0,0,110,60,0,167,101,28,209,0,0,0,0,0,216,0,0,0,0,0,0,0,0,0,0,0,101,179,97,91,27,201,87,33,154,87,0,0,0,0,0,0,0,0,0,0,0,0,0,0,0,0,0,0,0,0,0,0,0,99,100,111,87,121,78,117,83,137,62,127,71,111,84
Absentee,0023,EAST CHATTANOOGA,1699,16,0,12,4,0,0,0,0,0,0,0,0,0,0,0,0,0,0,0,0,0,0,4,0,6,1,0,5,2,1,1,2,7,4,10,0,0,0,11,0,0,0,4,6,0,11,5,2,12,0,0,0,0,0,13,0,0,0,0,0,0,0,0,0,0,0,7,11,4,3,2,14,2,2,7,2,0,0,0,0,0,0,0,0,0,0,0,0,0,0,0,0,0,0,0,0,0,0,0,8,5,9,4,9,3,9,3,11,2,11,2,10,2
Provisional,0023,EAST CHATTANOOGA,1699,0,0,0,0,0,0,0,0,0,0,0,0,0,0,0,0,0,0,0,0,0,0,0,0,0,0,0,0,0,0,0,0,0,0,0,0,0,0,0,0,0,0,0,0,0,0,0,0,0,0,0,0,0,0,0,0,0,0,0,0,0,0,0,0,0,0,0,0,0,0,0,0,0,0,0,0,0,0,0,0,0,0,0,0,0,0,0,0,0,0,0,0,0,0,0,0,0,0,0,0,0,0,0,0,0,0,0,0,0,0,0,0,0
Military & Overseas,0023,EAST CHATTANOOGA,1699,0,0,0,0,0,0,0,0,0,0,0,0,0,0,0,0,0,0,0,0,0,0,0,0,0,0,0,0,0,0,0,0,0,0,0,0,0,0,0,0,0,0,0,0,0,0,0,0,0,0,0,0,0,0,0,0,0,0,0,0,0,0,0,0,0,0,0,0,0,0,0,0,0,0,0,0,0,0,0,0,0,0,0,0,0,0,0,0,0,0,0,0,0,0,0,0,0,0,0,0,0,0,0,0,0,0,0,0,0,0,0,0,0
Nursing Home,0023,EAST CHATTANOOGA,1699,1,0,1,0,0,0,0,0,0,0,0,0,0,0,0,0,0,0,0,0,0,0,0,0,0,0,0,0,0,0,0,0,0,0,0,0,0,0,0,0,0,0,0,0,0,0,0,0,1,0,0,0,0,0,0,0,0,0,0,0,0,0,0,0,0,0,0,0,0,0,0,1,0,0,0,0,0,0,0,0,0,0,0,0,0,0,0,0,0,0,0,0,0,0,0,0,0,0,0,0,0,0,0,0,0,0,0,0,0,0,0,0,0
Election Day,0024,EAST LAKE,1395,206,55,144,7,36,7,11,53,53,0,0,0,0,0,0,29,53,0,0,51,0,0,36,11,67,5,11,88,16,9,3,16,98,28,0,0,0,0,76,0,40,100,0,0,105,0,115,65,138,0,0,0,0,0,0,0,0,0,0,0,0,0,0,0,57,147,110,147,109,109,58,138,110,56,107,104,0,0,0,0,0,0,0,0,0,0,0,0,0,0,0,0,0,0,0,0,0,0,0,69,91,77,84,71,90,74,86,93,69,86,74,72,91
Early Voting,0024,EAST LAKE,1395,76,18,57,1,10,1,7,16,16,0,0,0,0,0,0,14,16,0,0,17,0,0,15,2,25,1,5,39,6,2,0,4,36,10,0,0,0,0,33,0,17,39,0,0,44,0,44,18,58,0,0,0,0,0,0,0,0,0,0,0,0,0,0,0,21,54,41,53,39,40,15,58,39,20,42,38,0,0,0,0,0,0,0,0,0,0,0,0,0,0,0,0,0,0,0,0,0,0,0,31,28,36,21,36,22,33,24,41,18,37,21,30,28
Absentee,0024,EAST LAKE,1395,8,3,4,1,3,0,0,3,3,0,0,0,0,0,0,1,2,0,0,2,0,0,2,0,2,0,0,1,0,2,0,1,3,1,0,0,0,0,3,0,0,1,0,0,1,0,5,3,5,0,0,0,0,0,0,0,0,0,0,0,0,0,0,0,2,4,3,7,4,4,3,4,3,2,3,3,0,0,0,0,0,0,0,0,0,0,0,0,0,0,0,0,0,0,0,0,0,0,0,7,0,7,0,7,0,7,0,7,0,7,0,7,0
Provisional,0024,EAST LAKE,1395,0,0,0,0,0,0,0,0,0,0,0,0,0,0,0,0,0,0,0,0,0,0,0,0,0,0,0,0,0,0,0,0,0,0,0,0,0,0,0,0,0,0,0,0,0,0,0,0,0,0,0,0,0,0,0,0,0,0,0,0,0,0,0,0,0,0,0,0,0,0,0,0,0,0,0,0,0,0,0,0,0,0,0,0,0,0,0,0,0,0,0,0,0,0,0,0,0,0,0,0,0,0,0,0,0,0,0,0,0,0,0,0,0
Military & Overseas,0024,EAST LAKE,1395,0,0,0,0,0,0,0,0,0,0,0,0,0,0,0,0,0,0,0,0,0,0,0,0,0,0,0,0,0,0,0,0,0,0,0,0,0,0,0,0,0,0,0,0,0,0,0,0,0,0,0,0,0,0,0,0,0,0,0,0,0,0,0,0,0,0,0,0,0,0,0,0,0,0,0,0,0,0,0,0,0,0,0,0,0,0,0,0,0,0,0,0,0,0,0,0,0,0,0,0,0,0,0,0,0,0,0,0,0,0,0,0,0
Nursing Home,0024,EAST LAKE,1395,2,2,0,0,2,0,0,2,2,0,0,0,0,0,0,1,2,0,0,2,0,0,0,0,0,0,0,0,0,0,0,0,0,0,0,0,0,0,0,0,0,0,0,0,0,0,2,2,0,0,0,0,0,0,0,0,0,0,0,0,0,0,0,0,2,0,2,2,2,2,2,0,2,2,0,2,0,0,0,0,0,0,0,0,0,0,0,0,0,0,0,0,0,0,0,0,0,0,0,2,0,2,0,2,0,2,0,2,0,2,0,2,0
Election Day,0025,EAST RIDGE A,3261,591,300,254,37,145,44,107,272,270,0,0,0,0,0,0,270,259,0,0,255,0,0,43,5,166,17,8,136,39,22,21,17,192,37,0,0,0,0,0,0,206,201,0,0,212,0,388,281,298,0,0,0,0,0,0,0,0,0,0,0,275,304,0,0,0,0,391,452,391,388,298,279,386,289,242,383,0,0,0,0,0,0,246,328,0,0,0,0,0,0,0,0,0,0,0,0,0,0,0,324,164,329,168,330,157,323,162,336,146,336,151,325,161
Early Voting,0025,EAST RIDGE A,3261,380,183,196,1,89,25,68,168,161,0,0,0,0,0,0,163,159,0,0,156,0,0,27,13,128,10,12,117,24,10,16,20,155,26,0,0,0,0,0,0,157,152,0,0,161,0,246,171,204,0,0,0,0,0,0,0,0,0,0,0,155,216,0,0,0,0,241,294,228,232,174,197,235,183,159,237,0,0,0,0,0,0,147,226,0,0,0,0,0,0,0,0,0,0,0,0,0,0,0,193,127,202,116,193,123,193,124,211,106,210,104,186,131
Absentee,0025,EAST RIDGE A,3261,14,7,1,6,5,1,1,7,7,0,0,0,0,0,0,6,7,0,0,6,0,0,1,0,0,0,0,1,0,0,0,0,1,0,0,0,0,0,0,0,1,1,0,0,1,0,13,12,2,0,0,0,0,0,0,0,0,0,0,0,11,3,0,0,0,0,14,13,14,14,13,1,13,12,2,13,0,0,0,0,0,0,10,4,0,0,0,0,0,0,0,0,0,0,0,0,0,0,0,11,0,11,0,11,0,11,0,11,0,11,0,11,0
Provisional,0025,EAST RIDGE A,3261,0,0,0,0,0,0,0,0,0,0,0,0,0,0,0,0,0,0,0,0,0,0,0,0,0,0,0,0,0,0,0,0,0,0,0,0,0,0,0,0,0,0,0,0,0,0,0,0,0,0,0,0,0,0,0,0,0,0,0,0,0,0,0,0,0,0,0,0,0,0,0,0,0,0,0,0,0,0,0,0,0,0,0,0,0,0,0,0,0,0,0,0,0,0,0,0,0,0,0,0,0,0,0,0,0,0,0,0,0,0,0,0,0
Military & Overseas,0025,EAST RIDGE A,3261,3,3,0,0,0,1,1,0,0,0,0,0,0,0,0,0,0,0,0,0,0,0,0,0,0,0,0,0,0,0,0,0,0,0,0,0,0,0,0,0,0,0,0,0,0,0,2,0,2,0,0,0,0,0,0,0,0,0,0,0,0,2,0,0,0,0,0,2,0,1,3,0,1,1,1,1,0,0,0,0,0,0,1,2,0,0,0,0,0,0,0,0,0,0,0,0,0,0,0,2,0,2,0,2,0,2,0,2,0,2,0,2,0
Nursing Home,0025,EAST RIDGE A,3261,3,3,0,0,2,0,0,2,2,0,0,0,0,0,0,2,2,0,0,2,0,0,0,0,0,0,0,0,0,0,0,0,0,0,0,0,0,0,0,0,0,0,0,0,0,0,2,3,0,0,0,0,0,0,0,0,0,0,0,0,3,0,0,0,0,0,2,2,2,2,3,0,2,3,0,2,0,0,0,0,0,0,3,0,0,0,0,0,0,0,0,0,0,0,0,0,0,0,0,1,0,1,0,1,0,0,0,0,0,1,0,1,0
Election Day,0026,EAST RIDGE B,3370,649,324,300,25,148,54,118,294,283,0,0,0,0,0,0,296,285,0,0,278,0,0,49,13,188,17,17,162,52,19,15,36,222,50,0,0,0,0,0,0,250,240,0,0,253,0,447,306,333,0,0,0,0,0,0,0,0,0,0,0,288,346,0,0,0,0,459,518,461,457,333,302,455,323,275,444,0,0,0,0,0,0,265,367,0,0,0,0,0,0,0,0,0,0,0,0,0,0,0,346,179,360,167,350,168,341,176,372,145,369,152,349,172
Early Voting,0026,EAST RIDGE B,3370,415,169,244,2,75,25,65,162,153,0,0,0,0,0,0,154,159,0,0,151,0,0,36,8,173,6,9,140,43,15,14,19,197,33,0,0,0,0,0,0,199,202,0,0,211,0,246,160,251,0,0,0,0,0,0,0,0,0,0,0,152,258,0,0,0,0,237,321,238,237,170,239,238,165,215,235,0,0,0,0,0,0,140,267,0,0,0,0,0,0,0,0,0,0,0,0,0,0,0,198,156,223,133,210,145,206,147,228,125,229,128,198,156
Absentee,0026,EAST RIDGE B,3370,13,6,7,0,4,0,2,6,6,0,0,0,0,0,0,6,6,0,0,4,0,0,2,1,4,0,0,3,2,0,2,0,5,2,0,0,0,0,0,0,5,7,0,0,7,0,7,6,7,0,0,0,0,0,0,0,0,0,0,0,5,7,0,0,0,0,6,7,7,7,6,5,7,8,4,8,0,0,0,0,0,0,6,6,0,0,0,0,0,0,0,0,0,0,0,0,0,0,0,6,5,6,5,7,4,6,5,6,5,6,5,7,4
Provisional,0026,EAST RIDGE B,3370,0,0,0,0,0,0,0,0,0,0,0,0,0,0,0,0,0,0,0,0,0,0,0,0,0,0,0,0,0,0,0,0,0,0,0,0,0,0,0,0,0,0,0,0,0,0,0,0,0,0,0,0,0,0,0,0,0,0,0,0,0,0,0,0,0,0,0,0,0,0,0,0,0,0,0,0,0,0,0,0,0,0,0,0,0,0,0,0,0,0,0,0,0,0,0,0,0,0,0,0,0,0,0,0,0,0,0,0,0,0,0,0,0
Military & Overseas,0026,EAST RIDGE B,3370,0,0,0,0,0,0,0,0,0,0,0,0,0,0,0,0,0,0,0,0,0,0,0,0,0,0,0,0,0,0,0,0,0,0,0,0,0,0,0,0,0,0,0,0,0,0,0,0,0,0,0,0,0,0,0,0,0,0,0,0,0,0,0,0,0,0,0,0,0,0,0,0,0,0,0,0,0,0,0,0,0,0,0,0,0,0,0,0,0,0,0,0,0,0,0,0,0,0,0,0,0,0,0,0,0,0,0,0,0,0,0,0,0
Nursing Home,0026,EAST RIDGE B,3370,4,3,1,0,3,0,0,3,3,0,0,0,0,0,0,2,2,0,0,2,0,0,0,0,1,0,0,1,0,0,0,0,1,0,0,0,0,0,0,0,0,0,0,0,0,0,2,3,1,0,0,0,0,0,0,0,0,0,0,0,4,0,0,0,0,0,2,2,2,2,2,1,2,3,0,2,0,0,0,0,0,0,3,1,0,0,0,0,0,0,0,0,0,0,0,0,0,0,0,3,0,3,0,2,1,2,1,3,0,2,1,3,0
Election Day,0027,EAST RIDGE C,1476,243,137,98,8,71,23,41,130,129,0,0,0,0,0,0,126,127,0,0,122,0,0,20,6,59,8,1,56,14,7,5,11,74,16,0,0,0,0,0,0,86,84,0,0,84,0,174,141,102,0,0,0,0,0,0,0,0,0,0,0,127,112,0,0,0,0,176,199,176,180,136,98,180,127,83,169,0,0,0,0,0,0,112,111,0,0,0,0,0,0,0,0,0,0,0,0,0,0,0,132,63,143,54,136,58,135,59,141,52,139,54,132,61
Early Voting,0027,EAST RIDGE C,1476,114,40,72,2,23,6,9,38,34,0,0,0,0,0,0,36,34,0,0,31,0,0,16,4,48,1,1,42,11,4,0,11,54,12,0,0,0,0,0,0,60,62,0,0,62,0,64,37,73,0,0,0,0,0,0,0,0,0,0,0,36,76,0,0,0,0,67,85,62,62,38,74,62,42,61,63,0,0,0,0,0,0,37,75,0,0,0,0,0,0,0,0,0,0,0,0,0,0,0,39,53,45,51,42,53,39,55,47,49,48,49,40,55
Absentee,0027,EAST RIDGE C,1476,11,4,7,0,2,0,2,4,4,0,0,0,0,0,0,4,4,0,0,2,0,0,3,1,3,0,0,1,5,0,0,1,6,1,0,0,0,0,0,0,7,5,0,0,7,0,8,6,5,0,0,0,0,0,0,0,0,0,0,0,4,7,0,0,0,0,7,6,8,7,4,7,6,4,7,7,0,0,0,0,0,0,4,7,0,0,0,0,0,0,0,0,0,0,0,0,0,0,0,5,4,5,4,5,4,5,4,6,3,5,4,5,4
Provisional,0027,EAST RIDGE C,1476,0,0,0,0,0,0,0,0,0,0,0,0,0,0,0,0,0,0,0,0,0,0,0,0,0,0,0,0,0,0,0,0,0,0,0,0,0,0,0,0,0,0,0,0,0,0,0,0,0,0,0,0,0,0,0,0,0,0,0,0,0,0,0,0,0,0,0,0,0,0,0,0,0,0,0,0,0,0,0,0,0,0,0,0,0,0,0,0,0,0,0,0,0,0,0,0,0,0,0,0,0,0,0,0,0,0,0,0,0,0,0,0,0
Military & Overseas,0027,EAST RIDGE C,1476,1,0,1,0,0,0,0,0,0,0,0,0,0,0,0,0,0,0,0,0,0,0,0,0,0,0,0,0,0,0,0,0,0,0,0,0,0,0,0,0,0,0,0,0,0,0,1,1,0,0,0,0,0,0,0,0,0,0,0,0,1,0,0,0,0,0,1,0,1,1,1,0,1,1,0,1,0,0,0,0,0,0,1,0,0,0,0,0,0,0,0,0,0,0,0,0,0,0,0,0,0,0,0,0,0,0,0,0,0,0,0,0,0
Nursing Home,0027,EAST RIDGE C,1476,2,2,0,0,1,0,1,1,1,0,0,0,0,0,0,1,1,0,0,0,0,0,0,0,0,0,0,0,0,0,0,0,0,0,0,0,0,0,0,0,0,0,0,0,0,0,1,1,1,0,0,0,0,0,0,0,0,0,0,0,2,0,0,0,0,0,1,1,1,1,1,1,1,1,1,1,0,0,0,0,0,0,2,0,0,0,0,0,0,0,0,0,0,0,0,0,0,0,0,1,0,1,0,1,0,1,0,1,0,1,0,1,0
Election Day,0028,EAST RIDGE D,2888,451,269,167,15,136,50,80,249,247,0,0,0,0,0,0,248,248,0,0,247,0,0,27,13,109,7,7,88,33,10,7,21,118,36,0,0,0,0,0,0,140,141,0,0,140,0,338,258,188,0,0,0,0,0,0,0,0,0,0,0,253,188,0,0,0,0,347,379,343,342,265,166,338,254,151,322,0,0,0,0,0,0,221,190,0,0,0,0,0,0,0,0,0,0,0,0,0,0,0,271,104,271,99,267,102,264,105,279,89,278,93,263,107
Early Voting,0028,EAST RIDGE D,2888,235,128,106,1,56,23,49,112,110,0,0,0,0,0,0,117,109,0,0,107,0,0,16,8,65,5,5,63,15,11,4,7,73,26,0,0,0,0,0,0,82,85,0,0,88,0,148,127,103,0,0,0,0,0,0,0,0,0,0,0,115,112,0,0,0,0,159,175,157,152,124,103,156,120,94,156,0,0,0,0,0,0,111,114,0,0,0,0,0,0,0,0,0,0,0,0,0,0,0,125,78,127,75,120,81,120,79,129,74,135,66,120,79
Absentee,0028,EAST RIDGE D,2888,14,10,4,0,5,0,5,9,9,0,0,0,0,0,0,7,7,0,0,7,0,0,2,0,2,0,0,4,0,0,0,0,2,2,0,0,0,0,0,0,3,3,0,0,3,0,10,10,3,0,0,0,0,0,0,0,0,0,0,0,9,4,0,0,0,0,13,10,11,11,9,3,10,8,5,12,0,0,0,0,0,0,8,5,0,0,0,0,0,0,0,0,0,0,0,0,0,0,0,11,1,12,1,11,1,10,1,11,1,11,1,10,1
Provisional,0028,EAST RIDGE D,2888,1,1,0,0,0,0,1,1,1,0,0,0,0,0,0,1,1,0,0,1,0,0,0,0,0,0,0,0,0,0,0,0,0,0,0,0,0,0,0,0,0,0,0,0,0,0,1,1,0,0,0,0,0,0,0,0,0,0,0,0,1,0,0,0,0,0,1,1,1,1,1,0,1,1,0,1,0,0,0,0,0,0,1,0,0,0,0,0,0,0,0,0,0,0,0,0,0,0,0,1,0,1,0,1,0,1,0,1,0,1,0,1,0
Military & Overseas,0028,EAST RIDGE D,2888,0,0,0,0,0,0,0,0,0,0,0,0,0,0,0,0,0,0,0,0,0,0,0,0,0,0,0,0,0,0,0,0,0,0,0,0,0,0,0,0,0,0,0,0,0,0,0,0,0,0,0,0,0,0,0,0,0,0,0,0,0,0,0,0,0,0,0,0,0,0,0,0,0,0,0,0,0,0,0,0,0,0,0,0,0,0,0,0,0,0,0,0,0,0,0,0,0,0,0,0,0,0,0,0,0,0,0,0,0,0,0,0,0
Nursing Home,0028,EAST RIDGE D,2888,3,0,3,0,0,0,0,0,0,0,0,0,0,0,0,0,0,0,0,0,0,0,0,1,1,0,0,0,1,0,1,1,1,2,0,0,0,0,0,0,3,3,0,0,3,0,2,2,1,0,0,0,0,0,0,0,0,0,0,0,2,0,0,0,0,0,2,3,2,2,1,2,2,1,2,2,0,0,0,0,0,0,0,2,0,0,0,0,0,0,0,0,0,0,0,0,0,0,0,1,0,2,0,2,0,2,0,2,0,2,0,2,0
Election Day,0029,EASTGATE,1975,268,54,205,9,22,10,19,46,42,0,0,0,0,0,0,0,39,0,0,39,0,0,48,10,121,9,6,128,27,16,8,15,151,35,0,0,0,0,190,0,0,173,0,0,173,0,130,57,209,0,0,0,0,0,0,223,0,0,0,0,0,0,0,0,0,0,133,202,126,122,58,198,117,69,151,123,0,0,0,212,0,0,0,0,0,0,0,0,0,0,0,0,0,0,0,0,0,0,0,86,122,103,108,101,109,90,118,123,86,113,95,93,116
Early Voting,0029,EASTGATE,1975,315,33,281,1,15,6,12,29,28,0,0,0,0,0,0,0,28,0,0,26,0,0,51,7,155,13,31,169,34,22,15,21,191,57,0,0,0,0,268,0,0,232,0,0,228,0,124,43,266,0,0,0,0,0,0,288,0,0,0,0,0,0,0,0,0,0,125,221,125,121,35,273,125,50,206,124,0,0,0,289,0,0,0,0,0,0,0,0,0,0,0,0,0,0,0,0,0,0,0,122,144,144,127,131,135,119,144,167,100,157,111,129,136
Absentee,0029,EASTGATE,1975,15,0,9,6,0,0,0,0,0,0,0,0,0,0,0,0,0,0,0,0,0,0,3,0,6,0,0,6,2,1,0,0,6,3,0,0,0,0,8,0,0,8,0,0,9,0,4,3,12,0,0,0,0,0,0,15,0,0,0,0,0,0,0,0,0,0,8,12,5,8,0,12,5,0,9,5,0,0,0,13,0,0,0,0,0,0,0,0,0,0,0,0,0,0,0,0,0,0,0,11,1,10,1,6,4,6,3,8,0,8,3,7,4
Provisional,0029,EASTGATE,1975,0,0,0,0,0,0,0,0,0,0,0,0,0,0,0,0,0,0,0,0,0,0,0,0,0,0,0,0,0,0,0,0,0,0,0,0,0,0,0,0,0,0,0,0,0,0,0,0,0,0,0,0,0,0,0,0,0,0,0,0,0,0,0,0,0,0,0,0,0,0,0,0,0,0,0,0,0,0,0,0,0,0,0,0,0,0,0,0,0,0,0,0,0,0,0,0,0,0,0,0,0,0,0,0,0,0,0,0,0,0,0,0,0
Military & Overseas,0029,EASTGATE,1975,2,0,2,0,0,0,0,0,0,0,0,0,0,0,0,0,0,0,0,0,0,0,1,0,1,0,0,1,0,0,0,1,2,0,0,0,0,0,2,0,0,1,0,0,2,0,0,0,2,0,0,0,0,0,0,2,0,0,0,0,0,0,0,0,0,0,0,1,0,0,0,2,0,0,2,0,0,0,0,1,0,0,0,0,0,0,0,0,0,0,0,0,0,0,0,0,0,0,0,0,1,1,1,0,1,0,1,0,1,0,1,0,1
Nursing Home,0029,EASTGATE,1975,4,2,2,0,1,0,1,2,1,0,0,0,0,0,0,0,2,0,0,2,0,0,1,0,0,1,0,0,0,0,1,1,1,0,0,0,0,0,0,0,0,0,0,0,0,0,1,3,1,0,0,0,0,0,0,1,0,0,0,0,0,0,0,0,0,0,2,1,1,2,1,2,2,2,1,2,0,0,0,1,0,0,0,0,0,0,0,0,0,0,0,0,0,0,0,0,0,0,0,1,1,2,0,1,1,2,1,2,0,1,0,1,1
Election Day,0030,EASTSIDE,2700,354,75,243,36,37,16,21,66,63,0,21,0,0,0,0,7,61,0,0,63,0,0,45,13,145,11,14,151,29,12,15,15,198,27,0,34,31,0,141,0,11,192,0,0,193,0,176,79,273,0,0,0,0,0,0,0,0,0,0,0,0,0,0,0,65,283,170,252,173,167,71,261,167,89,197,164,0,0,0,0,0,0,0,0,0,0,0,0,0,0,0,0,0,0,0,0,0,0,0,135,133,150,119,152,114,143,122,163,103,161,104,137,128
Early Voting,0030,EASTSIDE,2700,322,58,256,8,23,9,23,50,43,0,21,0,0,0,0,4,49,0,0,46,0,0,52,16,146,2,18,148,35,19,13,17,190,38,0,39,41,0,149,0,9,200,0,0,201,0,144,64,253,0,0,0,0,0,0,0,0,0,0,0,0,0,0,0,55,265,135,215,134,138,59,252,132,71,199,130,0,0,0,0,0,0,0,0,0,0,0,0,0,0,0,0,0,0,0,0,0,0,0,114,144,127,136,115,139,113,139,141,114,135,118,120,133
Absentee,0030,EASTSIDE,2700,8,2,4,2,0,0,2,2,2,0,0,0,0,0,0,0,2,0,0,2,0,0,0,1,1,0,1,0,0,1,2,0,1,2,0,1,1,0,1,0,0,3,0,0,3,0,5,2,6,0,0,0,0,0,0,0,0,0,0,0,0,0,0,0,2,6,4,5,5,5,2,6,5,4,4,5,0,0,0,0,0,0,0,0,0,0,0,0,0,0,0,0,0,0,0,0,0,0,0,5,0,4,1,4,1,4,1,4,0,4,1,4,1
Provisional,0030,EASTSIDE,2700,0,0,0,0,0,0,0,0,0,0,0,0,0,0,0,0,0,0,0,0,0,0,0,0,0,0,0,0,0,0,0,0,0,0,0,0,0,0,0,0,0,0,0,0,0,0,0,0,0,0,0,0,0,0,0,0,0,0,0,0,0,0,0,0,0,0,0,0,0,0,0,0,0,0,0,0,0,0,0,0,0,0,0,0,0,0,0,0,0,0,0,0,0,0,0,0,0,0,0,0,0,0,0,0,0,0,0,0,0,0,0,0,0
Military & Overseas,0030,EASTSIDE,2700,1,0,1,0,0,0,0,0,0,0,0,0,0,0,0,0,0,0,0,0,0,0,0,0,1,0,0,0,0,1,0,0,1,0,0,0,1,0,0,0,0,0,0,0,0,0,0,0,1,0,0,0,0,0,0,0,0,0,0,0,0,0,0,0,0,1,0,0,0,0,0,1,0,0,1,0,0,0,0,0,0,0,0,0,0,0,0,0,0,0,0,0,0,0,0,0,0,0,0,0,1,1,0,0,0,0,0,0,0,0,0,0,0
Nursing Home,0030,EASTSIDE,2700,4,1,3,0,1,0,0,1,1,0,0,0,0,0,0,0,1,0,0,1,0,0,1,0,0,1,0,0,3,0,0,0,2,1,0,0,0,0,2,0,0,2,0,0,2,0,3,1,3,0,0,0,0,0,0,0,0,0,0,0,0,0,0,0,1,3,3,3,3,3,1,3,3,1,2,3,0,0,0,0,0,0,0,0,0,0,0,0,0,0,0,0,0,0,0,0,0,0,0,1,2,2,1,2,1,1,2,1,2,3,0,3,0
Election Day,0031,FAIRMOUNT,2817,682,502,146,34,211,111,168,434,419,435,0,167,322,0,0,0,0,279,149,0,256,119,21,5,108,3,2,74,34,14,5,5,106,29,118,0,0,120,0,0,0,0,44,73,0,119,509,447,219,0,0,462,197,0,0,0,0,0,0,0,0,0,0,0,0,0,527,535,527,511,441,194,503,428,191,506,0,0,0,0,0,0,0,0,0,0,0,0,0,0,0,0,0,0,0,0,0,0,0,409,135,401,138,396,132,394,136,397,127,409,114,390,137
Early Voting,0031,FAIRMOUNT,2817,311,228,76,7,109,48,62,206,197,203,0,71,152,0,0,0,0,121,81,0,108,72,14,0,54,2,2,33,18,9,6,5,61,12,66,0,0,65,0,0,0,0,39,29,0,66,235,209,95,0,0,217,85,0,0,0,0,0,0,0,0,0,0,0,0,0,235,247,229,231,212,83,232,211,71,234,0,0,0,0,0,0,0,0,0,0,0,0,0,0,0,0,0,0,0,0,0,0,0,197,56,187,67,183,68,180,67,182,65,204,45,177,72
Absentee,0031,FAIRMOUNT,2817,1,0,1,0,0,0,0,0,0,0,0,0,0,0,0,0,0,0,0,0,0,0,0,0,0,0,0,0,0,0,0,0,0,0,0,0,0,0,0,0,0,0,0,0,0,0,1,1,0,0,0,1,0,0,0,0,0,0,0,0,0,0,0,0,0,0,1,1,1,1,1,0,1,1,0,1,0,0,0,0,0,0,0,0,0,0,0,0,0,0,0,0,0,0,0,0,0,0,0,1,0,1,0,1,0,1,0,1,0,1,0,1,0
Provisional,0031,FAIRMOUNT,2817,0,0,0,0,0,0,0,0,0,0,0,0,0,0,0,0,0,0,0,0,0,0,0,0,0,0,0,0,0,0,0,0,0,0,0,0,0,0,0,0,0,0,0,0,0,0,0,0,0,0,0,0,0,0,0,0,0,0,0,0,0,0,0,0,0,0,0,0,0,0,0,0,0,0,0,0,0,0,0,0,0,0,0,0,0,0,0,0,0,0,0,0,0,0,0,0,0,0,0,0,0,0,0,0,0,0,0,0,0,0,0,0,0
Military & Overseas,0031,FAIRMOUNT,2817,2,0,2,0,0,0,0,0,0,0,0,0,0,0,0,0,0,0,0,0,0,0,2,0,0,0,0,2,0,0,0,0,2,0,2,0,0,2,0,0,0,0,2,0,0,2,0,0,2,0,0,0,2,0,0,0,0,0,0,0,0,0,0,0,0,0,0,0,0,0,0,2,0,0,2,0,0,0,0,0,0,0,0,0,0,0,0,0,0,0,0,0,0,0,0,0,0,0,0,0,2,0,2,0,2,0,2,0,2,0,2,0,2
Nursing Home,0031,FAIRMOUNT,2817,0,0,0,0,0,0,0,0,0,0,0,0,0,0,0,0,0,0,0,0,0,0,0,0,0,0,0,0,0,0,0,0,0,0,0,0,0,0,0,0,0,0,0,0,0,0,0,0,0,0,0,0,0,0,0,0,0,0,0,0,0,0,0,0,0,0,0,0,0,0,0,0,0,0,0,0,0,0,0,0,0,0,0,0,0,0,0,0,0,0,0,0,0,0,0,0,0,0,0,0,0,0,0,0,0,0,0,0,0,0,0,0,0
Election Day,0032,FALLING WATER A,508,76,61,10,5,26,10,25,59,57,58,12,15,30,0,0,0,0,35,18,0,37,8,3,0,6,0,1,5,3,0,0,2,7,1,8,1,1,6,0,0,0,0,4,5,0,8,56,49,25,62,13,0,0,0,0,0,0,0,0,0,0,0,0,0,0,0,66,63,66,65,48,14,52,45,17,53,0,0,0,0,0,0,0,0,0,0,0,0,0,0,0,0,0,0,0,0,0,0,0,47,9,48,9,46,9,46,9,48,8,48,8,45,9
Early Voting,0032,FALLING WATER A,508,76,58,17,1,21,13,24,49,47,48,4,19,34,0,0,0,0,29,20,0,30,11,2,3,8,2,0,10,3,0,3,0,12,4,13,4,1,11,0,0,0,0,8,9,0,15,50,48,28,46,30,0,0,0,0,0,0,0,0,0,0,0,0,0,0,0,56,52,51,51,49,24,50,48,20,51,0,0,0,0,0,0,0,0,0,0,0,0,0,0,0,0,0,0,0,0,0,0,0,40,18,37,21,38,19,38,19,37,20,42,15,37,19
Absentee,0032,FALLING WATER A,508,0,0,0,0,0,0,0,0,0,0,0,0,0,0,0,0,0,0,0,0,0,0,0,0,0,0,0,0,0,0,0,0,0,0,0,0,0,0,0,0,0,0,0,0,0,0,0,0,0,0,0,0,0,0,0,0,0,0,0,0,0,0,0,0,0,0,0,0,0,0,0,0,0,0,0,0,0,0,0,0,0,0,0,0,0,0,0,0,0,0,0,0,0,0,0,0,0,0,0,0,0,0,0,0,0,0,0,0,0,0,0,0,0
Provisional,0032,FALLING WATER A,508,0,0,0,0,0,0,0,0,0,0,0,0,0,0,0,0,0,0,0,0,0,0,0,0,0,0,0,0,0,0,0,0,0,0,0,0,0,0,0,0,0,0,0,0,0,0,0,0,0,0,0,0,0,0,0,0,0,0,0,0,0,0,0,0,0,0,0,0,0,0,0,0,0,0,0,0,0,0,0,0,0,0,0,0,0,0,0,0,0,0,0,0,0,0,0,0,0,0,0,0,0,0,0,0,0,0,0,0,0,0,0,0,0
Military & Overseas,0032,FALLING WATER A,508,1,0,1,0,0,0,0,0,0,0,0,0,0,0,0,0,0,0,0,0,0,0,0,0,0,1,0,1,0,0,0,0,1,0,1,0,1,0,0,0,0,0,0,1,0,1,0,0,1,0,1,0,0,0,0,0,0,0,0,0,0,0,0,0,0,0,1,1,1,1,0,1,1,0,1,1,0,0,0,0,0,0,0,0,0,0,0,0,0,0,0,0,0,0,0,0,0,0,0,0,1,0,1,0,1,0,1,0,1,0,1,0,1
Nursing Home,0032,FALLING WATER A,508,0,0,0,0,0,0,0,0,0,0,0,0,0,0,0,0,0,0,0,0,0,0,0,0,0,0,0,0,0,0,0,0,0,0,0,0,0,0,0,0,0,0,0,0,0,0,0,0,0,0,0,0,0,0,0,0,0,0,0,0,0,0,0,0,0,0,0,0,0,0,0,0,0,0,0,0,0,0,0,0,0,0,0,0,0,0,0,0,0,0,0,0,0,0,0,0,0,0,0,0,0,0,0,0,0,0,0,0,0,0,0,0,0
Election Day,0033,FALLING WATER B,984,255,214,29,12,94,50,67,197,192,201,0,61,153,0,0,0,0,119,64,0,123,47,4,2,18,0,1,11,9,4,1,1,21,6,25,0,0,25,0,0,0,0,6,19,0,24,215,198,53,0,0,207,45,0,0,0,0,0,0,0,0,0,0,0,0,0,229,217,233,222,198,37,214,187,44,211,0,0,0,0,0,0,0,0,0,0,0,0,0,0,0,0,0,0,0,0,0,0,0,174,33,157,47,160,44,154,46,153,48,170,31,153,49
Early Voting,0033,FALLING WATER B,984,141,95,46,0,39,22,34,84,81,81,0,25,68,0,0,0,0,42,39,0,49,24,5,3,31,3,2,23,12,4,2,2,35,7,42,0,0,43,0,0,0,0,17,21,0,41,102,88,52,0,0,85,52,0,0,0,0,0,0,0,0,0,0,0,0,0,101,110,103,98,88,51,98,83,51,97,0,0,0,0,0,0,0,0,0,0,0,0,0,0,0,0,0,0,0,0,0,0,0,86,35,85,34,84,35,81,38,89,31,94,26,79,41
Absentee,0033,FALLING WATER B,984,2,2,0,0,1,1,0,1,1,2,0,0,2,0,0,0,0,1,1,0,2,0,0,0,0,0,0,0,0,0,0,0,0,0,0,0,0,0,0,0,0,0,0,0,0,0,1,2,0,0,0,1,1,0,0,0,0,0,0,0,0,0,0,0,0,0,2,2,2,2,1,1,1,1,1,2,0,0,0,0,0,0,0,0,0,0,0,0,0,0,0,0,0,0,0,0,0,0,0,1,1,1,1,1,1,1,1,1,1,1,1,1,1
Provisional,0033,FALLING WATER B,984,0,0,0,0,0,0,0,0,0,0,0,0,0,0,0,0,0,0,0,0,0,0,0,0,0,0,0,0,0,0,0,0,0,0,0,0,0,0,0,0,0,0,0,0,0,0,0,0,0,0,0,0,0,0,0,0,0,0,0,0,0,0,0,0,0,0,0,0,0,0,0,0,0,0,0,0,0,0,0,0,0,0,0,0,0,0,0,0,0,0,0,0,0,0,0,0,0,0,0,0,0,0,0,0,0,0,0,0,0,0,0,0,0
Military & Overseas,0033,FALLING WATER B,984,0,0,0,0,0,0,0,0,0,0,0,0,0,0,0,0,0,0,0,0,0,0,0,0,0,0,0,0,0,0,0,0,0,0,0,0,0,0,0,0,0,0,0,0,0,0,0,0,0,0,0,0,0,0,0,0,0,0,0,0,0,0,0,0,0,0,0,0,0,0,0,0,0,0,0,0,0,0,0,0,0,0,0,0,0,0,0,0,0,0,0,0,0,0,0,0,0,0,0,0,0,0,0,0,0,0,0,0,0,0,0,0,0
Nursing Home,0033,FALLING WATER B,984,0,0,0,0,0,0,0,0,0,0,0,0,0,0,0,0,0,0,0,0,0,0,0,0,0,0,0,0,0,0,0,0,0,0,0,0,0,0,0,0,0,0,0,0,0,0,0,0,0,0,0,0,0,0,0,0,0,0,0,0,0,0,0,0,0,0,0,0,0,0,0,0,0,0,0,0,0,0,0,0,0,0,0,0,0,0,0,0,0,0,0,0,0,0,0,0,0,0,0,0,0,0,0,0,0,0,0,0,0,0,0,0,0
Election Day,0034,FLAT TOP MOUNTAIN,496,144,129,10,5,47,30,50,121,118,120,0,60,62,0,0,0,0,65,45,0,87,20,1,0,8,1,0,4,4,0,1,0,5,4,7,0,0,7,0,0,0,0,5,4,0,7,132,119,18,120,20,0,0,0,0,0,0,0,0,0,0,0,0,0,0,0,134,125,136,134,123,12,129,115,17,130,0,0,0,0,0,0,0,0,0,0,0,0,0,0,0,0,0,0,0,0,0,0,0,106,13,100,18,101,17,101,16,96,20,98,19,100,17
Early Voting,0034,FLAT TOP MOUNTAIN,496,68,54,13,1,17,18,19,44,45,47,0,27,27,0,0,0,0,29,22,0,31,16,3,0,8,1,0,5,3,2,1,1,11,1,7,0,0,8,0,0,0,0,3,5,0,6,50,42,22,49,18,0,0,0,0,0,0,0,0,0,0,0,0,0,0,0,56,52,51,52,50,15,51,48,16,55,0,0,0,0,0,0,0,0,0,0,0,0,0,0,0,0,0,0,0,0,0,0,0,40,17,40,17,39,16,40,16,37,17,43,11,40,15
Absentee,0034,FLAT TOP MOUNTAIN,496,6,6,0,0,3,2,1,4,4,4,0,5,1,0,0,0,0,4,2,0,2,3,0,0,0,0,0,0,0,0,0,0,0,0,0,0,0,0,0,0,0,0,0,0,0,0,4,4,2,3,3,0,0,0,0,0,0,0,0,0,0,0,0,0,0,0,4,4,4,4,4,1,4,4,1,4,0,0,0,0,0,0,0,0,0,0,0,0,0,0,0,0,0,0,0,0,0,0,0,4,1,4,1,4,1,3,1,3,1,4,1,4,1
Provisional,0034,FLAT TOP MOUNTAIN,496,0,0,0,0,0,0,0,0,0,0,0,0,0,0,0,0,0,0,0,0,0,0,0,0,0,0,0,0,0,0,0,0,0,0,0,0,0,0,0,0,0,0,0,0,0,0,0,0,0,0,0,0,0,0,0,0,0,0,0,0,0,0,0,0,0,0,0,0,0,0,0,0,0,0,0,0,0,0,0,0,0,0,0,0,0,0,0,0,0,0,0,0,0,0,0,0,0,0,0,0,0,0,0,0,0,0,0,0,0,0,0,0,0
Military & Overseas,0034,FLAT TOP MOUNTAIN,496,0,0,0,0,0,0,0,0,0,0,0,0,0,0,0,0,0,0,0,0,0,0,0,0,0,0,0,0,0,0,0,0,0,0,0,0,0,0,0,0,0,0,0,0,0,0,0,0,0,0,0,0,0,0,0,0,0,0,0,0,0,0,0,0,0,0,0,0,0,0,0,0,0,0,0,0,0,0,0,0,0,0,0,0,0,0,0,0,0,0,0,0,0,0,0,0,0,0,0,0,0,0,0,0,0,0,0,0,0,0,0,0,0
Nursing Home,0034,FLAT TOP MOUNTAIN,496,2,2,0,0,0,0,2,2,2,2,0,2,0,0,0,0,0,0,2,0,1,0,0,0,0,0,0,0,0,0,0,0,0,0,0,0,0,0,0,0,0,0,0,0,0,0,1,2,0,2,0,0,0,0,0,0,0,0,0,0,0,0,0,0,0,0,2,2,2,2,2,0,2,2,0,2,0,0,0,0,0,0,0,0,0,0,0,0,0,0,0,0,0,0,0,0,0,0,0,2,0,2,0,2,0,2,0,1,1,2,0,2,0
Election Day,0035,GANNS,3650,606,454,111,41,192,103,150,420,396,415,414,0,0,0,0,0,0,183,205,0,267,89,22,4,67,8,2,71,16,2,7,5,83,21,88,47,46,0,0,0,0,0,47,47,0,87,475,413,177,0,0,0,0,480,0,0,0,0,0,0,0,0,0,0,0,0,490,501,489,485,432,154,479,409,149,479,339,145,103,0,0,0,0,0,0,0,0,0,0,0,0,0,0,0,0,0,0,0,0,402,108,410,99,394,110,390,111,410,89,420,81,395,105
Early Voting,0035,GANNS,3650,700,506,181,13,270,82,144,472,449,468,473,0,0,0,0,0,0,195,248,0,307,87,22,5,134,5,6,85,42,10,15,19,141,30,154,81,78,0,0,0,0,0,57,95,0,142,521,481,207,0,0,0,0,536,0,0,0,0,0,0,0,0,0,0,0,0,542,552,540,536,490,191,535,490,167,533,399,195,92,0,0,0,0,0,0,0,0,0,0,0,0,0,0,0,0,0,0,0,0,475,135,462,143,463,137,449,144,456,137,468,131,452,146
Absentee,0035,GANNS,3650,23,15,6,2,6,4,4,14,11,13,13,0,0,0,0,0,0,5,8,0,8,4,0,0,6,0,0,1,4,0,1,0,4,1,5,4,1,0,0,0,0,0,0,5,0,5,18,14,9,0,0,0,0,20,0,0,0,0,0,0,0,0,0,0,0,0,20,17,19,18,14,8,17,15,7,18,11,9,2,0,0,0,0,0,0,0,0,0,0,0,0,0,0,0,0,0,0,0,0,16,2,16,2,16,2,13,3,16,2,16,2,16,2
Provisional,0035,GANNS,3650,0,0,0,0,0,0,0,0,0,0,0,0,0,0,0,0,0,0,0,0,0,0,0,0,0,0,0,0,0,0,0,0,0,0,0,0,0,0,0,0,0,0,0,0,0,0,0,0,0,0,0,0,0,0,0,0,0,0,0,0,0,0,0,0,0,0,0,0,0,0,0,0,0,0,0,0,0,0,0,0,0,0,0,0,0,0,0,0,0,0,0,0,0,0,0,0,0,0,0,0,0,0,0,0,0,0,0,0,0,0,0,0,0
Military & Overseas,0035,GANNS,3650,0,0,0,0,0,0,0,0,0,0,0,0,0,0,0,0,0,0,0,0,0,0,0,0,0,0,0,0,0,0,0,0,0,0,0,0,0,0,0,0,0,0,0,0,0,0,0,0,0,0,0,0,0,0,0,0,0,0,0,0,0,0,0,0,0,0,0,0,0,0,0,0,0,0,0,0,0,0,0,0,0,0,0,0,0,0,0,0,0,0,0,0,0,0,0,0,0,0,0,0,0,0,0,0,0,0,0,0,0,0,0,0,0
Nursing Home,0035,GANNS,3650,3,2,1,0,2,0,0,1,1,1,1,0,0,0,0,0,0,1,0,0,0,0,0,0,0,1,0,0,1,0,0,0,1,0,1,1,0,0,0,0,0,0,1,0,0,1,0,0,2,0,0,0,0,2,0,0,0,0,0,0,0,0,0,0,0,0,2,1,1,0,1,1,1,0,2,1,2,1,0,0,0,0,0,0,0,0,0,0,0,0,0,0,0,0,0,0,0,0,0,2,0,2,0,2,0,2,0,2,0,2,1,2,0
Election Day,0036,GLENWOOD,1816,201,46,149,6,11,14,21,37,35,35,0,0,0,0,0,27,0,17,16,0,19,11,25,6,83,6,19,89,15,17,8,8,106,25,111,0,0,0,102,0,30,0,68,44,0,107,99,40,155,0,0,0,0,0,0,169,0,0,0,0,0,0,0,0,0,0,97,141,88,86,46,143,87,52,112,93,0,0,0,167,0,0,0,0,0,0,0,0,0,0,0,0,0,0,0,0,0,0,0,73,85,87,75,74,80,75,78,86,72,92,68,80,77
Early Voting,0036,GLENWOOD,1816,286,46,237,3,22,9,11,31,33,34,0,0,0,0,0,22,0,18,15,0,12,17,49,11,125,12,26,131,33,23,16,18,157,52,189,0,0,0,173,0,44,0,130,73,0,191,146,48,231,0,0,0,0,0,0,253,0,0,0,0,0,0,0,0,0,0,142,209,133,127,33,245,127,46,181,127,0,0,0,248,0,0,0,0,0,0,0,0,0,0,0,0,0,0,0,0,0,0,0,122,110,123,105,122,106,114,111,146,82,139,89,119,106
Absentee,0036,GLENWOOD,1816,7,1,6,0,1,0,0,1,1,1,0,0,0,0,0,1,0,1,0,0,1,0,1,0,2,1,0,3,0,0,0,1,3,2,3,0,0,0,6,0,0,0,5,0,0,4,4,1,4,0,0,0,0,0,0,6,0,0,0,0,0,0,0,0,0,0,4,4,4,4,1,5,4,1,4,4,0,0,0,6,0,0,0,0,0,0,0,0,0,0,0,0,0,0,0,0,0,0,0,2,3,3,3,2,3,3,3,2,3,3,3,3,3
Provisional,0036,GLENWOOD,1816,0,0,0,0,0,0,0,0,0,0,0,0,0,0,0,0,0,0,0,0,0,0,0,0,0,0,0,0,0,0,0,0,0,0,0,0,0,0,0,0,0,0,0,0,0,0,0,0,0,0,0,0,0,0,0,0,0,0,0,0,0,0,0,0,0,0,0,0,0,0,0,0,0,0,0,0,0,0,0,0,0,0,0,0,0,0,0,0,0,0,0,0,0,0,0,0,0,0,0,0,0,0,0,0,0,0,0,0,0,0,0,0,0
Military & Overseas,0036,GLENWOOD,1816,0,0,0,0,0,0,0,0,0,0,0,0,0,0,0,0,0,0,0,0,0,0,0,0,0,0,0,0,0,0,0,0,0,0,0,0,0,0,0,0,0,0,0,0,0,0,0,0,0,0,0,0,0,0,0,0,0,0,0,0,0,0,0,0,0,0,0,0,0,0,0,0,0,0,0,0,0,0,0,0,0,0,0,0,0,0,0,0,0,0,0,0,0,0,0,0,0,0,0,0,0,0,0,0,0,0,0,0,0,0,0,0,0
Nursing Home,0036,GLENWOOD,1816,28,8,20,0,6,0,1,6,6,5,0,0,0,0,0,0,0,2,4,0,4,2,7,0,3,2,4,9,3,2,0,3,8,9,14,0,0,0,14,0,0,0,6,10,0,13,20,15,13,0,0,0,0,0,0,19,0,0,0,0,0,0,0,0,0,0,16,19,16,18,9,16,18,9,14,18,0,0,0,17,0,0,0,0,0,0,0,0,0,0,0,0,0,0,0,0,0,0,0,17,0,17,1,16,0,15,2,19,0,15,0,18,0
Election Day,0037,HARRISON,3475,455,266,163,26,112,59,93,240,238,238,169,0,0,0,0,0,0,121,103,0,149,67,36,9,75,9,24,91,15,21,8,18,103,46,138,52,44,0,49,0,0,0,85,55,0,131,315,241,211,0,0,0,0,0,0,0,0,0,0,0,0,0,325,0,0,0,325,362,317,311,239,194,311,233,173,303,0,0,0,0,0,0,0,0,226,205,0,0,0,0,0,0,0,0,0,0,0,0,0,249,133,258,124,254,123,248,127,258,115,267,112,250,124
Early Voting,0037,HARRISON,3475,561,317,236,8,161,38,111,295,280,291,207,0,0,0,0,0,0,147,128,0,178,78,51,13,137,8,15,122,36,23,7,30,175,39,190,75,48,0,90,0,0,0,96,108,0,191,361,307,242,0,0,0,0,0,0,0,0,0,0,0,0,0,392,0,0,0,389,440,367,362,300,240,371,310,196,369,0,0,0,0,0,0,0,0,287,253,0,0,0,0,0,0,0,0,0,0,0,0,0,332,145,344,134,339,135,334,142,355,119,346,129,331,145
Absentee,0037,HARRISON,3475,14,10,2,2,6,0,4,10,10,9,4,0,0,0,0,0,0,5,2,0,5,2,0,0,1,0,0,1,0,0,0,0,1,0,2,1,0,0,0,0,0,0,0,1,0,1,11,11,2,0,0,0,0,0,0,0,0,0,0,0,0,0,12,0,0,0,12,10,12,12,12,2,11,12,2,11,0,0,0,0,0,0,0,0,12,2,0,0,0,0,0,0,0,0,0,0,0,0,0,6,2,6,3,5,2,6,2,6,2,6,2,5,3
Provisional,0037,HARRISON,3475,0,0,0,0,0,0,0,0,0,0,0,0,0,0,0,0,0,0,0,0,0,0,0,0,0,0,0,0,0,0,0,0,0,0,0,0,0,0,0,0,0,0,0,0,0,0,0,0,0,0,0,0,0,0,0,0,0,0,0,0,0,0,0,0,0,0,0,0,0,0,0,0,0,0,0,0,0,0,0,0,0,0,0,0,0,0,0,0,0,0,0,0,0,0,0,0,0,0,0,0,0,0,0,0,0,0,0,0,0,0,0,0,0
Military & Overseas,0037,HARRISON,3475,0,0,0,0,0,0,0,0,0,0,0,0,0,0,0,0,0,0,0,0,0,0,0,0,0,0,0,0,0,0,0,0,0,0,0,0,0,0,0,0,0,0,0,0,0,0,0,0,0,0,0,0,0,0,0,0,0,0,0,0,0,0,0,0,0,0,0,0,0,0,0,0,0,0,0,0,0,0,0,0,0,0,0,0,0,0,0,0,0,0,0,0,0,0,0,0,0,0,0,0,0,0,0,0,0,0,0,0,0,0,0,0,0
Nursing Home,0037,HARRISON,3475,3,2,1,0,2,0,0,1,1,1,0,0,0,0,0,0,0,2,0,0,2,0,0,1,0,0,0,0,1,0,0,0,0,1,0,0,0,0,0,0,0,0,0,0,0,0,1,2,1,0,0,0,0,0,0,0,0,0,0,0,0,0,1,0,0,0,1,1,1,1,2,0,1,2,0,1,0,0,0,0,0,0,0,0,2,1,0,0,0,0,0,0,0,0,0,0,0,0,0,1,1,1,1,1,1,3,0,2,0,1,1,2,0
Election Day,0038,HARRISON BAY,4171,466,359,92,15,186,76,90,340,336,341,0,0,0,0,344,0,0,197,109,0,213,81,9,3,67,2,6,45,19,4,8,11,72,13,78,0,0,0,0,81,0,0,49,35,0,80,387,337,121,0,0,0,0,0,0,0,0,0,0,0,0,0,405,0,0,0,402,407,405,388,345,101,379,325,116,378,0,0,0,0,0,0,0,0,323,123,0,0,0,0,0,0,0,0,0,0,0,0,0,320,79,320,82,321,81,317,81,323,75,324,77,318,78
Early Voting,0038,HARRISON BAY,4171,694,522,158,14,260,105,149,492,484,490,0,0,0,0,496,0,0,255,192,0,343,100,25,15,92,10,10,82,39,14,5,12,110,38,135,0,0,0,0,136,0,0,62,77,0,129,556,511,174,0,0,0,0,0,0,0,0,0,0,0,0,0,581,0,0,0,578,589,570,562,501,171,560,478,167,550,0,0,0,0,0,0,0,0,468,191,0,0,0,0,0,0,0,0,0,0,0,0,0,466,121,484,110,458,121,444,133,468,117,479,104,449,128
Absentee,0038,HARRISON BAY,4171,12,8,3,1,5,1,2,8,8,8,0,0,0,0,5,0,0,6,1,0,0,7,1,0,2,0,0,2,0,1,0,0,3,0,2,0,0,0,0,3,0,0,1,2,0,2,7,6,6,0,0,0,0,0,0,0,0,0,0,0,0,0,7,0,0,0,7,8,7,7,8,3,7,9,1,7,0,0,0,0,0,0,0,0,7,5,0,0,0,0,0,0,0,0,0,0,0,0,0,8,2,8,2,8,2,8,2,8,2,6,4,8,2
Provisional,0038,HARRISON BAY,4171,1,0,1,0,0,0,0,0,0,0,0,0,0,0,0,0,0,0,0,0,0,0,0,0,0,0,0,0,0,0,0,0,0,0,0,0,0,0,0,0,0,0,0,0,0,0,0,0,1,0,0,0,0,0,0,0,0,0,0,0,0,0,0,0,0,0,0,0,0,0,0,0,0,0,0,0,0,0,0,0,0,0,0,0,1,0,0,0,0,0,0,0,0,0,0,0,0,0,0,0,0,0,0,0,0,0,0,0,0,0,0,0,0
Military & Overseas,0038,HARRISON BAY,4171,0,0,0,0,0,0,0,0,0,0,0,0,0,0,0,0,0,0,0,0,0,0,0,0,0,0,0,0,0,0,0,0,0,0,0,0,0,0,0,0,0,0,0,0,0,0,0,0,0,0,0,0,0,0,0,0,0,0,0,0,0,0,0,0,0,0,0,0,0,0,0,0,0,0,0,0,0,0,0,0,0,0,0,0,0,0,0,0,0,0,0,0,0,0,0,0,0,0,0,0,0,0,0,0,0,0,0,0,0,0,0,0,0
Nursing Home,0038,HARRISON BAY,4171,3,2,1,0,2,0,0,2,2,1,0,0,0,0,2,0,0,0,0,0,0,0,0,0,0,1,0,1,0,0,0,0,1,0,1,0,0,0,0,1,0,0,1,0,0,1,3,2,1,0,0,0,0,0,0,0,0,0,0,0,0,0,2,0,0,0,2,1,1,1,2,1,2,2,1,2,0,0,0,0,0,0,0,0,2,1,0,0,0,0,0,0,0,0,0,0,0,0,0,0,1,0,1,0,1,0,1,0,1,0,1,0,1
Election Day,0039,HIXSON,2049,211,114,89,8,58,26,28,109,102,106,100,0,0,0,0,0,0,60,39,0,73,20,16,3,60,5,3,46,13,11,2,11,69,14,76,27,44,0,0,0,0,0,27,42,0,65,136,110,98,0,0,0,0,135,0,0,0,0,0,0,0,0,0,0,0,0,140,162,133,129,111,89,131,103,84,129,83,91,28,0,0,0,0,0,0,0,0,0,0,0,0,0,0,0,0,0,0,0,0,115,56,111,58,113,56,114,55,118,51,118,52,113,55
Early Voting,0039,HIXSON,2049,450,238,201,11,105,34,94,215,207,216,215,0,0,0,0,0,0,95,129,0,135,70,31,8,137,9,10,115,32,15,15,17,160,32,155,93,95,0,0,0,0,0,89,89,0,163,278,210,235,0,0,0,0,277,0,0,0,0,0,0,0,0,0,0,0,0,279,334,277,281,221,217,287,227,185,281,178,211,54,0,0,0,0,0,0,0,0,0,0,0,0,0,0,0,0,0,0,0,0,244,142,251,130,243,134,241,136,263,115,259,119,240,139
Absentee,0039,HIXSON,2049,6,3,3,0,1,0,2,2,2,3,3,0,0,0,0,0,0,2,1,0,1,1,1,0,1,0,0,1,1,0,0,0,3,0,2,1,1,0,0,0,0,0,1,1,0,2,5,3,2,0,0,0,0,4,0,0,0,0,0,0,0,0,0,0,0,0,6,6,4,6,4,2,6,4,2,6,2,3,1,0,0,0,0,0,0,0,0,0,0,0,0,0,0,0,0,0,0,0,0,5,1,5,1,5,1,5,1,5,1,5,1,5,1
Provisional,0039,HIXSON,2049,1,1,0,0,0,1,0,1,0,0,0,0,0,0,0,0,0,1,0,0,0,1,0,0,0,0,0,0,0,0,0,0,0,0,0,0,0,0,0,0,0,0,0,0,0,0,1,0,1,0,0,0,0,1,0,0,0,0,0,0,0,0,0,0,0,0,1,1,1,1,0,1,1,0,1,1,0,1,0,0,0,0,0,0,0,0,0,0,0,0,0,0,0,0,0,0,0,0,0,0,1,0,1,0,1,0,1,0,1,0,1,0,1
Military & Overseas,0039,HIXSON,2049,0,0,0,0,0,0,0,0,0,0,0,0,0,0,0,0,0,0,0,0,0,0,0,0,0,0,0,0,0,0,0,0,0,0,0,0,0,0,0,0,0,0,0,0,0,0,0,0,0,0,0,0,0,0,0,0,0,0,0,0,0,0,0,0,0,0,0,0,0,0,0,0,0,0,0,0,0,0,0,0,0,0,0,0,0,0,0,0,0,0,0,0,0,0,0,0,0,0,0,0,0,0,0,0,0,0,0,0,0,0,0,0,0
Nursing Home,0039,HIXSON,2049,1,1,0,0,1,0,0,1,1,1,1,0,0,0,0,0,0,0,0,0,0,0,0,0,0,0,0,0,0,0,0,0,0,0,0,0,0,0,0,0,0,0,0,0,0,0,1,1,0,0,0,0,0,1,0,0,0,0,0,0,0,0,0,0,0,0,1,1,1,1,1,0,1,1,0,1,1,0,0,0,0,0,0,0,0,0,0,0,0,0,0,0,0,0,0,0,0,0,0,1,0,1,0,1,0,1,0,1,0,1,0,1,0
Election Day,0040,HUNTER,4112,436,297,114,25,140,68,85,273,266,272,0,0,0,0,269,0,0,173,85,0,182,67,26,4,75,1,7,60,27,11,2,9,89,20,95,0,0,0,0,98,0,0,56,41,0,94,318,276,149,0,0,0,0,0,0,0,0,0,0,0,0,0,334,0,0,0,335,350,330,332,273,130,317,254,137,314,0,0,0,0,0,0,0,0,265,136,0,0,0,0,0,0,0,0,0,0,0,0,0,251,100,250,102,250,98,245,103,259,90,258,92,253,95
Early Voting,0040,HUNTER,4112,622,443,173,6,195,92,149,413,400,409,0,0,0,0,423,0,0,188,195,0,270,100,27,8,113,6,8,95,23,15,10,16,124,36,145,0,0,0,0,145,0,0,68,79,0,137,479,398,201,0,0,0,0,0,0,0,0,0,0,0,0,0,496,0,0,0,496,514,491,491,418,191,486,406,175,482,0,0,0,0,0,0,0,0,396,203,0,0,0,0,0,0,0,0,0,0,0,0,0,392,147,404,138,398,142,396,139,417,124,422,120,399,138
Absentee,0040,HUNTER,4112,14,7,7,0,3,0,4,7,7,7,0,0,0,0,6,0,0,6,0,0,2,4,0,1,5,0,0,4,0,1,1,0,4,2,7,0,0,0,0,6,0,0,0,6,0,7,9,6,7,0,0,0,0,0,0,0,0,0,0,0,0,0,8,0,0,0,6,12,7,7,8,6,8,8,6,8,0,0,0,0,0,0,0,0,7,7,0,0,0,0,0,0,0,0,0,0,0,0,0,7,4,7,4,7,4,7,4,7,4,7,4,7,4
Provisional,0040,HUNTER,4112,0,0,0,0,0,0,0,0,0,0,0,0,0,0,0,0,0,0,0,0,0,0,0,0,0,0,0,0,0,0,0,0,0,0,0,0,0,0,0,0,0,0,0,0,0,0,0,0,0,0,0,0,0,0,0,0,0,0,0,0,0,0,0,0,0,0,0,0,0,0,0,0,0,0,0,0,0,0,0,0,0,0,0,0,0,0,0,0,0,0,0,0,0,0,0,0,0,0,0,0,0,0,0,0,0,0,0,0,0,0,0,0,0
Military & Overseas,0040,HUNTER,4112,1,1,0,0,1,0,0,1,1,1,0,0,0,0,1,0,0,0,1,0,0,1,0,0,0,0,0,0,0,0,0,0,0,0,0,0,0,0,0,0,0,0,0,0,0,0,1,1,0,0,0,0,0,0,0,0,0,0,0,0,0,0,1,0,0,0,1,1,1,1,1,0,1,1,0,1,0,0,0,0,0,0,0,0,1,0,0,0,0,0,0,0,0,0,0,0,0,0,0,1,0,1,0,1,0,1,0,1,0,1,0,1,0
Nursing Home,0040,HUNTER,4112,6,6,0,0,3,0,3,6,6,6,0,0,0,0,6,0,0,3,2,0,3,1,0,0,0,0,0,0,0,0,0,0,0,0,0,0,0,0,0,0,0,0,0,0,0,0,5,6,0,0,0,0,0,0,0,0,0,0,0,0,0,0,6,0,0,0,6,4,6,6,6,0,6,6,0,6,0,0,0,0,0,0,0,0,5,1,0,0,0,0,0,0,0,0,0,0,0,0,0,4,1,6,0,5,0,5,1,6,0,6,0,6,0
Election Day,0041,HURRICANE CREEK,4493,733,468,245,20,234,84,145,428,427,0,0,0,0,0,0,410,405,0,0,398,0,0,44,9,153,6,20,131,39,22,11,22,166,50,0,0,0,0,0,0,197,198,0,0,197,0,541,449,267,0,0,0,0,0,0,0,0,0,445,268,0,0,0,0,0,0,564,599,548,551,453,267,548,438,243,538,0,0,0,0,0,0,0,0,0,0,0,0,0,0,0,0,0,0,0,0,0,0,0,454,158,464,150,456,152,454,150,466,142,466,139,443,162
Early Voting,0041,HURRICANE CREEK,4493,664,425,228,11,208,63,151,390,384,0,0,0,0,0,0,391,366,0,0,362,0,0,33,8,145,5,24,121,42,17,12,23,165,44,0,0,0,0,0,0,189,177,0,0,189,0,463,407,241,0,0,0,0,0,0,0,0,0,390,256,0,0,0,0,0,0,479,535,486,477,405,242,476,399,218,477,0,0,0,0,0,0,0,0,0,0,0,0,0,0,0,0,0,0,0,0,0,0,0,421,131,437,117,426,121,423,125,448,102,442,107,413,134
Absentee,0041,HURRICANE CREEK,4493,22,8,8,6,4,1,3,8,7,0,0,0,0,0,0,7,8,0,0,7,0,0,1,0,6,0,0,2,2,1,2,0,3,4,0,0,0,0,0,0,4,5,0,0,5,0,12,12,10,0,0,0,0,0,0,0,0,0,14,7,0,0,0,0,0,0,17,16,12,14,14,8,13,10,9,14,0,0,0,0,0,0,0,0,0,0,0,0,0,0,0,0,0,0,0,0,0,0,0,19,1,18,2,18,2,18,2,18,2,18,2,18,2
Provisional,0041,HURRICANE CREEK,4493,0,0,0,0,0,0,0,0,0,0,0,0,0,0,0,0,0,0,0,0,0,0,0,0,0,0,0,0,0,0,0,0,0,0,0,0,0,0,0,0,0,0,0,0,0,0,0,0,0,0,0,0,0,0,0,0,0,0,0,0,0,0,0,0,0,0,0,0,0,0,0,0,0,0,0,0,0,0,0,0,0,0,0,0,0,0,0,0,0,0,0,0,0,0,0,0,0,0,0,0,0,0,0,0,0,0,0,0,0,0,0,0,0
Military & Overseas,0041,HURRICANE CREEK,4493,3,1,2,0,1,0,0,1,1,0,0,0,0,0,0,1,1,0,0,1,0,0,0,0,2,0,0,2,0,0,0,0,2,0,0,0,0,0,0,0,2,2,0,0,2,0,2,1,2,0,0,0,0,0,0,0,0,0,1,2,0,0,0,0,0,0,2,3,2,2,1,2,2,1,1,2,0,0,0,0,0,0,0,0,0,0,0,0,0,0,0,0,0,0,0,0,0,0,0,1,2,2,1,3,0,2,1,2,0,2,0,2,0
Nursing Home,0041,HURRICANE CREEK,4493,11,9,2,0,7,0,2,7,5,0,0,0,0,0,0,7,6,0,0,8,0,0,1,0,0,0,1,1,0,1,0,0,1,1,0,0,0,0,0,0,2,2,0,0,2,0,9,9,1,0,0,0,0,0,0,0,0,0,9,1,0,0,0,0,0,0,9,9,9,9,9,1,9,8,2,8,0,0,0,0,0,0,0,0,0,0,0,0,0,0,0,0,0,0,0,0,0,0,0,8,1,8,1,9,0,9,0,8,1,8,1,8,1
Election Day,0042,KINGSPOINT,1822,260,56,188,16,21,13,22,53,52,51,0,0,0,0,0,0,0,28,20,0,33,13,49,6,85,3,28,118,21,14,9,14,125,42,151,0,0,0,170,0,0,0,104,54,0,150,148,66,192,0,0,0,0,0,206,0,0,0,0,0,0,0,0,0,0,0,146,193,134,133,59,182,126,63,151,126,0,0,0,0,0,0,0,0,0,0,0,0,0,0,0,0,0,0,0,0,0,0,0,90,111,91,110,92,111,82,117,117,85,113,89,97,104
Early Voting,0042,KINGSPOINT,1822,243,49,192,2,22,13,13,43,42,45,0,0,0,0,0,0,0,19,21,0,24,15,36,11,100,9,26,128,19,22,7,8,130,46,153,0,0,0,181,0,0,0,96,64,0,153,122,60,181,0,0,0,0,0,203,0,0,0,0,0,0,0,0,0,0,0,129,183,125,113,50,185,106,54,149,109,0,0,0,0,0,0,0,0,0,0,0,0,0,0,0,0,0,0,0,0,0,0,0,94,98,115,79,106,86,99,92,126,67,119,76,99,90
Absentee,0042,KINGSPOINT,1822,7,0,7,0,0,0,0,0,0,0,0,0,0,0,0,0,0,0,0,0,0,0,0,0,2,1,3,3,1,1,1,0,3,2,5,0,0,0,6,0,0,0,3,2,0,4,2,1,5,0,0,0,0,0,7,0,0,0,0,0,0,0,0,0,0,0,3,5,2,2,0,7,2,1,6,3,0,0,0,0,0,0,0,0,0,0,0,0,0,0,0,0,0,0,0,0,0,0,0,3,2,3,2,3,2,3,2,3,2,3,2,3,2
Provisional,0042,KINGSPOINT,1822,0,0,0,0,0,0,0,0,0,0,0,0,0,0,0,0,0,0,0,0,0,0,0,0,0,0,0,0,0,0,0,0,0,0,0,0,0,0,0,0,0,0,0,0,0,0,0,0,0,0,0,0,0,0,0,0,0,0,0,0,0,0,0,0,0,0,0,0,0,0,0,0,0,0,0,0,0,0,0,0,0,0,0,0,0,0,0,0,0,0,0,0,0,0,0,0,0,0,0,0,0,0,0,0,0,0,0,0,0,0,0,0,0
Military & Overseas,0042,KINGSPOINT,1822,0,0,0,0,0,0,0,0,0,0,0,0,0,0,0,0,0,0,0,0,0,0,0,0,0,0,0,0,0,0,0,0,0,0,0,0,0,0,0,0,0,0,0,0,0,0,0,0,0,0,0,0,0,0,0,0,0,0,0,0,0,0,0,0,0,0,0,0,0,0,0,0,0,0,0,0,0,0,0,0,0,0,0,0,0,0,0,0,0,0,0,0,0,0,0,0,0,0,0,0,0,0,0,0,0,0,0,0,0,0,0,0,0
Nursing Home,0042,KINGSPOINT,1822,2,0,2,0,0,0,0,0,0,0,0,0,0,0,0,0,0,0,0,0,0,0,0,0,2,0,0,1,0,1,0,0,1,1,1,0,0,0,1,0,0,0,0,2,0,1,1,0,2,0,0,0,0,0,1,0,0,0,0,0,0,0,0,0,0,0,1,1,1,1,0,2,1,1,1,1,0,0,0,0,0,0,0,0,0,0,0,0,0,0,0,0,0,0,0,0,0,0,0,1,1,1,0,1,0,1,0,1,0,1,0,1,0
Election Day,0043,LAKE HILLS,1468,223,52,169,2,15,13,24,48,50,46,0,0,0,0,0,0,0,22,20,0,36,6,46,5,74,8,23,106,11,15,7,15,101,46,127,0,0,0,162,0,0,0,82,55,0,131,91,59,162,0,0,0,0,0,0,174,0,0,0,0,0,0,0,0,0,0,99,160,96,86,48,163,89,51,116,93,0,0,0,177,0,0,0,0,0,0,0,0,0,0,0,0,0,0,0,0,0,0,0,91,84,98,80,92,83,88,88,106,71,104,73,87,87
Early Voting,0043,LAKE HILLS,1468,185,20,162,3,8,8,1,17,17,17,0,0,0,0,0,0,0,10,7,0,11,4,34,8,91,4,15,93,16,15,11,15,104,41,123,0,0,0,148,0,0,0,87,48,0,129,84,24,158,0,0,0,0,0,0,164,0,0,0,0,0,0,0,0,0,0,80,138,79,73,22,157,73,30,120,70,0,0,0,166,0,0,0,0,0,0,0,0,0,0,0,0,0,0,0,0,0,0,0,79,72,88,70,78,72,76,76,96,61,90,67,83,71
Absentee,0043,LAKE HILLS,1468,11,2,7,2,0,0,2,2,2,2,0,0,0,0,0,0,0,1,0,0,1,0,2,0,3,0,0,3,2,0,1,0,5,1,6,0,0,0,7,0,0,0,3,2,0,5,5,3,7,0,0,0,0,0,0,10,0,0,0,0,0,0,0,0,0,0,6,8,6,6,4,7,5,5,5,6,0,0,0,10,0,0,0,0,0,0,0,0,0,0,0,0,0,0,0,0,0,0,0,6,3,8,2,6,3,6,3,8,2,7,2,6,3
Provisional,0043,LAKE HILLS,1468,1,1,0,0,0,1,0,1,1,1,0,0,0,0,0,0,0,0,0,0,1,0,0,0,0,0,0,0,0,0,0,0,0,0,0,0,0,0,0,0,0,0,0,0,0,0,1,1,0,0,0,0,0,0,0,0,0,0,0,0,0,0,0,0,0,0,1,0,1,1,1,0,1,1,0,1,0,0,0,0,0,0,0,0,0,0,0,0,0,0,0,0,0,0,0,0,0,0,0,0,0,0,0,0,0,0,0,0,0,0,0,0,0
Military & Overseas,0043,LAKE HILLS,1468,0,0,0,0,0,0,0,0,0,0,0,0,0,0,0,0,0,0,0,0,0,0,0,0,0,0,0,0,0,0,0,0,0,0,0,0,0,0,0,0,0,0,0,0,0,0,0,0,0,0,0,0,0,0,0,0,0,0,0,0,0,0,0,0,0,0,0,0,0,0,0,0,0,0,0,0,0,0,0,0,0,0,0,0,0,0,0,0,0,0,0,0,0,0,0,0,0,0,0,0,0,0,0,0,0,0,0,0,0,0,0,0,0
Nursing Home,0043,LAKE HILLS,1468,0,0,0,0,0,0,0,0,0,0,0,0,0,0,0,0,0,0,0,0,0,0,0,0,0,0,0,0,0,0,0,0,0,0,0,0,0,0,0,0,0,0,0,0,0,0,0,0,0,0,0,0,0,0,0,0,0,0,0,0,0,0,0,0,0,0,0,0,0,0,0,0,0,0,0,0,0,0,0,0,0,0,0,0,0,0,0,0,0,0,0,0,0,0,0,0,0,0,0,0,0,0,0,0,0,0,0,0,0,0,0,0,0
Election Day,0044,LAKESITE,1372,280,215,51,14,101,38,72,200,195,204,200,0,0,0,0,0,0,95,91,0,129,50,9,0,32,0,3,16,15,3,7,7,37,10,42,20,24,0,0,0,0,0,19,25,0,46,232,206,71,0,0,0,0,236,0,0,0,0,0,0,0,0,0,0,0,0,239,245,234,234,196,66,222,182,73,216,159,61,41,0,0,0,0,0,0,0,0,0,0,0,0,0,0,0,0,0,0,0,0,182,50,185,49,178,52,180,48,184,45,186,45,179,48
Early Voting,0044,LAKESITE,1372,120,90,26,4,42,10,38,84,83,83,81,0,0,0,0,0,0,41,39,0,50,24,3,3,18,1,1,10,8,5,0,2,19,6,23,13,12,0,0,0,0,0,9,15,0,22,92,80,38,0,0,0,0,98,0,0,0,0,0,0,0,0,0,0,0,0,100,100,96,94,80,34,98,77,32,95,66,32,17,0,0,0,0,0,0,0,0,0,0,0,0,0,0,0,0,0,0,0,0,86,22,81,26,84,22,85,21,81,24,85,20,80,25
Absentee,0044,LAKESITE,1372,3,0,0,3,0,0,0,0,0,0,0,0,0,0,0,0,0,0,0,0,0,0,0,0,0,0,0,0,0,0,0,0,0,0,0,0,0,0,0,0,0,0,0,0,0,0,1,2,1,0,0,0,0,1,0,0,0,0,0,0,0,0,0,0,0,0,1,1,1,1,0,2,1,0,2,1,0,1,2,0,0,0,0,0,0,0,0,0,0,0,0,0,0,0,0,0,0,0,0,1,0,2,0,2,0,2,0,1,0,2,0,2,0
Provisional,0044,LAKESITE,1372,0,0,0,0,0,0,0,0,0,0,0,0,0,0,0,0,0,0,0,0,0,0,0,0,0,0,0,0,0,0,0,0,0,0,0,0,0,0,0,0,0,0,0,0,0,0,0,0,0,0,0,0,0,0,0,0,0,0,0,0,0,0,0,0,0,0,0,0,0,0,0,0,0,0,0,0,0,0,0,0,0,0,0,0,0,0,0,0,0,0,0,0,0,0,0,0,0,0,0,0,0,0,0,0,0,0,0,0,0,0,0,0,0
Military & Overseas,0044,LAKESITE,1372,0,0,0,0,0,0,0,0,0,0,0,0,0,0,0,0,0,0,0,0,0,0,0,0,0,0,0,0,0,0,0,0,0,0,0,0,0,0,0,0,0,0,0,0,0,0,0,0,0,0,0,0,0,0,0,0,0,0,0,0,0,0,0,0,0,0,0,0,0,0,0,0,0,0,0,0,0,0,0,0,0,0,0,0,0,0,0,0,0,0,0,0,0,0,0,0,0,0,0,0,0,0,0,0,0,0,0,0,0,0,0,0,0
Nursing Home,0044,LAKESITE,1372,1,1,0,0,1,0,0,1,1,1,1,0,0,0,0,0,0,0,0,0,0,0,0,0,0,0,0,0,0,0,0,0,0,0,0,0,0,0,0,0,0,0,0,0,0,0,1,1,0,0,0,0,0,1,0,0,0,0,0,0,0,0,0,0,0,0,1,1,1,1,1,0,1,1,0,1,0,0,1,0,0,0,0,0,0,0,0,0,0,0,0,0,0,0,0,0,0,0,0,1,0,1,0,1,0,1,0,1,0,1,0,1,0
Election Day,0045,LOOKOUT MOUNTAIN,1528,462,385,67,10,162,37,176,332,318,0,0,187,192,0,0,0,323,0,0,319,0,0,5,2,48,3,3,28,19,5,1,2,42,15,0,0,0,61,0,0,0,57,0,0,56,0,373,334,112,0,0,0,0,0,0,0,0,0,0,0,0,0,0,0,341,116,400,376,389,387,345,100,385,330,88,382,0,0,0,0,0,0,0,0,0,0,0,334,358,344,281,340,226,358,370,386,0,0,0,322,37,318,40,322,35,315,39,316,39,318,35,313,38
Early Voting,0045,LOOKOUT MOUNTAIN,1528,153,113,38,2,41,10,61,89,91,0,0,63,46,0,0,0,86,0,0,79,0,0,6,2,26,0,1,19,11,1,0,5,31,2,0,0,0,30,0,0,0,34,0,0,33,0,110,87,57,0,0,0,0,0,0,0,0,0,0,0,0,0,0,0,92,56,119,113,106,109,93,45,108,92,41,106,0,0,0,0,0,0,0,0,0,0,0,119,118,107,89,113,83,135,136,133,0,0,0,98,19,96,20,94,23,94,22,94,21,101,14,92,24
Absentee,0045,LOOKOUT MOUNTAIN,1528,0,0,0,0,0,0,0,0,0,0,0,0,0,0,0,0,0,0,0,0,0,0,0,0,0,0,0,0,0,0,0,0,0,0,0,0,0,0,0,0,0,0,0,0,0,0,0,0,0,0,0,0,0,0,0,0,0,0,0,0,0,0,0,0,0,0,0,0,0,0,0,0,0,0,0,0,0,0,0,0,0,0,0,0,0,0,0,0,0,0,0,0,0,0,0,0,0,0,0,0,0,0,0,0,0,0,0,0,0,0,0,0,0
Provisional,0045,LOOKOUT MOUNTAIN,1528,0,0,0,0,0,0,0,0,0,0,0,0,0,0,0,0,0,0,0,0,0,0,0,0,0,0,0,0,0,0,0,0,0,0,0,0,0,0,0,0,0,0,0,0,0,0,0,0,0,0,0,0,0,0,0,0,0,0,0,0,0,0,0,0,0,0,0,0,0,0,0,0,0,0,0,0,0,0,0,0,0,0,0,0,0,0,0,0,0,0,0,0,0,0,0,0,0,0,0,0,0,0,0,0,0,0,0,0,0,0,0,0,0
Military & Overseas,0045,LOOKOUT MOUNTAIN,1528,1,0,1,0,0,0,0,0,0,0,0,0,0,0,0,0,0,0,0,0,0,0,1,0,0,0,0,1,0,0,0,0,1,0,0,0,0,1,0,0,0,1,0,0,1,0,0,0,1,0,0,0,0,0,0,0,0,0,0,0,0,0,0,0,0,1,0,0,0,0,0,1,0,0,1,0,0,0,0,0,0,0,0,0,0,0,0,0,0,0,0,0,0,0,0,0,0,0,0,0,0,0,0,0,0,0,0,0,0,0,0,0,0
Nursing Home,0045,LOOKOUT MOUNTAIN,1528,1,0,1,0,0,0,0,0,0,0,0,0,0,0,0,0,0,0,0,0,0,0,0,0,0,0,0,0,0,0,0,0,0,0,0,0,0,0,0,0,0,0,0,0,0,0,0,0,1,0,0,0,0,0,0,0,0,0,0,0,0,0,0,0,0,0,0,0,0,0,0,0,0,0,0,0,0,0,0,0,0,0,0,0,0,0,0,0,0,0,0,0,0,0,0,0,0,0,0,0,0,0,0,0,0,0,0,0,0,1,0,0,0
Election Day,0046,LOOKOUT VALLEY,4232,1116,854,204,58,420,140,276,775,762,0,0,360,477,0,0,0,731,0,0,727,0,0,30,10,140,10,7,105,36,13,17,22,174,18,0,0,0,164,0,0,0,158,0,0,159,0,889,819,279,0,0,0,0,0,0,0,0,0,0,0,0,0,0,0,860,244,921,908,919,909,832,242,895,799,234,895,0,0,0,0,0,0,0,0,0,0,0,0,0,0,0,0,0,0,0,0,0,0,0,716,181,705,196,709,186,696,191,716,170,714,173,707,186
Early Voting,0046,LOOKOUT VALLEY,4232,497,329,161,7,176,52,99,298,294,0,0,102,215,0,0,0,278,0,0,265,0,0,17,11,119,3,6,98,22,9,10,12,133,22,0,0,0,136,0,0,0,136,0,0,136,0,359,309,175,0,0,0,0,0,0,0,0,0,0,0,0,0,0,0,313,177,362,376,351,349,313,157,349,297,151,349,0,0,0,0,0,0,0,0,0,0,0,0,0,0,0,0,0,0,0,0,0,0,0,295,106,279,119,289,108,284,108,299,99,309,83,288,109
Absentee,0046,LOOKOUT VALLEY,4232,40,23,5,12,14,0,9,23,22,0,0,13,10,0,0,0,22,0,0,22,0,0,1,0,2,0,2,3,0,2,0,0,1,4,0,0,0,2,0,0,0,4,0,0,4,0,33,30,10,0,0,0,0,0,0,0,0,0,0,0,0,0,0,0,32,7,35,33,34,34,29,9,34,33,5,35,0,0,0,0,0,0,0,0,0,0,0,0,0,0,0,0,0,0,0,0,0,0,0,30,4,29,5,28,5,28,5,29,4,30,3,28,5
Provisional,0046,LOOKOUT VALLEY,4232,1,0,1,0,0,0,0,0,0,0,0,0,0,0,0,0,0,0,0,0,0,0,0,0,1,0,0,1,0,0,0,0,1,0,0,0,0,1,0,0,0,1,0,0,1,0,1,0,1,0,0,0,0,0,0,0,0,0,0,0,0,0,0,0,0,1,1,1,1,1,0,1,1,0,1,1,0,0,0,0,0,0,0,0,0,0,0,0,0,0,0,0,0,0,0,0,0,0,0,0,1,0,1,0,1,0,1,0,1,0,1,0,1
Military & Overseas,0046,LOOKOUT VALLEY,4232,2,1,1,0,1,0,0,1,1,0,0,0,1,0,0,0,1,0,0,1,0,0,0,0,1,0,0,1,0,0,0,0,1,0,0,0,0,1,0,0,0,1,0,0,1,0,2,1,1,0,0,0,0,0,0,0,0,0,0,0,0,0,0,0,1,1,2,2,2,2,1,1,2,1,1,2,0,0,0,0,0,0,0,0,0,0,0,0,0,0,0,0,0,0,0,0,0,0,0,2,0,2,0,2,0,2,0,2,0,2,0,2,0
Nursing Home,0046,LOOKOUT VALLEY,4232,3,1,2,0,0,0,1,1,1,0,0,0,0,0,0,0,0,0,0,0,0,0,1,0,0,0,0,1,0,0,0,0,1,0,0,0,0,1,0,0,0,1,0,0,1,0,2,1,2,0,0,0,0,0,0,0,0,0,0,0,0,0,0,0,0,1,1,1,2,2,1,1,2,0,1,1,0,0,0,0,0,0,0,0,0,0,0,0,0,0,0,0,0,0,0,0,0,0,0,0,0,0,0,0,0,0,0,0,0,0,0,0,0
Election Day,0047,LUPTON CITY,2608,447,184,242,21,87,39,51,164,162,163,134,13,18,0,0,0,0,98,61,0,105,43,40,12,166,10,6,140,43,12,19,16,192,35,209,80,88,44,0,0,0,0,120,91,0,201,285,167,271,0,0,0,0,0,0,0,260,152,0,0,0,0,0,0,0,0,279,345,280,275,173,254,277,184,215,275,0,0,0,0,156,271,0,0,0,0,0,0,0,0,0,0,0,0,0,0,0,0,0,227,147,218,150,211,152,216,147,243,119,236,125,217,148
Early Voting,0047,LUPTON CITY,2608,372,151,208,13,70,41,37,126,127,129,96,14,24,0,0,0,0,65,63,0,88,29,34,6,143,11,8,130,25,11,11,20,169,31,175,66,62,45,0,0,0,0,88,83,0,170,204,141,224,0,0,0,0,0,0,0,228,106,0,0,0,0,0,0,0,0,213,269,205,202,136,226,206,142,189,205,0,0,0,0,123,240,0,0,0,0,0,0,0,0,0,0,0,0,0,0,0,0,0,170,136,186,121,179,128,170,134,199,107,192,115,175,131
Absentee,0047,LUPTON CITY,2608,10,2,7,1,1,1,0,2,2,1,1,0,0,0,0,0,0,1,0,0,0,1,1,0,4,1,0,5,0,1,0,0,3,2,4,1,2,1,0,0,0,0,2,2,0,4,4,1,8,0,0,0,0,0,0,0,8,0,0,0,0,0,0,0,0,0,4,5,4,4,3,7,3,3,6,4,0,0,0,0,3,7,0,0,0,0,0,0,0,0,0,0,0,0,0,0,0,0,0,4,5,5,4,4,3,4,3,5,2,5,2,4,3
Provisional,0047,LUPTON CITY,2608,2,2,0,0,2,0,0,1,1,1,2,0,0,0,0,0,0,1,1,0,0,2,0,0,0,0,0,0,0,0,0,0,0,0,0,0,0,0,0,0,0,0,0,0,0,0,2,2,0,0,0,0,0,0,0,0,0,2,0,0,0,0,0,0,0,0,1,2,2,2,1,1,2,2,0,1,0,0,0,0,2,0,0,0,0,0,0,0,0,0,0,0,0,0,0,0,0,0,0,2,0,2,0,2,0,2,0,2,0,2,0,2,0
Military & Overseas,0047,LUPTON CITY,2608,1,0,1,0,0,0,0,0,0,0,0,0,0,0,0,0,0,0,0,0,0,0,0,0,1,0,0,1,0,0,0,0,1,0,1,0,1,0,0,0,0,0,0,1,0,1,0,0,1,0,0,0,0,0,0,0,1,0,0,0,0,0,0,0,0,0,0,1,0,0,0,1,0,0,1,0,0,0,0,0,0,1,0,0,0,0,0,0,0,0,0,0,0,0,0,0,0,0,0,0,1,0,1,0,1,1,0,1,0,1,0,1,0
Nursing Home,0047,LUPTON CITY,2608,2,1,1,0,1,0,0,1,1,1,1,0,0,0,0,0,0,1,0,0,0,0,0,0,0,0,1,0,0,1,0,0,0,1,1,1,0,0,0,0,0,0,1,0,0,1,2,1,1,0,0,0,0,0,0,0,1,0,0,0,0,0,0,0,0,0,2,2,2,2,1,1,2,1,1,2,0,0,0,0,1,1,0,0,0,0,0,0,0,0,0,0,0,0,0,0,0,0,0,1,1,1,1,2,0,2,0,2,0,1,1,2,0
Election Day,0048,MEADOWVIEW,3041,331,263,58,10,130,54,76,255,250,251,0,0,0,0,254,0,0,154,81,0,190,39,8,1,42,1,6,30,19,5,1,3,37,20,54,0,0,0,0,55,0,0,21,35,0,54,292,251,74,0,0,0,0,0,0,0,0,0,0,0,0,0,300,0,0,0,298,298,297,293,262,60,293,249,68,293,0,0,0,0,0,0,0,0,251,66,0,0,0,0,0,0,0,0,0,0,0,0,0,239,46,228,55,234,48,231,51,236,48,235,49,235,46
Early Voting,0048,MEADOWVIEW,3041,431,358,68,5,208,63,82,341,332,338,0,0,0,0,344,0,0,211,104,0,247,65,14,4,44,3,1,37,13,6,3,5,51,11,58,0,0,0,0,56,0,0,32,28,0,57,357,345,82,0,0,0,0,0,0,0,0,0,0,0,0,0,372,0,0,0,372,367,374,363,343,75,367,318,85,367,0,0,0,0,0,0,0,0,329,85,0,0,0,0,0,0,0,0,0,0,0,0,0,310,63,317,61,320,60,317,62,321,57,316,63,318,59
Absentee,0048,MEADOWVIEW,3041,8,4,3,1,4,0,0,4,4,4,0,0,0,0,4,0,0,4,0,0,2,2,0,0,2,0,0,1,1,1,0,0,1,2,3,0,0,0,0,3,0,0,1,2,0,2,5,4,4,0,0,0,0,0,0,0,0,0,0,0,0,0,5,0,0,0,5,6,5,5,4,4,5,4,4,5,0,0,0,0,0,0,0,0,4,4,0,0,0,0,0,0,0,0,0,0,0,0,0,4,4,4,4,4,4,5,3,5,3,5,3,5,3
Provisional,0048,MEADOWVIEW,3041,2,1,1,0,1,0,0,1,1,1,0,0,0,0,1,0,0,0,1,0,0,1,0,0,1,0,0,1,0,0,0,0,0,1,1,0,0,0,0,1,0,0,0,1,0,1,1,1,1,0,0,0,0,0,0,0,0,0,0,0,0,0,1,0,0,0,1,2,1,1,1,1,1,1,1,1,0,0,0,0,0,0,0,0,1,1,0,0,0,0,0,0,0,0,0,0,0,0,0,2,0,2,0,2,0,2,0,2,0,2,0,2,0
Military & Overseas,0048,MEADOWVIEW,3041,1,1,0,0,0,0,0,0,0,0,0,0,0,0,0,0,0,0,1,0,1,0,0,0,0,0,0,0,0,0,0,0,0,0,0,0,0,0,0,0,0,0,0,0,0,0,0,0,1,0,0,0,0,0,0,0,0,0,0,0,0,0,0,0,0,0,0,0,0,0,1,0,0,1,0,0,0,0,0,0,0,0,0,0,1,0,0,0,0,0,0,0,0,0,0,0,0,0,0,1,0,1,0,1,0,0,1,1,0,1,0,1,0
Nursing Home,0048,MEADOWVIEW,3041,1,1,0,0,0,0,1,0,0,0,0,0,0,0,0,0,0,0,0,0,0,0,0,0,0,0,0,0,0,0,0,0,0,0,0,0,0,0,0,0,0,0,0,0,0,0,1,1,0,0,0,0,0,0,0,0,0,0,0,0,0,0,1,0,0,0,1,0,1,1,1,0,1,1,0,1,0,0,0,0,0,0,0,0,1,0,0,0,0,0,0,0,0,0,0,0,0,0,0,0,0,0,0,0,0,0,0,1,0,1,0,1,0
Election Day,0049,MIDDLE VALLEY,2052,336,253,75,8,142,45,62,235,233,237,232,0,0,0,0,0,0,145,79,0,160,54,10,4,54,2,1,35,18,3,7,8,55,15,64,41,26,0,0,0,0,0,30,38,0,63,267,232,96,0,0,0,0,275,0,0,0,0,0,0,0,0,0,0,0,0,278,287,273,269,241,78,265,224,90,268,194,88,44,0,0,0,0,0,0,0,0,0,0,0,0,0,0,0,0,0,0,0,0,217,70,211,74,212,72,215,69,212,73,217,68,212,65
Early Voting,0049,MIDDLE VALLEY,2052,223,140,79,4,73,22,44,133,127,131,130,0,0,0,0,0,0,52,75,0,101,20,7,5,57,4,4,34,13,11,7,10,59,15,66,35,37,0,0,0,0,0,31,39,0,67,169,129,88,0,0,0,0,164,0,0,0,0,0,0,0,0,0,0,0,0,167,188,169,166,134,81,165,133,77,170,108,78,31,0,0,0,0,0,0,0,0,0,0,0,0,0,0,0,0,0,0,0,0,152,49,152,50,150,48,143,56,150,51,152,48,145,52
Absentee,0049,MIDDLE VALLEY,2052,5,4,1,0,2,0,2,3,2,3,3,0,0,0,0,0,0,1,3,0,4,0,0,0,1,0,0,1,0,0,0,0,1,0,1,1,0,0,0,0,0,0,0,1,0,1,4,3,2,0,0,0,0,5,0,0,0,0,0,0,0,0,0,0,0,0,5,4,5,5,4,1,5,4,1,5,4,1,0,0,0,0,0,0,0,0,0,0,0,0,0,0,0,0,0,0,0,0,0,2,1,2,1,2,1,2,1,2,1,2,1,2,1
Provisional,0049,MIDDLE VALLEY,2052,0,0,0,0,0,0,0,0,0,0,0,0,0,0,0,0,0,0,0,0,0,0,0,0,0,0,0,0,0,0,0,0,0,0,0,0,0,0,0,0,0,0,0,0,0,0,0,0,0,0,0,0,0,0,0,0,0,0,0,0,0,0,0,0,0,0,0,0,0,0,0,0,0,0,0,0,0,0,0,0,0,0,0,0,0,0,0,0,0,0,0,0,0,0,0,0,0,0,0,0,0,0,0,0,0,0,0,0,0,0,0,0,0
Military & Overseas,0049,MIDDLE VALLEY,2052,0,0,0,0,0,0,0,0,0,0,0,0,0,0,0,0,0,0,0,0,0,0,0,0,0,0,0,0,0,0,0,0,0,0,0,0,0,0,0,0,0,0,0,0,0,0,0,0,0,0,0,0,0,0,0,0,0,0,0,0,0,0,0,0,0,0,0,0,0,0,0,0,0,0,0,0,0,0,0,0,0,0,0,0,0,0,0,0,0,0,0,0,0,0,0,0,0,0,0,0,0,0,0,0,0,0,0,0,0,0,0,0,0
Nursing Home,0049,MIDDLE VALLEY,2052,1,1,0,0,1,0,0,1,1,1,0,0,0,0,0,0,0,1,0,0,0,0,0,0,0,0,0,0,0,0,0,0,0,0,0,0,0,0,0,0,0,0,0,0,0,0,1,1,0,0,0,0,0,1,0,0,0,0,0,0,0,0,0,0,0,0,1,0,1,1,1,0,1,1,0,1,1,0,0,0,0,0,0,0,0,0,0,0,0,0,0,0,0,0,0,0,0,0,0,0,0,0,0,0,0,0,0,0,0,0,0,0,0
Election Day,0050,MISSIONARY RIDGE,1427,369,171,172,26,78,17,75,140,134,0,0,0,0,0,0,140,137,0,0,137,0,0,25,5,112,11,6,90,30,16,5,14,126,29,0,0,0,0,0,0,142,137,0,0,142,0,209,152,211,0,0,0,0,0,0,0,0,0,0,0,0,0,0,0,159,202,218,256,201,211,159,188,208,159,159,209,0,0,0,0,0,0,0,0,0,0,0,0,0,0,0,0,0,0,0,0,0,0,0,185,107,195,98,181,106,181,102,195,86,191,93,185,100
Early Voting,0050,MISSIONARY RIDGE,1427,194,70,119,5,21,11,37,61,61,0,0,0,0,0,0,64,63,0,0,57,0,0,14,1,87,4,3,72,14,5,6,8,96,9,0,0,0,0,0,0,89,84,0,0,87,0,102,69,125,0,0,0,0,0,0,0,0,0,0,0,0,0,0,0,68,124,100,132,98,98,71,118,104,75,91,102,0,0,0,0,0,0,0,0,0,0,0,0,0,0,0,0,0,0,0,0,0,0,0,103,55,102,54,99,56,102,52,108,47,98,53,98,56
Absentee,0050,MISSIONARY RIDGE,1427,6,2,2,2,0,0,2,1,0,0,0,0,0,0,0,0,2,0,0,0,0,0,0,0,1,0,0,1,1,0,0,0,2,0,0,0,0,0,0,0,2,2,0,0,2,0,3,0,4,0,0,0,0,0,0,0,0,0,0,0,0,0,0,0,4,2,3,4,2,2,0,6,2,2,4,0,0,0,0,0,0,0,0,0,0,0,0,0,0,0,0,0,0,0,0,0,0,0,0,3,1,3,1,3,1,4,1,3,1,2,2,2,2
Provisional,0050,MISSIONARY RIDGE,1427,0,0,0,0,0,0,0,0,0,0,0,0,0,0,0,0,0,0,0,0,0,0,0,0,0,0,0,0,0,0,0,0,0,0,0,0,0,0,0,0,0,0,0,0,0,0,0,0,0,0,0,0,0,0,0,0,0,0,0,0,0,0,0,0,0,0,0,0,0,0,0,0,0,0,0,0,0,0,0,0,0,0,0,0,0,0,0,0,0,0,0,0,0,0,0,0,0,0,0,0,0,0,0,0,0,0,0,0,0,0,0,0,0
Military & Overseas,0050,MISSIONARY RIDGE,1427,2,0,2,0,0,0,0,0,0,0,0,0,0,0,0,0,0,0,0,0,0,0,0,0,1,0,0,0,0,0,1,0,1,0,0,0,0,0,0,0,1,1,0,0,1,0,0,0,2,0,0,0,0,0,0,0,0,0,0,0,0,0,0,0,0,2,0,1,0,0,0,2,0,0,2,0,0,0,0,0,0,0,0,0,0,0,0,0,0,0,0,0,0,0,0,0,0,0,0,0,1,1,0,0,1,1,0,0,0,1,0,0,1
Nursing Home,0050,MISSIONARY RIDGE,1427,3,0,3,0,0,0,0,0,0,0,0,0,0,0,0,0,0,0,0,0,0,0,1,0,1,1,0,1,0,0,0,1,1,2,0,0,0,0,0,0,3,3,0,0,3,0,1,1,2,0,0,0,0,0,0,0,0,0,0,0,0,0,0,0,2,1,2,2,2,2,1,2,2,0,2,2,0,0,0,0,0,0,0,0,0,0,0,0,0,0,0,0,0,0,0,0,0,0,0,0,2,0,2,0,2,0,2,0,2,0,2,0,2
Election Day,0051,MOUNTAIN CREEK A,3557,654,341,290,23,123,57,153,296,295,300,0,158,172,0,0,0,0,170,122,0,190,80,40,14,210,5,8,144,57,21,23,28,224,44,240,0,0,240,0,0,0,0,122,121,0,231,443,304,332,0,0,328,317,0,0,0,0,0,0,0,0,0,0,0,0,0,445,497,444,437,311,315,441,305,279,437,0,0,0,0,0,0,0,0,0,0,0,0,0,0,0,0,0,0,0,0,0,0,0,347,178,364,171,339,184,341,174,368,151,365,151,330,185
Early Voting,0051,MOUNTAIN CREEK A,3557,540,282,248,10,118,48,104,245,235,250,0,108,167,0,0,0,0,113,130,0,157,65,33,11,175,11,8,138,47,17,17,16,197,38,210,0,0,207,0,0,0,0,94,121,0,201,344,257,273,0,0,265,254,0,0,0,0,0,0,0,0,0,0,0,0,0,353,412,335,335,272,245,344,267,215,339,0,0,0,0,0,0,0,0,0,0,0,0,0,0,0,0,0,0,0,0,0,0,0,290,157,297,149,281,157,275,161,308,133,316,126,279,160
Absentee,0051,MOUNTAIN CREEK A,3557,32,12,12,8,8,0,4,12,12,12,0,10,2,0,0,0,0,4,5,0,8,1,0,0,11,0,1,2,5,1,2,1,8,2,9,0,0,8,0,0,0,0,3,7,0,9,19,12,20,0,0,13,19,0,0,0,0,0,0,0,0,0,0,0,0,0,20,26,19,19,12,20,19,15,15,18,0,0,0,0,0,0,0,0,0,0,0,0,0,0,0,0,0,0,0,0,0,0,0,19,8,19,8,19,8,17,10,19,8,19,8,17,10
Provisional,0051,MOUNTAIN CREEK A,3557,1,0,1,0,0,0,0,0,0,0,0,0,0,0,0,0,0,0,0,0,0,0,0,0,1,0,0,0,0,0,0,1,1,0,1,0,0,1,0,0,0,0,1,0,0,1,1,0,1,0,0,0,1,0,0,0,0,0,0,0,0,0,0,0,0,0,1,1,1,1,0,1,1,0,1,1,0,0,0,0,0,0,0,0,0,0,0,0,0,0,0,0,0,0,0,0,0,0,0,1,0,1,0,1,0,1,0,1,0,1,0,1,0
Military & Overseas,0051,MOUNTAIN CREEK A,3557,1,0,1,0,0,0,0,0,0,0,0,0,0,0,0,0,0,0,0,0,0,0,0,0,1,0,0,0,0,1,0,0,1,0,0,0,0,0,0,0,0,0,1,0,0,0,0,0,1,0,0,0,1,0,0,0,0,0,0,0,0,0,0,0,0,0,0,0,0,0,0,1,0,0,1,0,0,0,0,0,0,0,0,0,0,0,0,0,0,0,0,0,0,0,0,0,0,0,0,0,1,1,0,1,0,0,1,1,0,0,1,1,0
Nursing Home,0051,MOUNTAIN CREEK A,3557,24,17,7,0,11,0,6,13,14,12,0,10,5,0,0,0,0,6,7,0,10,0,3,0,1,0,0,1,3,0,0,0,3,1,4,0,0,4,0,0,0,0,4,0,0,4,10,16,5,0,0,14,7,0,0,0,0,0,0,0,0,0,0,0,0,0,15,10,14,11,15,6,9,10,7,13,0,0,0,0,0,0,0,0,0,0,0,0,0,0,0,0,0,0,0,0,0,0,0,7,4,8,2,10,0,8,2,8,1,9,0,6,3
Election Day,0052,MOUNTAIN CREEK B,1388,216,102,109,5,41,17,41,89,83,87,0,47,47,0,0,0,0,45,31,0,45,21,22,5,67,5,2,63,16,8,5,10,81,18,88,0,0,84,0,0,0,0,46,46,0,84,127,92,122,0,0,90,122,0,0,0,0,0,0,0,0,0,0,0,0,0,126,153,129,125,88,115,120,90,105,123,0,0,0,0,0,0,0,0,0,0,0,0,0,0,0,0,0,0,0,0,0,0,0,90,67,92,67,90,65,86,68,99,55,97,58,84,69
Early Voting,0052,MOUNTAIN CREEK B,1388,171,80,89,2,42,15,22,69,68,66,0,34,44,0,0,0,0,41,30,0,43,18,15,7,58,3,1,44,23,2,11,8,77,8,78,0,0,77,0,0,0,0,36,40,0,76,102,78,91,0,0,83,84,0,0,0,0,0,0,0,0,0,0,0,0,0,105,128,105,104,73,95,99,75,81,100,0,0,0,0,0,0,0,0,0,0,0,0,0,0,0,0,0,0,0,0,0,0,0,93,54,89,56,88,58,86,58,88,57,90,55,85,63
Absentee,0052,MOUNTAIN CREEK B,1388,11,6,5,0,2,2,2,2,2,2,0,5,1,0,0,0,0,0,4,0,0,2,1,2,0,0,0,1,0,1,1,0,1,2,3,0,0,2,0,0,0,0,0,3,0,3,4,4,7,0,0,2,9,0,0,0,0,0,0,0,0,0,0,0,0,0,3,5,3,4,3,8,3,4,7,3,0,0,0,0,0,0,0,0,0,0,0,0,0,0,0,0,0,0,0,0,0,0,0,3,3,3,3,3,3,3,3,4,2,3,3,3,3
Provisional,0052,MOUNTAIN CREEK B,1388,0,0,0,0,0,0,0,0,0,0,0,0,0,0,0,0,0,0,0,0,0,0,0,0,0,0,0,0,0,0,0,0,0,0,0,0,0,0,0,0,0,0,0,0,0,0,0,0,0,0,0,0,0,0,0,0,0,0,0,0,0,0,0,0,0,0,0,0,0,0,0,0,0,0,0,0,0,0,0,0,0,0,0,0,0,0,0,0,0,0,0,0,0,0,0,0,0,0,0,0,0,0,0,0,0,0,0,0,0,0,0,0,0
Military & Overseas,0052,MOUNTAIN CREEK B,1388,1,0,0,1,0,0,0,0,0,0,0,0,0,0,0,0,0,0,0,0,0,0,0,0,0,0,0,0,0,0,0,0,0,0,0,0,0,0,0,0,0,0,0,0,0,0,0,0,1,0,0,0,1,0,0,0,0,0,0,0,0,0,0,0,0,0,0,0,0,0,0,1,0,0,1,0,0,0,0,0,0,0,0,0,0,0,0,0,0,0,0,0,0,0,0,0,0,0,0,0,1,0,1,0,1,0,1,0,1,0,1,0,1
Nursing Home,0052,MOUNTAIN CREEK B,1388,16,11,5,0,7,1,2,9,10,7,0,5,3,0,0,0,0,5,2,0,7,1,1,1,0,0,2,2,3,0,0,0,2,2,4,0,0,3,0,0,0,0,2,1,0,3,11,13,3,0,0,12,2,0,0,0,0,0,0,0,0,0,0,0,0,0,13,10,11,11,7,3,9,8,2,9,0,0,0,0,0,0,0,0,0,0,0,0,0,0,0,0,0,0,0,0,0,0,0,9,0,10,1,10,1,9,1,10,1,10,1,10,1
Election Day,0053,MOUNTAIN CREEK C,184,20,6,13,1,3,0,3,5,5,0,0,4,1,0,0,0,5,0,0,5,0,0,4,4,5,0,0,9,0,0,2,2,10,3,0,0,0,11,0,0,0,12,0,0,12,0,10,5,15,0,0,6,14,0,0,0,0,0,0,0,0,0,0,0,0,0,11,15,11,9,5,15,9,5,14,10,0,0,0,0,0,0,0,0,0,0,0,0,0,0,0,0,0,0,0,0,0,0,0,6,10,10,4,6,9,9,7,10,4,8,6,9,7
Early Voting,0053,MOUNTAIN CREEK C,184,20,8,12,0,4,1,3,6,6,0,0,4,4,0,0,0,7,0,0,5,0,0,1,1,6,3,0,7,1,1,2,1,10,2,0,0,0,12,0,0,0,12,0,0,12,0,14,6,14,0,0,5,15,0,0,0,0,0,0,0,0,0,0,0,0,0,13,15,13,12,6,14,13,6,13,13,0,0,0,0,0,0,0,0,0,0,0,0,0,0,0,0,0,0,0,0,0,0,0,8,10,12,7,8,9,8,9,11,8,11,8,8,9
Absentee,0053,MOUNTAIN CREEK C,184,0,0,0,0,0,0,0,0,0,0,0,0,0,0,0,0,0,0,0,0,0,0,0,0,0,0,0,0,0,0,0,0,0,0,0,0,0,0,0,0,0,0,0,0,0,0,0,0,0,0,0,0,0,0,0,0,0,0,0,0,0,0,0,0,0,0,0,0,0,0,0,0,0,0,0,0,0,0,0,0,0,0,0,0,0,0,0,0,0,0,0,0,0,0,0,0,0,0,0,0,0,0,0,0,0,0,0,0,0,0,0,0,0
Provisional,0053,MOUNTAIN CREEK C,184,0,0,0,0,0,0,0,0,0,0,0,0,0,0,0,0,0,0,0,0,0,0,0,0,0,0,0,0,0,0,0,0,0,0,0,0,0,0,0,0,0,0,0,0,0,0,0,0,0,0,0,0,0,0,0,0,0,0,0,0,0,0,0,0,0,0,0,0,0,0,0,0,0,0,0,0,0,0,0,0,0,0,0,0,0,0,0,0,0,0,0,0,0,0,0,0,0,0,0,0,0,0,0,0,0,0,0,0,0,0,0,0,0
Military & Overseas,0053,MOUNTAIN CREEK C,184,0,0,0,0,0,0,0,0,0,0,0,0,0,0,0,0,0,0,0,0,0,0,0,0,0,0,0,0,0,0,0,0,0,0,0,0,0,0,0,0,0,0,0,0,0,0,0,0,0,0,0,0,0,0,0,0,0,0,0,0,0,0,0,0,0,0,0,0,0,0,0,0,0,0,0,0,0,0,0,0,0,0,0,0,0,0,0,0,0,0,0,0,0,0,0,0,0,0,0,0,0,0,0,0,0,0,0,0,0,0,0,0,0
Nursing Home,0053,MOUNTAIN CREEK C,184,0,0,0,0,0,0,0,0,0,0,0,0,0,0,0,0,0,0,0,0,0,0,0,0,0,0,0,0,0,0,0,0,0,0,0,0,0,0,0,0,0,0,0,0,0,0,0,0,0,0,0,0,0,0,0,0,0,0,0,0,0,0,0,0,0,0,0,0,0,0,0,0,0,0,0,0,0,0,0,0,0,0,0,0,0,0,0,0,0,0,0,0,0,0,0,0,0,0,0,0,0,0,0,0,0,0,0,0,0,0,0,0,0
Election Day,0054,MOWBRAY A,515,128,103,24,1,54,17,25,98,93,97,0,33,66,0,0,0,0,49,40,0,61,21,2,0,18,1,1,13,5,3,0,1,13,9,22,0,0,24,0,0,0,0,7,15,0,21,101,90,32,0,0,87,30,0,0,0,0,0,0,0,0,0,0,0,0,0,109,105,109,110,94,20,101,89,26,104,0,0,0,0,0,0,0,0,0,0,0,0,0,0,0,0,0,0,0,0,0,0,0,86,19,82,23,85,19,78,24,84,18,83,21,84,21
Early Voting,0054,MOWBRAY A,515,32,24,8,0,10,10,3,21,20,20,0,3,19,0,0,0,0,9,11,0,11,4,1,0,7,0,0,5,0,1,0,1,6,1,7,0,0,7,0,0,0,0,5,2,0,7,21,20,11,0,0,20,11,0,0,0,0,0,0,0,0,0,0,0,0,0,24,24,23,22,21,7,21,21,9,23,0,0,0,0,0,0,0,0,0,0,0,0,0,0,0,0,0,0,0,0,0,0,0,17,7,16,7,16,8,17,7,17,7,18,6,17,8
Absentee,0054,MOWBRAY A,515,0,0,0,0,0,0,0,0,0,0,0,0,0,0,0,0,0,0,0,0,0,0,0,0,0,0,0,0,0,0,0,0,0,0,0,0,0,0,0,0,0,0,0,0,0,0,0,0,0,0,0,0,0,0,0,0,0,0,0,0,0,0,0,0,0,0,0,0,0,0,0,0,0,0,0,0,0,0,0,0,0,0,0,0,0,0,0,0,0,0,0,0,0,0,0,0,0,0,0,0,0,0,0,0,0,0,0,0,0,0,0,0,0
Provisional,0054,MOWBRAY A,515,0,0,0,0,0,0,0,0,0,0,0,0,0,0,0,0,0,0,0,0,0,0,0,0,0,0,0,0,0,0,0,0,0,0,0,0,0,0,0,0,0,0,0,0,0,0,0,0,0,0,0,0,0,0,0,0,0,0,0,0,0,0,0,0,0,0,0,0,0,0,0,0,0,0,0,0,0,0,0,0,0,0,0,0,0,0,0,0,0,0,0,0,0,0,0,0,0,0,0,0,0,0,0,0,0,0,0,0,0,0,0,0,0
Military & Overseas,0054,MOWBRAY A,515,0,0,0,0,0,0,0,0,0,0,0,0,0,0,0,0,0,0,0,0,0,0,0,0,0,0,0,0,0,0,0,0,0,0,0,0,0,0,0,0,0,0,0,0,0,0,0,0,0,0,0,0,0,0,0,0,0,0,0,0,0,0,0,0,0,0,0,0,0,0,0,0,0,0,0,0,0,0,0,0,0,0,0,0,0,0,0,0,0,0,0,0,0,0,0,0,0,0,0,0,0,0,0,0,0,0,0,0,0,0,0,0,0
Nursing Home,0054,MOWBRAY A,515,0,0,0,0,0,0,0,0,0,0,0,0,0,0,0,0,0,0,0,0,0,0,0,0,0,0,0,0,0,0,0,0,0,0,0,0,0,0,0,0,0,0,0,0,0,0,0,0,0,0,0,0,0,0,0,0,0,0,0,0,0,0,0,0,0,0,0,0,0,0,0,0,0,0,0,0,0,0,0,0,0,0,0,0,0,0,0,0,0,0,0,0,0,0,0,0,0,0,0,0,0,0,0,0,0,0,0,0,0,0,0,0,0
Election Day,0055,MOWBRAY B,679,146,133,13,0,62,27,42,124,117,126,0,53,80,0,0,0,0,63,55,0,83,24,3,1,7,0,1,7,4,1,0,1,9,3,12,0,0,13,0,0,0,0,5,8,0,13,130,112,27,120,22,0,0,0,0,0,0,0,0,0,0,0,0,0,0,0,136,131,131,131,125,15,126,111,23,125,0,0,0,0,0,0,0,0,0,0,0,0,0,0,0,0,0,0,0,0,0,0,0,95,23,90,26,92,25,91,25,88,30,93,25,93,22
Early Voting,0055,MOWBRAY B,679,108,89,19,0,44,24,21,84,78,84,0,32,56,0,0,0,0,35,46,0,51,21,5,2,9,1,1,5,6,1,2,2,13,4,15,0,0,16,0,0,0,0,8,7,0,16,87,86,21,87,21,0,0,0,0,0,0,0,0,0,0,0,0,0,0,0,94,88,93,91,84,20,90,81,24,88,0,0,0,0,0,0,0,0,0,0,0,0,0,0,0,0,0,0,0,0,0,0,0,75,17,73,19,72,21,70,23,77,16,80,13,67,27
Absentee,0055,MOWBRAY B,679,0,0,0,0,0,0,0,0,0,0,0,0,0,0,0,0,0,0,0,0,0,0,0,0,0,0,0,0,0,0,0,0,0,0,0,0,0,0,0,0,0,0,0,0,0,0,0,0,0,0,0,0,0,0,0,0,0,0,0,0,0,0,0,0,0,0,0,0,0,0,0,0,0,0,0,0,0,0,0,0,0,0,0,0,0,0,0,0,0,0,0,0,0,0,0,0,0,0,0,0,0,0,0,0,0,0,0,0,0,0,0,0,0
Provisional,0055,MOWBRAY B,679,0,0,0,0,0,0,0,0,0,0,0,0,0,0,0,0,0,0,0,0,0,0,0,0,0,0,0,0,0,0,0,0,0,0,0,0,0,0,0,0,0,0,0,0,0,0,0,0,0,0,0,0,0,0,0,0,0,0,0,0,0,0,0,0,0,0,0,0,0,0,0,0,0,0,0,0,0,0,0,0,0,0,0,0,0,0,0,0,0,0,0,0,0,0,0,0,0,0,0,0,0,0,0,0,0,0,0,0,0,0,0,0,0
Military & Overseas,0055,MOWBRAY B,679,0,0,0,0,0,0,0,0,0,0,0,0,0,0,0,0,0,0,0,0,0,0,0,0,0,0,0,0,0,0,0,0,0,0,0,0,0,0,0,0,0,0,0,0,0,0,0,0,0,0,0,0,0,0,0,0,0,0,0,0,0,0,0,0,0,0,0,0,0,0,0,0,0,0,0,0,0,0,0,0,0,0,0,0,0,0,0,0,0,0,0,0,0,0,0,0,0,0,0,0,0,0,0,0,0,0,0,0,0,0,0,0,0
Nursing Home,0055,MOWBRAY B,679,0,0,0,0,0,0,0,0,0,0,0,0,0,0,0,0,0,0,0,0,0,0,0,0,0,0,0,0,0,0,0,0,0,0,0,0,0,0,0,0,0,0,0,0,0,0,0,0,0,0,0,0,0,0,0,0,0,0,0,0,0,0,0,0,0,0,0,0,0,0,0,0,0,0,0,0,0,0,0,0,0,0,0,0,0,0,0,0,0,0,0,0,0,0,0,0,0,0,0,0,0,0,0,0,0,0,0,0,0,0,0,0,0
Election Day,0056,MURRAY HILLS,1741,263,87,153,23,38,17,30,78,77,75,0,0,0,0,0,0,0,40,30,0,54,13,44,9,71,5,12,89,12,19,6,18,100,37,126,0,0,0,145,0,0,0,88,48,0,124,156,107,154,0,0,0,0,0,208,0,0,0,0,0,0,0,0,0,0,0,158,194,154,150,92,157,144,94,125,141,0,0,0,0,0,0,0,0,0,0,0,0,0,0,0,0,0,0,0,0,0,0,0,123,95,141,79,129,88,127,88,142,75,140,78,131,84
Early Voting,0056,MURRAY HILLS,1741,232,71,156,5,23,18,30,64,60,62,0,0,0,0,0,0,0,28,33,0,39,18,42,4,84,4,15,97,18,11,11,14,99,42,126,0,0,0,149,0,0,0,80,53,0,132,118,69,158,0,0,0,0,0,188,0,0,0,0,0,0,0,0,0,0,0,128,178,123,116,70,155,118,70,138,116,0,0,0,0,0,0,0,0,0,0,0,0,0,0,0,0,0,0,0,0,0,0,0,106,93,113,86,106,93,103,94,116,81,113,84,100,96
Absentee,0056,MURRAY HILLS,1741,14,1,13,0,1,0,0,1,1,1,0,0,0,0,0,0,0,0,0,0,0,0,0,3,8,0,2,6,1,1,2,3,8,4,13,0,0,0,13,0,0,0,7,4,0,11,3,2,12,0,0,0,0,0,13,0,0,0,0,0,0,0,0,0,0,0,3,9,2,2,1,12,2,1,12,2,0,0,0,0,0,0,0,0,0,0,0,0,0,0,0,0,0,0,0,0,0,0,0,3,9,4,9,3,9,3,6,4,8,3,9,3,9
Provisional,0056,MURRAY HILLS,1741,1,0,1,0,0,0,0,0,0,0,0,0,0,0,0,0,0,0,0,0,0,0,0,0,1,0,0,1,0,0,0,0,1,0,1,0,0,0,1,0,0,0,0,1,0,1,1,0,1,0,0,0,0,0,1,0,0,0,0,0,0,0,0,0,0,0,1,1,1,1,0,1,1,0,1,1,0,0,0,0,0,0,0,0,0,0,0,0,0,0,0,0,0,0,0,0,0,0,0,1,0,1,0,1,0,1,0,1,0,1,0,1,0
Military & Overseas,0056,MURRAY HILLS,1741,0,0,0,0,0,0,0,0,0,0,0,0,0,0,0,0,0,0,0,0,0,0,0,0,0,0,0,0,0,0,0,0,0,0,0,0,0,0,0,0,0,0,0,0,0,0,0,0,0,0,0,0,0,0,0,0,0,0,0,0,0,0,0,0,0,0,0,0,0,0,0,0,0,0,0,0,0,0,0,0,0,0,0,0,0,0,0,0,0,0,0,0,0,0,0,0,0,0,0,0,0,0,0,0,0,0,0,0,0,0,0,0,0
Nursing Home,0056,MURRAY HILLS,1741,2,0,2,0,0,0,0,0,0,0,0,0,0,0,0,0,0,0,0,0,0,0,0,0,0,1,0,0,1,0,0,0,0,0,1,0,0,0,1,0,0,0,0,1,0,1,1,1,1,0,0,0,0,0,2,0,0,0,0,0,0,0,0,0,0,0,1,0,0,0,0,1,0,0,0,0,0,0,0,0,0,0,0,0,0,0,0,0,0,0,0,0,0,0,0,0,0,0,0,0,0,1,0,1,0,1,0,1,0,1,0,1,0
Election Day,0057,NORTH CHATTANOOGA A,1734,328,95,216,17,43,11,40,80,78,79,0,9,14,0,0,0,0,39,29,0,42,23,39,13,146,4,8,115,39,18,11,22,174,26,174,0,0,29,163,0,0,0,87,86,0,166,172,89,232,0,0,0,0,0,0,0,225,81,0,0,0,0,0,0,0,0,178,214,173,170,93,216,166,107,177,165,0,0,0,0,74,241,0,0,0,0,0,0,0,0,0,0,0,0,0,0,0,0,0,117,124,128,115,116,120,112,125,142,95,129,110,113,119
Early Voting,0057,NORTH CHATTANOOGA A,1734,194,58,129,7,35,7,14,52,50,52,0,12,13,0,0,0,0,23,25,0,36,8,20,6,87,6,4,72,20,6,16,11,104,17,104,0,0,25,93,0,0,0,59,44,0,103,101,54,138,0,0,0,0,0,0,0,138,43,0,0,0,0,0,0,0,0,98,131,93,94,65,123,93,74,96,93,0,0,0,0,53,139,0,0,0,0,0,0,0,0,0,0,0,0,0,0,0,0,0,84,78,87,73,78,75,76,77,92,64,90,66,82,75
Absentee,0057,NORTH CHATTANOOGA A,1734,6,1,5,0,1,0,0,1,1,1,0,0,0,0,0,0,0,0,1,0,0,1,0,0,4,0,0,1,0,2,1,0,2,2,2,0,0,1,1,0,0,0,1,3,0,2,2,1,4,0,0,0,0,0,0,0,5,0,0,0,0,0,0,0,0,0,2,2,1,2,1,5,2,2,3,2,0,0,0,0,1,5,0,0,0,0,0,0,0,0,0,0,0,0,0,0,0,0,0,3,3,2,3,3,3,2,3,4,2,4,2,3,2
Provisional,0057,NORTH CHATTANOOGA A,1734,1,1,0,0,0,1,0,1,1,1,0,0,0,0,0,0,0,1,0,0,0,1,0,0,0,0,0,0,0,0,0,0,0,0,0,0,0,0,0,0,0,0,0,0,0,0,1,1,0,0,0,0,0,0,0,0,0,0,0,0,0,0,0,0,0,0,1,1,1,1,1,0,1,1,0,1,0,0,0,0,1,0,0,0,0,0,0,0,0,0,0,0,0,0,0,0,0,0,0,0,1,0,1,0,1,0,1,0,1,1,0,0,1
Military & Overseas,0057,NORTH CHATTANOOGA A,1734,0,0,0,0,0,0,0,0,0,0,0,0,0,0,0,0,0,0,0,0,0,0,0,0,0,0,0,0,0,0,0,0,0,0,0,0,0,0,0,0,0,0,0,0,0,0,0,0,0,0,0,0,0,0,0,0,0,0,0,0,0,0,0,0,0,0,0,0,0,0,0,0,0,0,0,0,0,0,0,0,0,0,0,0,0,0,0,0,0,0,0,0,0,0,0,0,0,0,0,0,0,0,0,0,0,0,0,0,0,0,0,0,0
Nursing Home,0057,NORTH CHATTANOOGA A,1734,1,1,0,0,0,0,1,1,1,0,0,0,0,0,0,0,0,0,0,0,0,0,0,0,0,0,0,0,0,0,0,0,0,0,0,0,0,0,0,0,0,0,0,0,0,0,0,1,0,0,0,0,0,0,0,0,0,0,0,0,0,0,0,0,0,0,1,0,1,0,1,0,0,0,0,1,0,0,0,0,0,0,0,0,0,0,0,0,0,0,0,0,0,0,0,0,0,0,0,0,0,0,0,0,0,0,0,0,0,0,0,0,0
Election Day,0058,NORTH CHATTANOOGA B,1159,151,54,86,11,25,11,17,45,44,0,0,0,0,0,0,0,41,0,0,40,0,0,16,5,60,1,1,48,13,3,7,9,74,6,0,0,0,0,79,0,0,73,0,0,76,0,93,39,110,0,0,0,0,0,0,0,91,44,0,0,0,0,0,0,0,0,91,106,84,87,47,100,87,45,87,86,0,0,0,0,38,108,0,0,0,0,0,0,0,0,0,0,0,0,0,0,0,0,0,66,56,68,56,63,59,66,55,73,48,71,49,67,52
Early Voting,0058,NORTH CHATTANOOGA B,1159,127,49,72,6,23,10,15,43,39,0,0,0,0,0,0,0,39,0,0,39,0,0,12,5,48,1,3,42,13,6,4,3,58,9,0,0,0,0,65,0,0,64,0,0,63,0,74,37,89,0,0,0,0,0,0,0,82,38,0,0,0,0,0,0,0,0,80,90,72,74,47,78,76,48,65,76,0,0,0,0,37,89,0,0,0,0,0,0,0,0,0,0,0,0,0,0,0,0,0,65,42,65,39,64,38,60,42,66,35,61,39,58,44
Absentee,0058,NORTH CHATTANOOGA B,1159,0,0,0,0,0,0,0,0,0,0,0,0,0,0,0,0,0,0,0,0,0,0,0,0,0,0,0,0,0,0,0,0,0,0,0,0,0,0,0,0,0,0,0,0,0,0,0,0,0,0,0,0,0,0,0,0,0,0,0,0,0,0,0,0,0,0,0,0,0,0,0,0,0,0,0,0,0,0,0,0,0,0,0,0,0,0,0,0,0,0,0,0,0,0,0,0,0,0,0,0,0,0,0,0,0,0,0,0,0,0,0,0,0
Provisional,0058,NORTH CHATTANOOGA B,1159,1,1,0,0,1,0,0,1,1,0,0,0,0,0,0,0,0,0,0,0,0,0,0,0,0,0,0,0,0,0,0,0,0,0,0,0,0,0,0,0,0,0,0,0,0,0,0,1,0,0,0,0,0,0,0,0,0,0,0,0,0,0,0,0,0,0,1,0,0,0,0,0,0,0,0,0,0,0,0,0,0,0,0,0,0,0,0,0,0,0,0,0,0,0,0,0,0,0,0,0,0,0,0,0,0,0,0,0,0,0,0,0,0
Military & Overseas,0058,NORTH CHATTANOOGA B,1159,0,0,0,0,0,0,0,0,0,0,0,0,0,0,0,0,0,0,0,0,0,0,0,0,0,0,0,0,0,0,0,0,0,0,0,0,0,0,0,0,0,0,0,0,0,0,0,0,0,0,0,0,0,0,0,0,0,0,0,0,0,0,0,0,0,0,0,0,0,0,0,0,0,0,0,0,0,0,0,0,0,0,0,0,0,0,0,0,0,0,0,0,0,0,0,0,0,0,0,0,0,0,0,0,0,0,0,0,0,0,0,0,0
Nursing Home,0058,NORTH CHATTANOOGA B,1159,2,1,1,0,1,0,0,1,1,0,0,0,0,0,0,0,1,0,0,1,0,0,0,0,0,0,1,0,0,0,0,1,1,0,0,0,0,0,1,0,0,1,0,0,1,0,1,1,1,0,0,0,0,0,0,0,0,1,0,0,0,0,0,0,0,0,1,1,1,1,1,0,1,1,1,1,0,0,0,0,1,1,0,0,0,0,0,0,0,0,0,0,0,0,0,0,0,0,0,1,1,1,1,1,1,1,1,1,1,1,1,1,1
Election Day,0059,NORTHGATE,2942,387,212,147,28,94,35,82,188,185,189,190,0,0,0,0,0,0,89,91,0,126,46,25,12,87,5,10,79,29,7,7,13,106,28,117,58,68,0,0,0,0,0,58,69,0,111,259,208,169,0,0,0,0,275,0,0,0,0,0,0,0,0,0,0,0,0,271,299,269,261,187,157,242,168,160,244,140,163,51,0,0,0,0,0,0,0,0,0,0,0,0,0,0,0,0,0,0,0,0,201,104,208,99,200,97,195,99,218,77,215,82,202,97
Early Voting,0059,NORTHGATE,2942,432,261,162,9,126,40,84,228,217,229,230,0,0,0,0,0,0,88,139,0,147,48,26,5,112,2,12,78,31,17,13,13,126,27,124,66,67,0,0,0,0,0,57,74,0,121,265,233,190,0,0,0,0,289,0,0,0,0,0,0,0,0,0,0,0,0,286,309,283,284,231,185,280,232,150,282,192,178,47,0,0,0,0,0,0,0,0,0,0,0,0,0,0,0,0,0,0,0,0,257,85,253,89,247,84,244,86,256,78,256,82,242,88
Absentee,0059,NORTHGATE,2942,21,5,11,5,2,1,2,3,3,3,3,0,0,0,0,0,0,1,3,0,3,1,2,0,7,2,0,9,2,0,0,0,10,1,9,5,4,0,0,0,0,0,3,6,0,9,6,7,13,0,0,0,0,7,0,0,0,0,0,0,0,0,0,0,0,0,7,13,7,7,6,14,6,6,12,6,6,15,0,0,0,0,0,0,0,0,0,0,0,0,0,0,0,0,0,0,0,0,0,11,7,12,7,12,6,12,6,13,5,12,6,13,5
Provisional,0059,NORTHGATE,2942,0,0,0,0,0,0,0,0,0,0,0,0,0,0,0,0,0,0,0,0,0,0,0,0,0,0,0,0,0,0,0,0,0,0,0,0,0,0,0,0,0,0,0,0,0,0,0,0,0,0,0,0,0,0,0,0,0,0,0,0,0,0,0,0,0,0,0,0,0,0,0,0,0,0,0,0,0,0,0,0,0,0,0,0,0,0,0,0,0,0,0,0,0,0,0,0,0,0,0,0,0,0,0,0,0,0,0,0,0,0,0,0,0
Military & Overseas,0059,NORTHGATE,2942,0,0,0,0,0,0,0,0,0,0,0,0,0,0,0,0,0,0,0,0,0,0,0,0,0,0,0,0,0,0,0,0,0,0,0,0,0,0,0,0,0,0,0,0,0,0,0,0,0,0,0,0,0,0,0,0,0,0,0,0,0,0,0,0,0,0,0,0,0,0,0,0,0,0,0,0,0,0,0,0,0,0,0,0,0,0,0,0,0,0,0,0,0,0,0,0,0,0,0,0,0,0,0,0,0,0,0,0,0,0,0,0,0
Nursing Home,0059,NORTHGATE,2942,14,12,2,0,9,0,2,12,12,12,12,0,0,0,0,0,0,5,4,0,6,5,0,0,1,0,1,0,1,1,0,0,1,1,2,1,1,0,0,0,0,0,1,1,0,2,12,11,2,0,0,0,0,14,0,0,0,0,0,0,0,0,0,0,0,0,14,12,13,13,11,3,13,6,6,13,7,3,1,0,0,0,0,0,0,0,0,0,0,0,0,0,0,0,0,0,0,0,0,8,2,9,1,8,1,9,2,8,1,8,2,9,1
Election Day,0060,NORTHSHORE,3087,672,206,404,62,70,30,101,171,157,170,143,14,15,0,0,0,0,78,75,0,98,44,54,22,277,10,14,241,71,23,11,29,338,39,318,119,127,80,0,0,0,0,146,172,0,310,365,173,494,0,0,0,0,0,0,0,487,147,0,0,0,0,0,0,0,0,376,482,356,359,184,414,320,204,344,326,0,0,0,0,126,485,0,0,0,0,0,0,0,0,0,0,0,0,0,0,0,0,0,291,205,307,187,287,189,281,189,319,155,320,160,280,197
Early Voting,0060,NORTHSHORE,3087,607,213,379,15,98,24,88,186,176,183,146,22,18,0,0,0,0,88,83,0,115,41,37,11,295,9,8,201,77,22,18,27,312,39,297,140,111,57,0,0,0,0,133,166,0,292,322,192,400,0,0,0,0,0,0,0,426,128,0,0,0,0,0,0,0,0,330,400,304,303,206,381,307,215,298,305,0,0,0,0,164,437,0,0,0,0,0,0,0,0,0,0,0,0,0,0,0,0,0,284,190,290,179,277,188,277,188,303,161,308,156,274,188
Absentee,0060,NORTHSHORE,3087,25,8,13,4,5,0,2,6,4,4,4,0,1,0,0,0,0,1,2,0,1,1,1,0,11,0,0,5,4,0,1,2,8,4,8,3,6,0,0,0,0,0,4,5,0,8,8,7,17,0,0,0,0,0,0,0,19,3,0,0,0,0,0,0,0,0,10,8,9,8,9,16,7,6,14,7,0,0,0,0,4,20,0,0,0,0,0,0,0,0,0,0,0,0,0,0,0,0,0,9,9,9,9,9,9,9,8,9,8,9,8,9,7
Provisional,0060,NORTHSHORE,3087,0,0,0,0,0,0,0,0,0,0,0,0,0,0,0,0,0,0,0,0,0,0,0,0,0,0,0,0,0,0,0,0,0,0,0,0,0,0,0,0,0,0,0,0,0,0,0,0,0,0,0,0,0,0,0,0,0,0,0,0,0,0,0,0,0,0,0,0,0,0,0,0,0,0,0,0,0,0,0,0,0,0,0,0,0,0,0,0,0,0,0,0,0,0,0,0,0,0,0,0,0,0,0,0,0,0,0,0,0,0,0,0,0
Military & Overseas,0060,NORTHSHORE,3087,0,0,0,0,0,0,0,0,0,0,0,0,0,0,0,0,0,0,0,0,0,0,0,0,0,0,0,0,0,0,0,0,0,0,0,0,0,0,0,0,0,0,0,0,0,0,0,0,0,0,0,0,0,0,0,0,0,0,0,0,0,0,0,0,0,0,0,0,0,0,0,0,0,0,0,0,0,0,0,0,0,0,0,0,0,0,0,0,0,0,0,0,0,0,0,0,0,0,0,0,0,0,0,0,0,0,0,0,0,0,0,0,0
Nursing Home,0060,NORTHSHORE,3087,4,2,2,0,2,0,0,0,1,0,0,0,0,0,0,0,0,0,0,0,0,0,0,0,0,1,0,0,0,1,0,0,0,1,1,0,1,0,0,0,0,0,0,1,0,1,1,2,2,0,0,0,0,0,0,0,2,1,0,0,0,0,0,0,0,0,1,1,1,1,2,1,1,1,1,2,0,0,0,0,2,0,0,0,0,0,0,0,0,0,0,0,0,0,0,0,0,0,0,2,0,1,0,1,0,1,0,1,0,1,0,0,1
Election Day,0061,NORTHWOODS,3617,545,292,230,23,124,78,86,251,248,253,0,91,191,0,0,0,0,158,92,0,171,61,43,13,148,12,6,129,34,16,13,20,166,40,176,0,0,178,0,0,0,0,92,89,0,177,350,262,277,0,0,269,258,0,0,0,0,0,0,0,0,0,0,0,0,0,363,402,353,346,258,246,336,257,216,336,0,0,0,0,0,0,0,0,0,0,0,0,0,0,0,0,0,0,0,0,0,0,0,279,154,288,151,276,161,280,154,296,137,294,141,273,163
Early Voting,0061,NORTHWOODS,3617,616,303,297,16,141,61,98,270,254,258,0,100,196,0,0,0,0,139,128,0,164,77,62,7,195,9,17,150,44,22,24,36,231,39,235,0,0,229,0,0,0,0,129,106,0,223,377,275,327,0,0,273,320,0,0,0,0,0,0,0,0,0,0,0,0,0,371,439,376,367,282,317,363,278,271,359,0,0,0,0,0,0,0,0,0,0,0,0,0,0,0,0,0,0,0,0,0,0,0,337,161,321,174,311,177,314,174,341,150,341,148,311,176
Absentee,0061,NORTHWOODS,3617,19,8,7,4,6,0,2,7,7,7,0,3,5,0,0,0,0,1,3,0,3,0,1,2,1,1,0,4,2,0,0,0,5,1,5,0,0,5,0,0,0,0,3,2,0,4,13,10,9,0,0,10,9,0,0,0,0,0,0,0,0,0,0,0,0,0,14,14,12,13,10,7,12,8,8,13,0,0,0,0,0,0,0,0,0,0,0,0,0,0,0,0,0,0,0,0,0,0,0,11,4,9,6,11,4,10,5,11,4,10,4,11,3
Provisional,0061,NORTHWOODS,3617,0,0,0,0,0,0,0,0,0,0,0,0,0,0,0,0,0,0,0,0,0,0,0,0,0,0,0,0,0,0,0,0,0,0,0,0,0,0,0,0,0,0,0,0,0,0,0,0,0,0,0,0,0,0,0,0,0,0,0,0,0,0,0,0,0,0,0,0,0,0,0,0,0,0,0,0,0,0,0,0,0,0,0,0,0,0,0,0,0,0,0,0,0,0,0,0,0,0,0,0,0,0,0,0,0,0,0,0,0,0,0,0,0
Military & Overseas,0061,NORTHWOODS,3617,2,0,2,0,0,0,0,0,0,0,0,0,0,0,0,0,0,0,0,0,0,0,0,0,2,0,0,1,1,0,0,0,2,0,2,0,0,2,0,0,0,0,2,0,0,2,0,0,2,0,0,0,2,0,0,0,0,0,0,0,0,0,0,0,0,0,0,0,0,0,0,2,0,0,0,0,0,0,0,0,0,0,0,0,0,0,0,0,0,0,0,0,0,0,0,0,0,0,0,0,2,0,2,0,2,0,2,0,2,0,2,0,2
Nursing Home,0061,NORTHWOODS,3617,5,3,2,0,2,0,1,3,3,3,0,2,1,0,0,0,0,3,0,0,2,0,0,1,1,0,0,0,1,0,1,0,0,2,2,0,0,2,0,0,0,0,0,1,0,2,3,3,2,0,0,3,2,0,0,0,0,0,0,0,0,0,0,0,0,0,4,3,4,4,3,2,4,4,0,4,0,0,0,0,0,0,0,0,0,0,0,0,0,0,0,0,0,0,0,0,0,0,0,4,0,4,0,4,0,4,0,4,0,4,0,4,0
Election Day,0062,OOLTEWAH,4939,485,348,117,20,189,61,92,324,315,323,0,0,0,0,328,0,0,194,90,0,205,67,23,10,76,1,7,60,26,7,7,15,88,22,99,0,0,0,0,100,1,0,50,52,0,96,377,325,149,0,0,0,0,0,0,0,0,0,0,0,0,0,0,394,0,0,391,404,390,391,319,141,377,306,141,379,0,0,0,0,0,0,0,0,0,0,65,0,0,0,0,0,0,0,0,0,0,0,0,303,96,309,90,301,93,298,93,324,71,312,81,300,94
Early Voting,0062,OOLTEWAH,4939,602,440,155,7,259,49,122,419,406,413,0,0,0,0,424,0,0,221,154,0,260,97,25,4,115,2,6,80,24,15,9,18,110,31,128,0,0,0,0,131,0,0,64,69,0,126,463,403,176,0,0,0,0,0,0,0,0,0,0,0,0,0,0,482,0,0,494,516,483,469,415,164,472,396,169,473,0,0,0,0,0,0,0,0,0,0,122,0,0,0,0,0,0,0,0,0,0,0,0,389,118,394,114,380,120,378,122,390,109,400,101,379,119
Absentee,0062,OOLTEWAH,4939,12,9,3,0,7,0,2,9,9,9,0,0,0,0,9,0,0,7,2,0,4,5,0,1,2,0,0,0,1,1,0,1,2,1,3,0,0,0,0,3,0,0,1,2,0,3,11,9,3,0,0,0,0,0,0,0,0,0,0,0,0,0,0,10,0,0,10,11,10,10,10,2,10,9,2,10,0,0,0,0,0,0,0,0,0,0,2,0,0,0,0,0,0,0,0,0,0,0,0,9,2,9,2,9,2,9,2,9,2,9,2,9,2
Provisional,0062,OOLTEWAH,4939,0,0,0,0,0,0,0,0,0,0,0,0,0,0,0,0,0,0,0,0,0,0,0,0,0,0,0,0,0,0,0,0,0,0,0,0,0,0,0,0,0,0,0,0,0,0,0,0,0,0,0,0,0,0,0,0,0,0,0,0,0,0,0,0,0,0,0,0,0,0,0,0,0,0,0,0,0,0,0,0,0,0,0,0,0,0,0,0,0,0,0,0,0,0,0,0,0,0,0,0,0,0,0,0,0,0,0,0,0,0,0,0,0
Military & Overseas,0062,OOLTEWAH,4939,3,0,3,0,0,0,0,0,0,0,0,0,0,0,0,0,0,0,0,0,0,0,2,0,1,0,0,3,0,0,0,0,2,1,3,0,0,0,0,3,0,0,1,2,0,3,2,0,3,0,0,0,0,0,0,0,0,0,0,0,0,0,0,2,0,0,2,3,1,2,0,3,2,1,2,2,0,0,0,0,0,0,0,0,0,0,0,0,0,0,0,0,0,0,0,0,0,0,0,1,1,0,2,1,1,1,1,2,0,1,1,2,0
Nursing Home,0062,OOLTEWAH,4939,1,1,0,0,0,0,0,1,1,1,0,0,0,0,0,0,0,0,1,0,0,1,0,0,0,0,0,0,0,0,0,0,0,0,0,0,0,0,0,0,0,0,0,0,0,0,1,0,0,0,0,0,0,0,0,0,0,0,0,0,0,0,0,1,0,0,1,0,1,1,1,0,1,0,0,1,0,0,0,0,0,0,0,0,0,0,0,0,0,0,0,0,0,0,0,0,0,0,0,0,0,0,1,0,1,0,1,0,1,0,1,0,1
Election Day,0063,OOLTEWAH GEORGETOWN,2429,295,235,54,6,117,53,62,217,213,213,0,0,0,0,216,0,0,112,77,0,140,37,8,6,30,1,6,21,15,12,2,4,37,15,48,0,0,0,0,48,0,0,21,29,0,47,232,231,58,0,0,0,0,0,0,0,0,0,0,0,0,0,0,249,0,0,247,242,247,235,196,48,215,187,50,213,0,0,0,0,0,0,0,0,0,0,0,0,0,0,0,0,0,0,0,0,0,0,0,159,45,162,44,163,43,160,44,164,40,155,49,157,46
Early Voting,0063,OOLTEWAH GEORGETOWN,2429,298,247,49,2,123,32,90,237,231,231,0,0,0,0,238,0,0,118,94,0,162,47,7,1,31,4,4,30,4,5,4,4,33,13,31,0,0,0,0,37,0,0,14,23,0,32,240,230,55,0,0,0,0,0,0,0,0,0,0,0,0,0,0,252,0,0,256,240,250,244,234,58,242,221,60,251,0,0,0,0,0,0,0,0,0,0,0,0,0,0,0,0,0,0,0,0,0,0,0,201,45,202,49,199,49,199,49,200,47,204,43,205,43
Absentee,0063,OOLTEWAH GEORGETOWN,2429,12,3,2,7,3,0,0,3,3,3,0,0,0,0,2,0,0,1,2,0,3,0,0,0,0,0,0,0,2,0,0,0,0,0,2,0,0,0,0,0,0,0,0,0,0,0,10,10,2,0,0,0,0,0,0,0,0,0,0,0,0,0,0,10,0,0,10,11,12,9,7,3,11,9,2,12,0,0,0,0,0,0,0,0,0,0,0,0,0,0,0,0,0,0,0,0,0,0,0,8,2,6,5,7,3,5,5,8,1,5,6,7,4
Provisional,0063,OOLTEWAH GEORGETOWN,2429,0,0,0,0,0,0,0,0,0,0,0,0,0,0,0,0,0,0,0,0,0,0,0,0,0,0,0,0,0,0,0,0,0,0,0,0,0,0,0,0,0,0,0,0,0,0,0,0,0,0,0,0,0,0,0,0,0,0,0,0,0,0,0,0,0,0,0,0,0,0,0,0,0,0,0,0,0,0,0,0,0,0,0,0,0,0,0,0,0,0,0,0,0,0,0,0,0,0,0,0,0,0,0,0,0,0,0,0,0,0,0,0,0
Military & Overseas,0063,OOLTEWAH GEORGETOWN,2429,0,0,0,0,0,0,0,0,0,0,0,0,0,0,0,0,0,0,0,0,0,0,0,0,0,0,0,0,0,0,0,0,0,0,0,0,0,0,0,0,0,0,0,0,0,0,0,0,0,0,0,0,0,0,0,0,0,0,0,0,0,0,0,0,0,0,0,0,0,0,0,0,0,0,0,0,0,0,0,0,0,0,0,0,0,0,0,0,0,0,0,0,0,0,0,0,0,0,0,0,0,0,0,0,0,0,0,0,0,0,0,0,0
Nursing Home,0063,OOLTEWAH GEORGETOWN,2429,0,0,0,0,0,0,0,0,0,0,0,0,0,0,0,0,0,0,0,0,0,0,0,0,0,0,0,0,0,0,0,0,0,0,0,0,0,0,0,0,0,0,0,0,0,0,0,0,0,0,0,0,0,0,0,0,0,0,0,0,0,0,0,0,0,0,0,0,0,0,0,0,0,0,0,0,0,0,0,0,0,0,0,0,0,0,0,0,0,0,0,0,0,0,0,0,0,0,0,0,0,0,0,0,0,0,0,0,0,0,0,0,0
Election Day,0064,OOLTEWAH RINGGOLD,5265,597,401,161,35,191,69,137,372,367,0,0,0,0,0,244,125,360,0,0,354,0,0,29,10,105,2,8,88,32,8,9,17,118,28,0,0,0,0,0,92,42,130,0,0,135,0,455,371,214,0,0,0,0,0,0,0,0,0,357,225,0,0,0,0,0,0,458,505,461,460,387,193,455,364,189,437,0,0,0,0,0,0,0,0,0,0,0,0,0,0,0,0,0,0,0,0,0,0,0,362,127,370,121,365,119,366,117,380,106,376,106,361,122
Early Voting,0064,OOLTEWAH RINGGOLD,5265,728,511,204,13,265,68,170,480,466,0,0,0,0,0,291,186,456,0,0,449,0,0,38,12,132,6,6,118,31,21,10,13,144,46,0,0,0,0,0,121,55,165,0,0,174,0,563,487,228,0,0,0,0,0,0,0,0,0,450,256,0,0,0,0,0,0,570,619,572,567,496,214,565,491,200,564,0,0,0,0,0,0,0,0,0,0,0,0,0,0,0,0,0,0,0,0,0,0,0,490,154,492,152,493,147,486,150,507,131,504,134,477,161
Absentee,0064,OOLTEWAH RINGGOLD,5265,19,9,8,2,5,2,2,9,7,0,0,0,0,0,8,1,5,0,0,6,0,0,0,0,7,0,0,2,5,1,0,0,6,1,0,0,0,0,0,3,2,6,0,0,7,0,12,11,8,0,0,0,0,0,0,0,0,0,9,10,0,0,0,0,0,0,13,13,11,10,10,9,9,10,7,9,0,0,0,0,0,0,0,0,0,0,0,0,0,0,0,0,0,0,0,0,0,0,0,12,3,12,2,11,3,11,4,12,3,11,4,12,2
Provisional,0064,OOLTEWAH RINGGOLD,5265,0,0,0,0,0,0,0,0,0,0,0,0,0,0,0,0,0,0,0,0,0,0,0,0,0,0,0,0,0,0,0,0,0,0,0,0,0,0,0,0,0,0,0,0,0,0,0,0,0,0,0,0,0,0,0,0,0,0,0,0,0,0,0,0,0,0,0,0,0,0,0,0,0,0,0,0,0,0,0,0,0,0,0,0,0,0,0,0,0,0,0,0,0,0,0,0,0,0,0,0,0,0,0,0,0,0,0,0,0,0,0,0,0
Military & Overseas,0064,OOLTEWAH RINGGOLD,5265,1,1,0,0,1,0,0,1,1,0,0,0,0,0,0,1,1,0,0,1,0,0,0,0,0,0,0,0,0,0,0,0,0,0,0,0,0,0,0,0,0,0,0,0,0,0,1,1,0,0,0,0,0,0,0,0,0,0,1,0,0,0,0,0,0,0,1,1,1,1,1,0,1,1,0,1,0,0,0,0,0,0,0,0,0,0,0,0,0,0,0,0,0,0,0,0,0,0,0,1,0,1,0,1,0,1,0,1,0,1,0,1,0
Nursing Home,0064,OOLTEWAH RINGGOLD,5265,3,2,1,0,2,0,0,2,2,0,0,0,0,0,2,0,2,0,0,2,0,0,0,0,1,0,0,0,0,0,0,1,1,0,0,0,0,0,0,0,0,0,0,0,0,0,2,3,0,0,0,0,0,0,0,0,0,0,2,1,0,0,0,0,0,0,2,1,2,2,3,0,2,2,1,2,0,0,0,0,0,0,0,0,0,0,0,0,0,0,0,0,0,0,0,0,0,0,0,2,0,2,0,2,0,2,0,2,0,2,0,2,0
Election Day,0065,PLEASANT GROVE A,3305,533,382,128,23,197,61,118,353,339,351,348,0,0,0,0,0,0,199,133,0,241,79,13,5,86,10,6,57,29,16,4,13,97,24,103,56,51,0,0,0,0,0,50,59,0,109,414,350,172,0,0,0,0,425,0,0,0,0,0,0,0,0,0,0,0,0,420,451,417,414,339,147,404,337,137,402,279,144,71,0,0,0,0,0,0,0,0,0,0,0,0,0,0,0,0,0,0,0,0,329,93,327,93,318,97,318,95,329,88,336,85,323,96
Early Voting,0065,PLEASANT GROVE A,3305,528,342,171,15,160,60,119,314,298,315,312,0,0,0,0,0,0,115,187,0,200,86,21,4,123,3,12,84,34,15,18,7,124,33,145,80,68,0,0,0,0,0,58,90,0,139,372,325,192,0,0,0,0,383,0,0,0,0,0,0,0,0,0,0,0,0,392,425,388,388,316,196,381,306,175,384,267,192,56,0,0,0,0,0,0,0,0,0,0,0,0,0,0,0,0,0,0,0,0,341,113,340,113,343,108,332,116,342,108,350,101,334,113
Absentee,0065,PLEASANT GROVE A,3305,11,10,1,0,6,0,4,10,10,10,10,0,0,0,0,0,0,3,7,0,4,5,0,0,0,0,0,0,0,0,0,0,0,0,0,0,0,0,0,0,0,0,0,0,0,0,10,9,2,0,0,0,0,10,0,0,0,0,0,0,0,0,0,0,0,0,10,10,10,10,10,1,10,10,1,10,10,1,0,0,0,0,0,0,0,0,0,0,0,0,0,0,0,0,0,0,0,0,0,8,1,8,1,8,1,8,1,8,1,8,1,8,1
Provisional,0065,PLEASANT GROVE A,3305,0,0,0,0,0,0,0,0,0,0,0,0,0,0,0,0,0,0,0,0,0,0,0,0,0,0,0,0,0,0,0,0,0,0,0,0,0,0,0,0,0,0,0,0,0,0,0,0,0,0,0,0,0,0,0,0,0,0,0,0,0,0,0,0,0,0,0,0,0,0,0,0,0,0,0,0,0,0,0,0,0,0,0,0,0,0,0,0,0,0,0,0,0,0,0,0,0,0,0,0,0,0,0,0,0,0,0,0,0,0,0,0,0
Military & Overseas,0065,PLEASANT GROVE A,3305,0,0,0,0,0,0,0,0,0,0,0,0,0,0,0,0,0,0,0,0,0,0,0,0,0,0,0,0,0,0,0,0,0,0,0,0,0,0,0,0,0,0,0,0,0,0,0,0,0,0,0,0,0,0,0,0,0,0,0,0,0,0,0,0,0,0,0,0,0,0,0,0,0,0,0,0,0,0,0,0,0,0,0,0,0,0,0,0,0,0,0,0,0,0,0,0,0,0,0,0,0,0,0,0,0,0,0,0,0,0,0,0,0
Nursing Home,0065,PLEASANT GROVE A,3305,1,0,0,1,0,0,0,0,0,0,0,0,0,0,0,0,0,0,0,0,0,0,0,0,0,0,0,0,0,0,0,0,0,0,0,0,0,0,0,0,0,0,0,0,0,0,1,1,0,0,0,0,0,1,0,0,0,0,0,0,0,0,0,0,0,0,1,1,1,1,0,0,1,0,0,1,0,0,0,0,0,0,0,0,0,0,0,0,0,0,0,0,0,0,0,0,0,0,0,0,0,1,0,1,0,0,0,0,0,1,0,1,0
Election Day,0066,PLEASANT GROVE B,256,48,32,16,0,12,11,9,31,30,29,29,0,0,0,0,0,0,12,15,0,20,7,4,0,10,1,0,8,1,1,2,3,13,2,16,8,7,0,0,0,0,0,8,5,0,13,32,29,19,27,18,0,0,0,0,0,0,0,0,0,0,0,0,0,0,0,36,40,33,38,29,14,37,27,16,38,0,0,0,0,0,0,0,0,0,0,0,0,0,0,0,0,0,0,0,0,0,0,0,29,8,26,11,31,6,29,8,30,7,32,5,27,10
Early Voting,0066,PLEASANT GROVE B,256,33,14,19,0,6,1,6,13,12,13,12,0,0,0,0,0,0,8,5,0,9,1,7,2,7,0,0,13,1,2,0,2,16,2,17,8,10,0,0,0,0,0,7,10,0,15,19,12,20,14,18,0,0,0,0,0,0,0,0,0,0,0,0,0,0,0,18,29,20,19,15,17,17,11,19,19,0,0,0,0,0,0,0,0,0,0,0,0,0,0,0,0,0,0,0,0,0,0,0,18,11,18,10,19,10,20,9,21,8,17,11,18,10
Absentee,0066,PLEASANT GROVE B,256,3,1,1,1,0,1,0,1,1,1,1,0,0,0,0,0,0,0,0,0,0,0,0,1,0,0,0,1,0,0,0,0,1,0,1,1,0,0,0,0,0,0,0,1,0,1,1,2,1,2,1,0,0,0,0,0,0,0,0,0,0,0,0,0,0,0,2,2,1,1,1,1,1,0,2,1,0,0,0,0,0,0,0,0,0,0,0,0,0,0,0,0,0,0,0,0,0,0,0,1,1,1,1,1,1,2,0,2,0,2,0,1,1
Provisional,0066,PLEASANT GROVE B,256,0,0,0,0,0,0,0,0,0,0,0,0,0,0,0,0,0,0,0,0,0,0,0,0,0,0,0,0,0,0,0,0,0,0,0,0,0,0,0,0,0,0,0,0,0,0,0,0,0,0,0,0,0,0,0,0,0,0,0,0,0,0,0,0,0,0,0,0,0,0,0,0,0,0,0,0,0,0,0,0,0,0,0,0,0,0,0,0,0,0,0,0,0,0,0,0,0,0,0,0,0,0,0,0,0,0,0,0,0,0,0,0,0
Military & Overseas,0066,PLEASANT GROVE B,256,0,0,0,0,0,0,0,0,0,0,0,0,0,0,0,0,0,0,0,0,0,0,0,0,0,0,0,0,0,0,0,0,0,0,0,0,0,0,0,0,0,0,0,0,0,0,0,0,0,0,0,0,0,0,0,0,0,0,0,0,0,0,0,0,0,0,0,0,0,0,0,0,0,0,0,0,0,0,0,0,0,0,0,0,0,0,0,0,0,0,0,0,0,0,0,0,0,0,0,0,0,0,0,0,0,0,0,0,0,0,0,0,0
Nursing Home,0066,PLEASANT GROVE B,256,0,0,0,0,0,0,0,0,0,0,0,0,0,0,0,0,0,0,0,0,0,0,0,0,0,0,0,0,0,0,0,0,0,0,0,0,0,0,0,0,0,0,0,0,0,0,0,0,0,0,0,0,0,0,0,0,0,0,0,0,0,0,0,0,0,0,0,0,0,0,0,0,0,0,0,0,0,0,0,0,0,0,0,0,0,0,0,0,0,0,0,0,0,0,0,0,0,0,0,0,0,0,0,0,0,0,0,0,0,0,0,0,0
Election Day,0067,POSSUM CREEK,3406,520,423,78,19,223,89,105,397,389,393,375,3,11,0,0,0,0,244,129,0,269,82,9,6,49,4,5,36,16,8,6,8,58,13,66,40,27,0,0,0,0,0,33,34,0,67,439,408,104,411,101,0,0,0,0,0,0,0,0,0,0,0,0,0,0,0,452,447,457,449,399,103,442,383,103,444,0,0,0,0,0,0,0,0,0,0,0,0,0,0,0,0,0,0,0,0,0,0,0,368,78,357,89,356,89,357,87,361,85,358,87,360,86
Early Voting,0067,POSSUM CREEK,3406,616,506,108,2,272,72,154,472,469,476,459,3,15,0,0,0,0,252,202,0,335,99,13,9,76,2,4,48,25,10,8,10,86,17,88,55,37,0,0,0,0,0,41,49,0,89,508,479,131,485,125,0,0,0,0,0,0,0,0,0,0,0,0,0,0,0,530,525,515,511,477,124,516,459,124,515,0,0,0,0,0,0,0,0,0,0,0,0,0,0,0,0,0,0,0,0,0,0,0,421,100,419,99,419,96,418,95,423,95,430,86,420,97
Absentee,0067,POSSUM CREEK,3406,14,6,8,0,6,0,0,6,6,6,5,0,0,0,0,0,0,2,2,0,3,1,0,0,8,0,0,6,2,0,0,0,6,2,8,8,0,0,0,0,0,0,0,6,0,6,9,6,6,8,6,0,0,0,0,0,0,0,0,0,0,0,0,0,0,0,8,12,8,8,6,6,8,6,6,8,0,0,0,0,0,0,0,0,0,0,0,0,0,0,0,0,0,0,0,0,0,0,0,6,2,5,3,5,1,6,0,6,0,6,0,6,2
Provisional,0067,POSSUM CREEK,3406,0,0,0,0,0,0,0,0,0,0,0,0,0,0,0,0,0,0,0,0,0,0,0,0,0,0,0,0,0,0,0,0,0,0,0,0,0,0,0,0,0,0,0,0,0,0,0,0,0,0,0,0,0,0,0,0,0,0,0,0,0,0,0,0,0,0,0,0,0,0,0,0,0,0,0,0,0,0,0,0,0,0,0,0,0,0,0,0,0,0,0,0,0,0,0,0,0,0,0,0,0,0,0,0,0,0,0,0,0,0,0,0,0
Military & Overseas,0067,POSSUM CREEK,3406,0,0,0,0,0,0,0,0,0,0,0,0,0,0,0,0,0,0,0,0,0,0,0,0,0,0,0,0,0,0,0,0,0,0,0,0,0,0,0,0,0,0,0,0,0,0,0,0,0,0,0,0,0,0,0,0,0,0,0,0,0,0,0,0,0,0,0,0,0,0,0,0,0,0,0,0,0,0,0,0,0,0,0,0,0,0,0,0,0,0,0,0,0,0,0,0,0,0,0,0,0,0,0,0,0,0,0,0,0,0,0,0,0
Nursing Home,0067,POSSUM CREEK,3406,0,0,0,0,0,0,0,0,0,0,0,0,0,0,0,0,0,0,0,0,0,0,0,0,0,0,0,0,0,0,0,0,0,0,0,0,0,0,0,0,0,0,0,0,0,0,0,0,0,0,0,0,0,0,0,0,0,0,0,0,0,0,0,0,0,0,0,0,0,0,0,0,0,0,0,0,0,0,0,0,0,0,0,0,0,0,0,0,0,0,0,0,0,0,0,0,0,0,0,0,0,0,0,0,0,0,0,0,0,0,0,0,0
Election Day,0068,RED BANK A,3123,624,226,353,45,80,58,81,195,190,0,0,105,115,0,0,0,181,0,0,177,0,0,52,19,236,23,8,205,66,23,24,18,275,55,0,0,0,293,0,0,0,278,0,0,289,0,369,193,423,0,0,0,0,0,0,0,405,184,0,0,0,0,0,0,0,0,370,442,370,374,241,362,369,237,320,367,0,0,0,0,188,418,0,0,0,0,0,0,0,0,0,0,0,0,0,0,259,98,213,281,212,292,206,278,215,276,214,313,180,303,188,279,215
Early Voting,0068,RED BANK A,3123,404,125,262,17,56,23,40,100,97,0,0,68,53,0,0,0,96,0,0,98,0,0,41,11,185,9,3,152,39,9,19,25,212,26,0,1,0,214,0,0,0,205,0,0,211,0,188,103,294,0,0,0,0,0,0,0,285,103,0,0,0,0,0,0,0,0,191,267,185,188,112,271,184,123,218,187,0,0,0,0,94,301,0,0,0,0,0,0,0,0,0,0,0,0,0,0,130,60,191,154,172,173,156,166,155,164,160,198,126,193,135,165,163
Absentee,0068,RED BANK A,3123,11,5,5,1,1,2,2,3,3,0,0,1,4,0,0,0,3,0,0,3,0,0,0,0,2,1,1,4,1,0,0,0,2,2,0,0,0,4,0,0,0,3,0,0,3,0,6,5,6,0,0,0,0,0,0,0,8,3,0,0,0,0,0,0,0,0,7,6,7,6,5,6,6,3,6,6,0,0,0,0,3,8,0,0,0,0,0,0,0,0,0,0,0,0,0,0,7,1,3,4,5,5,4,4,4,3,5,5,4,3,5,4,4
Provisional,0068,RED BANK A,3123,0,0,0,0,0,0,0,0,0,0,0,0,0,0,0,0,0,0,0,0,0,0,0,0,0,0,0,0,0,0,0,0,0,0,0,0,0,0,0,0,0,0,0,0,0,0,0,0,0,0,0,0,0,0,0,0,0,0,0,0,0,0,0,0,0,0,0,0,0,0,0,0,0,0,0,0,0,0,0,0,0,0,0,0,0,0,0,0,0,0,0,0,0,0,0,0,0,0,0,0,0,0,0,0,0,0,0,0,0,0,0,0,0
Military & Overseas,0068,RED BANK A,3123,1,0,1,0,0,0,0,0,0,0,0,0,0,0,0,0,0,0,0,0,0,0,0,0,0,0,0,0,0,0,0,0,0,0,0,0,0,0,0,0,0,0,0,0,0,0,1,1,0,0,0,0,0,0,0,0,1,0,0,0,0,0,0,0,0,0,1,1,1,1,1,0,1,0,0,0,0,0,0,0,0,1,0,0,0,0,0,0,0,0,0,0,0,0,0,0,1,0,0,0,0,0,0,0,0,0,0,0,0,0,0,0,0
Nursing Home,0068,RED BANK A,3123,0,0,0,0,0,0,0,0,0,0,0,0,0,0,0,0,0,0,0,0,0,0,0,0,0,0,0,0,0,0,0,0,0,0,0,0,0,0,0,0,0,0,0,0,0,0,0,0,0,0,0,0,0,0,0,0,0,0,0,0,0,0,0,0,0,0,0,0,0,0,0,0,0,0,0,0,0,0,0,0,0,0,0,0,0,0,0,0,0,0,0,0,0,0,0,0,0,0,0,0,0,0,0,0,0,0,0,0,0,0,0,0,0
Election Day,0069,RED BANK B,2405,529,260,221,48,96,58,102,226,224,223,0,101,152,0,0,0,0,144,78,0,129,73,44,20,142,3,8,134,32,10,15,24,189,23,187,0,0,181,0,0,0,0,110,80,0,176,323,226,298,0,0,0,0,0,0,0,295,186,0,0,0,0,0,0,0,0,344,390,332,332,243,266,331,242,231,335,0,0,0,0,222,292,0,0,0,0,0,0,0,0,0,0,0,0,0,0,234,82,175,243,163,253,160,238,167,242,161,261,144,263,143,234,175
Early Voting,0069,RED BANK B,2405,348,184,152,12,85,43,55,163,159,160,0,49,129,0,0,0,0,97,61,0,89,50,21,4,107,4,6,81,19,11,8,19,117,24,119,0,0,121,0,0,0,0,63,67,0,118,197,170,174,0,0,0,0,0,0,0,177,127,0,0,0,0,0,0,0,0,211,240,208,209,169,163,206,179,126,207,0,0,0,0,162,174,0,0,0,0,0,0,0,0,0,0,0,0,0,0,164,41,115,168,105,169,103,159,109,158,106,171,94,179,90,157,111
Absentee,0069,RED BANK B,2405,14,12,2,0,9,1,1,11,11,11,0,5,6,0,0,0,0,2,7,0,5,5,0,0,1,1,0,1,1,0,0,0,1,1,2,0,0,2,0,0,0,0,1,1,0,2,13,11,3,0,0,0,0,0,0,0,4,6,0,0,0,0,0,0,0,0,12,11,13,13,10,4,13,10,4,13,0,0,0,0,10,4,0,0,0,0,0,0,0,0,0,0,0,0,0,0,10,2,0,11,2,11,2,12,1,12,1,11,1,12,1,11,2
Provisional,0069,RED BANK B,2405,1,0,1,0,0,0,0,0,0,0,0,0,0,0,0,0,0,0,0,0,0,0,0,0,1,0,0,1,0,0,0,0,0,0,0,0,0,0,0,0,0,0,0,0,0,0,0,0,1,0,0,0,0,0,0,0,1,0,0,0,0,0,0,0,0,0,0,0,0,0,0,1,0,0,0,0,0,0,0,0,0,1,0,0,0,0,0,0,0,0,0,0,0,0,0,0,0,0,0,0,0,0,0,0,0,0,0,0,0,0,0,0,0
Military & Overseas,0069,RED BANK B,2405,1,0,0,1,0,0,0,0,0,0,0,0,0,0,0,0,0,0,0,0,0,0,0,0,0,0,0,0,0,0,0,0,0,0,0,0,0,0,0,0,0,0,0,0,0,0,0,0,1,0,0,0,0,0,0,0,1,0,0,0,0,0,0,0,0,0,0,0,0,0,0,1,0,0,1,0,0,0,0,0,0,1,0,0,0,0,0,0,0,0,0,0,0,0,0,0,0,1,0,0,1,0,1,0,1,0,1,0,1,0,1,0,1
Nursing Home,0069,RED BANK B,2405,3,2,1,0,2,0,0,2,2,2,0,1,1,0,0,0,0,2,0,0,2,0,1,0,0,0,0,1,0,0,0,0,0,0,1,0,0,0,0,0,0,0,1,0,0,1,2,2,1,0,0,0,0,0,0,0,1,1,0,0,0,0,0,0,0,0,2,3,2,2,3,0,1,1,1,1,0,0,0,0,2,1,0,0,0,0,0,0,0,0,0,0,0,0,0,0,0,2,0,1,1,2,0,2,0,2,0,2,0,2,0,2,0
Election Day,0070,RED BANK C,1850,407,200,194,13,78,55,57,178,170,178,0,67,125,0,0,0,0,111,60,0,112,50,36,12,121,7,3,98,30,16,17,20,134,38,149,1,0,147,0,0,0,0,77,81,0,145,265,177,225,0,0,0,0,0,0,0,239,127,0,0,0,0,0,0,0,0,275,298,269,265,188,195,264,193,161,266,0,0,0,0,162,231,0,0,0,0,0,0,0,0,0,0,0,0,0,0,197,41,141,223,112,226,112,224,113,216,121,234,98,240,96,216,118
Early Voting,0070,RED BANK C,1850,289,122,163,4,46,38,29,98,98,96,0,46,72,0,0,0,0,48,51,0,55,30,20,6,127,2,1,94,27,6,12,12,126,28,127,0,0,126,0,0,0,0,73,67,0,123,161,105,181,0,0,0,0,0,0,0,186,78,0,0,0,0,0,0,0,0,166,194,156,154,111,170,151,106,141,153,0,0,0,0,97,186,0,0,0,0,0,0,0,0,0,0,0,0,0,0,121,43,111,135,94,138,92,125,98,125,96,142,82,137,89,121,105
Absentee,0070,RED BANK C,1850,10,10,0,0,6,2,2,9,9,10,0,1,8,0,0,0,0,0,6,0,2,4,0,0,0,0,0,0,0,0,0,0,0,0,0,0,0,0,0,0,0,0,0,0,0,0,7,10,0,0,0,0,0,0,0,0,1,6,0,0,0,0,0,0,0,0,9,6,9,7,5,0,5,5,0,5,0,0,0,0,7,0,0,0,0,0,0,0,0,0,0,0,0,0,0,0,5,1,0,5,0,5,0,5,0,5,0,5,0,5,0,5,0
Provisional,0070,RED BANK C,1850,0,0,0,0,0,0,0,0,0,0,0,0,0,0,0,0,0,0,0,0,0,0,0,0,0,0,0,0,0,0,0,0,0,0,0,0,0,0,0,0,0,0,0,0,0,0,0,0,0,0,0,0,0,0,0,0,0,0,0,0,0,0,0,0,0,0,0,0,0,0,0,0,0,0,0,0,0,0,0,0,0,0,0,0,0,0,0,0,0,0,0,0,0,0,0,0,0,0,0,0,0,0,0,0,0,0,0,0,0,0,0,0,0
Military & Overseas,0070,RED BANK C,1850,0,0,0,0,0,0,0,0,0,0,0,0,0,0,0,0,0,0,0,0,0,0,0,0,0,0,0,0,0,0,0,0,0,0,0,0,0,0,0,0,0,0,0,0,0,0,0,0,0,0,0,0,0,0,0,0,0,0,0,0,0,0,0,0,0,0,0,0,0,0,0,0,0,0,0,0,0,0,0,0,0,0,0,0,0,0,0,0,0,0,0,0,0,0,0,0,0,0,0,0,0,0,0,0,0,0,0,0,0,0,0,0,0
Nursing Home,0070,RED BANK C,1850,4,3,1,0,1,0,1,2,2,2,0,2,0,0,0,0,0,1,0,0,1,0,0,0,0,1,0,0,0,1,0,0,1,0,1,0,0,1,0,0,0,0,1,0,0,1,1,3,1,0,0,0,0,0,0,0,4,0,0,0,0,0,0,0,0,0,3,3,2,2,2,2,2,1,1,2,0,0,0,0,2,2,0,0,0,0,0,0,0,0,0,0,0,0,0,0,1,1,2,2,0,2,1,2,0,2,0,2,0,2,0,2,0
Election Day,0071,RIDGEDALE,2127,476,65,368,43,21,15,27,45,41,0,0,0,0,0,0,0,43,0,0,44,0,0,78,20,220,18,7,226,45,12,15,42,285,49,0,0,0,0,329,0,0,279,0,0,293,0,193,51,419,0,0,0,0,0,387,0,0,0,0,0,0,0,0,0,0,0,188,305,178,185,48,401,181,85,305,176,0,0,0,0,0,0,0,0,0,0,0,0,0,0,0,0,0,0,0,0,0,0,0,133,222,163,200,150,205,137,215,172,177,172,181,139,216
Early Voting,0071,RIDGEDALE,2127,284,31,244,9,9,8,13,23,22,0,0,0,0,0,0,0,23,0,0,24,0,0,44,7,159,5,14,153,23,16,11,20,202,20,0,0,0,0,230,0,0,199,0,0,203,0,126,25,257,0,0,0,0,0,241,0,0,0,0,0,0,0,0,0,0,0,119,192,115,118,26,251,108,45,185,110,0,0,0,0,0,0,0,0,0,0,0,0,0,0,0,0,0,0,0,0,0,0,0,89,135,106,119,98,127,96,127,120,103,120,103,89,135
Absentee,0071,RIDGEDALE,2127,11,0,8,3,0,0,0,0,0,0,0,0,0,0,0,0,0,0,0,0,0,0,2,1,2,0,2,3,1,1,2,1,4,2,0,0,0,0,7,0,0,6,0,0,6,0,4,3,8,0,0,0,0,0,9,0,0,0,0,0,0,0,0,0,0,0,4,6,4,4,0,9,4,1,7,4,0,0,0,0,0,0,0,0,0,0,0,0,0,0,0,0,0,0,0,0,0,0,0,4,3,4,3,5,2,3,4,4,3,4,3,4,3
Provisional,0071,RIDGEDALE,2127,2,0,2,0,0,0,0,0,0,0,0,0,0,0,0,0,0,0,0,0,0,0,2,0,0,0,0,2,0,0,0,0,2,0,0,0,0,0,2,0,0,2,0,0,2,0,0,0,2,0,0,0,0,0,2,0,0,0,0,0,0,0,0,0,0,0,0,2,0,0,0,2,0,0,2,0,0,0,0,0,0,0,0,0,0,0,0,0,0,0,0,0,0,0,0,0,0,0,0,0,2,0,2,0,2,0,2,0,2,0,2,0,2
Military & Overseas,0071,RIDGEDALE,2127,0,0,0,0,0,0,0,0,0,0,0,0,0,0,0,0,0,0,0,0,0,0,0,0,0,0,0,0,0,0,0,0,0,0,0,0,0,0,0,0,0,0,0,0,0,0,0,0,0,0,0,0,0,0,0,0,0,0,0,0,0,0,0,0,0,0,0,0,0,0,0,0,0,0,0,0,0,0,0,0,0,0,0,0,0,0,0,0,0,0,0,0,0,0,0,0,0,0,0,0,0,0,0,0,0,0,0,0,0,0,0,0,0
Nursing Home,0071,RIDGEDALE,2127,6,2,4,0,1,0,1,1,1,0,0,0,0,0,0,0,1,0,0,1,0,0,2,0,2,0,0,3,1,0,0,0,2,2,0,0,0,0,3,0,0,4,0,0,4,0,4,2,3,0,0,0,0,0,5,0,0,0,0,0,0,0,0,0,0,0,5,4,5,4,4,2,5,4,2,5,0,0,0,0,0,0,0,0,0,0,0,0,0,0,0,0,0,0,0,0,0,0,0,3,2,4,1,3,2,4,1,5,0,5,0,5,0
Election Day,0072,RIDGESIDE,360,162,77,78,7,19,7,49,63,62,62,0,0,0,0,0,63,0,35,27,0,38,12,9,5,50,3,1,39,11,9,6,4,58,13,59,0,0,0,0,0,60,0,32,31,0,56,94,63,92,0,0,0,0,0,0,129,0,0,0,0,0,0,0,0,0,0,101,123,94,94,68,82,95,65,75,96,0,0,0,118,0,0,0,0,0,0,0,0,0,0,0,0,0,0,0,0,0,0,0,88,34,96,30,89,34,86,35,98,28,99,26,85,34
Early Voting,0072,RIDGESIDE,360,27,14,12,1,4,3,7,12,10,12,0,0,0,0,0,12,0,9,5,0,9,4,1,0,10,1,0,7,3,1,0,0,9,3,10,0,0,0,0,0,10,0,5,6,0,10,19,12,14,0,0,0,0,0,0,21,0,0,0,0,0,0,0,0,0,0,18,22,18,17,13,14,20,16,9,16,0,0,0,19,0,0,0,0,0,0,0,0,0,0,0,0,0,0,0,0,0,0,0,20,6,18,7,19,6,19,6,20,5,19,6,21,4
Absentee,0072,RIDGESIDE,360,0,0,0,0,0,0,0,0,0,0,0,0,0,0,0,0,0,0,0,0,0,0,0,0,0,0,0,0,0,0,0,0,0,0,0,0,0,0,0,0,0,0,0,0,0,0,0,0,0,0,0,0,0,0,0,0,0,0,0,0,0,0,0,0,0,0,0,0,0,0,0,0,0,0,0,0,0,0,0,0,0,0,0,0,0,0,0,0,0,0,0,0,0,0,0,0,0,0,0,0,0,0,0,0,0,0,0,0,0,0,0,0,0
Provisional,0072,RIDGESIDE,360,0,0,0,0,0,0,0,0,0,0,0,0,0,0,0,0,0,0,0,0,0,0,0,0,0,0,0,0,0,0,0,0,0,0,0,0,0,0,0,0,0,0,0,0,0,0,0,0,0,0,0,0,0,0,0,0,0,0,0,0,0,0,0,0,0,0,0,0,0,0,0,0,0,0,0,0,0,0,0,0,0,0,0,0,0,0,0,0,0,0,0,0,0,0,0,0,0,0,0,0,0,0,0,0,0,0,0,0,0,0,0,0,0
Military & Overseas,0072,RIDGESIDE,360,0,0,0,0,0,0,0,0,0,0,0,0,0,0,0,0,0,0,0,0,0,0,0,0,0,0,0,0,0,0,0,0,0,0,0,0,0,0,0,0,0,0,0,0,0,0,0,0,0,0,0,0,0,0,0,0,0,0,0,0,0,0,0,0,0,0,0,0,0,0,0,0,0,0,0,0,0,0,0,0,0,0,0,0,0,0,0,0,0,0,0,0,0,0,0,0,0,0,0,0,0,0,0,0,0,0,0,0,0,0,0,0,0
Nursing Home,0072,RIDGESIDE,360,0,0,0,0,0,0,0,0,0,0,0,0,0,0,0,0,0,0,0,0,0,0,0,0,0,0,0,0,0,0,0,0,0,0,0,0,0,0,0,0,0,0,0,0,0,0,0,0,0,0,0,0,0,0,0,0,0,0,0,0,0,0,0,0,0,0,0,0,0,0,0,0,0,0,0,0,0,0,0,0,0,0,0,0,0,0,0,0,0,0,0,0,0,0,0,0,0,0,0,0,0,0,0,0,0,0,0,0,0,0,0,0,0
Election Day,0073,RIVERVIEW,1911,430,153,239,38,55,14,78,126,124,128,130,0,0,0,0,0,0,69,49,0,83,23,27,14,172,7,7,134,39,15,15,12,184,31,182,87,104,0,0,0,0,0,83,101,0,179,231,134,290,0,0,0,0,0,0,0,294,101,0,0,0,0,0,0,0,0,234,292,222,221,133,241,204,137,198,204,0,0,0,0,102,287,0,0,0,0,0,0,0,0,0,0,0,0,0,0,0,0,0,176,118,185,112,174,111,168,116,192,92,190,95,173,109
Early Voting,0073,RIVERVIEW,1911,298,104,191,3,33,20,46,79,76,82,81,0,0,0,0,0,0,46,41,0,50,26,7,5,156,3,8,104,28,9,13,16,157,16,136,71,78,0,0,0,0,0,66,73,0,129,141,77,214,0,0,0,0,0,0,0,224,55,0,0,0,0,0,0,0,0,143,195,132,134,94,193,136,96,160,137,0,0,0,0,69,223,0,0,0,0,0,0,0,0,0,0,0,0,0,0,0,0,0,131,89,136,81,122,87,119,89,139,73,139,70,122,88
Absentee,0073,RIVERVIEW,1911,6,1,5,0,0,0,1,1,1,1,1,0,0,0,0,0,0,1,0,0,0,1,1,1,3,0,0,4,0,0,0,0,4,0,4,0,4,0,0,0,0,0,1,0,0,1,2,1,4,0,0,0,0,0,0,0,4,2,0,0,0,0,0,0,0,0,2,1,2,2,3,3,2,2,0,2,0,0,0,0,1,4,0,0,0,0,0,0,0,0,0,0,0,0,0,0,0,0,0,2,0,1,0,1,0,1,0,1,0,1,0,1,0
Provisional,0073,RIVERVIEW,1911,0,0,0,0,0,0,0,0,0,0,0,0,0,0,0,0,0,0,0,0,0,0,0,0,0,0,0,0,0,0,0,0,0,0,0,0,0,0,0,0,0,0,0,0,0,0,0,0,0,0,0,0,0,0,0,0,0,0,0,0,0,0,0,0,0,0,0,0,0,0,0,0,0,0,0,0,0,0,0,0,0,0,0,0,0,0,0,0,0,0,0,0,0,0,0,0,0,0,0,0,0,0,0,0,0,0,0,0,0,0,0,0,0
Military & Overseas,0073,RIVERVIEW,1911,1,0,1,0,0,0,0,0,0,0,0,0,0,0,0,0,0,0,0,0,0,0,0,0,1,0,0,1,0,0,0,0,1,0,1,1,0,0,0,0,0,0,0,1,0,1,0,0,1,0,0,0,0,0,0,0,1,0,0,0,0,0,0,0,0,0,0,1,0,0,0,1,0,0,1,0,0,0,0,0,0,1,0,0,0,0,0,0,0,0,0,0,0,0,0,0,0,0,0,0,1,0,1,0,1,0,1,0,1,0,1,0,1
Nursing Home,0073,RIVERVIEW,1911,2,2,0,0,1,0,0,2,1,2,2,0,0,0,0,0,0,2,0,0,1,1,0,0,0,0,0,0,0,0,0,0,0,0,0,0,0,0,0,0,0,0,0,0,0,0,1,2,0,0,0,0,0,0,0,0,0,1,0,0,0,0,0,0,0,0,2,2,2,2,2,0,1,1,0,1,0,0,0,0,1,0,0,0,0,0,0,0,0,0,0,0,0,0,0,0,0,0,0,1,0,1,0,1,0,1,0,1,0,1,0,1,0
Election Day,0074,SALE CREEK,2329,427,365,55,7,160,113,84,339,333,338,288,18,25,0,0,0,0,224,91,0,246,61,9,6,32,1,3,20,13,8,6,3,39,10,46,22,20,4,0,0,0,0,29,17,0,45,347,356,65,353,65,0,0,0,0,0,0,0,0,0,0,0,0,0,0,0,374,357,367,361,341,58,342,318,68,356,0,0,0,0,0,0,0,0,0,0,0,0,0,0,0,0,0,0,0,0,0,0,0,287,63,278,72,278,70,277,68,272,73,278,70,277,74
Early Voting,0074,SALE CREEK,2329,280,222,55,3,116,53,52,208,202,202,165,15,26,0,0,0,0,134,59,0,144,34,7,3,45,0,0,26,6,8,4,8,43,9,46,20,9,19,0,0,0,0,27,21,0,44,219,205,65,212,60,0,0,0,0,0,0,0,0,0,0,0,0,0,0,0,225,228,227,228,208,61,217,204,54,220,0,0,0,0,0,0,0,0,0,0,0,0,0,0,0,0,0,0,0,0,0,0,0,174,62,175,61,173,60,167,66,169,65,175,59,166,66
Absentee,0074,SALE CREEK,2329,11,4,5,2,2,0,2,3,4,4,3,0,0,0,0,0,0,0,2,0,2,1,1,1,3,0,0,3,0,2,0,0,4,1,4,1,2,2,0,0,0,0,3,2,0,5,7,4,7,4,7,0,0,0,0,0,0,0,0,0,0,0,0,0,0,0,8,8,6,4,4,7,7,5,6,6,0,0,0,0,0,0,0,0,0,0,0,0,0,0,0,0,0,0,0,0,0,0,0,5,5,6,4,6,4,6,4,6,4,6,4,5,5
Provisional,0074,SALE CREEK,2329,0,0,0,0,0,0,0,0,0,0,0,0,0,0,0,0,0,0,0,0,0,0,0,0,0,0,0,0,0,0,0,0,0,0,0,0,0,0,0,0,0,0,0,0,0,0,0,0,0,0,0,0,0,0,0,0,0,0,0,0,0,0,0,0,0,0,0,0,0,0,0,0,0,0,0,0,0,0,0,0,0,0,0,0,0,0,0,0,0,0,0,0,0,0,0,0,0,0,0,0,0,0,0,0,0,0,0,0,0,0,0,0,0
Military & Overseas,0074,SALE CREEK,2329,0,0,0,0,0,0,0,0,0,0,0,0,0,0,0,0,0,0,0,0,0,0,0,0,0,0,0,0,0,0,0,0,0,0,0,0,0,0,0,0,0,0,0,0,0,0,0,0,0,0,0,0,0,0,0,0,0,0,0,0,0,0,0,0,0,0,0,0,0,0,0,0,0,0,0,0,0,0,0,0,0,0,0,0,0,0,0,0,0,0,0,0,0,0,0,0,0,0,0,0,0,0,0,0,0,0,0,0,0,0,0,0,0
Nursing Home,0074,SALE CREEK,2329,0,0,0,0,0,0,0,0,0,0,0,0,0,0,0,0,0,0,0,0,0,0,0,0,0,0,0,0,0,0,0,0,0,0,0,0,0,0,0,0,0,0,0,0,0,0,0,0,0,0,0,0,0,0,0,0,0,0,0,0,0,0,0,0,0,0,0,0,0,0,0,0,0,0,0,0,0,0,0,0,0,0,0,0,0,0,0,0,0,0,0,0,0,0,0,0,0,0,0,0,0,0,0,0,0,0,0,0,0,0,0,0,0
Election Day,0075,SAVANNAH BAY,3177,381,310,59,12,168,58,82,292,286,285,0,0,0,0,290,0,0,169,94,0,199,50,7,4,43,2,1,24,15,6,3,2,43,6,47,0,0,0,0,47,0,0,28,20,0,48,316,288,76,0,0,0,0,0,0,0,0,0,0,0,0,0,0,330,0,0,330,320,330,319,290,66,311,276,67,313,0,0,0,0,0,0,0,0,0,0,0,0,0,0,0,0,0,0,0,0,0,0,0,249,50,249,50,245,53,242,55,249,51,253,46,239,59
Early Voting,0075,SAVANNAH BAY,3177,459,344,111,4,174,48,119,319,307,316,0,0,0,0,333,0,0,169,117,0,209,67,24,5,72,2,4,55,29,8,5,8,72,32,95,0,0,0,0,94,0,0,48,53,0,95,351,329,115,0,0,0,0,0,0,0,0,0,0,0,0,0,0,379,0,0,375,388,367,359,323,117,359,309,120,363,0,0,0,0,0,0,0,0,0,0,0,0,0,0,0,0,0,0,0,0,0,0,0,325,74,333,72,314,81,316,77,323,73,331,65,310,82
Absentee,0075,SAVANNAH BAY,3177,13,9,3,1,5,0,3,6,6,6,0,0,0,0,4,0,0,4,4,0,5,2,0,0,3,0,0,2,0,0,1,0,3,0,2,0,0,0,0,3,0,0,0,3,0,3,9,7,6,0,0,0,0,0,0,0,0,0,0,0,0,0,0,8,0,0,8,8,8,8,7,6,7,7,6,8,0,0,0,0,0,0,0,0,0,0,0,0,0,0,0,0,0,0,0,0,0,0,0,6,4,8,2,8,2,6,4,8,2,8,2,7,3
Provisional,0075,SAVANNAH BAY,3177,0,0,0,0,0,0,0,0,0,0,0,0,0,0,0,0,0,0,0,0,0,0,0,0,0,0,0,0,0,0,0,0,0,0,0,0,0,0,0,0,0,0,0,0,0,0,0,0,0,0,0,0,0,0,0,0,0,0,0,0,0,0,0,0,0,0,0,0,0,0,0,0,0,0,0,0,0,0,0,0,0,0,0,0,0,0,0,0,0,0,0,0,0,0,0,0,0,0,0,0,0,0,0,0,0,0,0,0,0,0,0,0,0
Military & Overseas,0075,SAVANNAH BAY,3177,0,0,0,0,0,0,0,0,0,0,0,0,0,0,0,0,0,0,0,0,0,0,0,0,0,0,0,0,0,0,0,0,0,0,0,0,0,0,0,0,0,0,0,0,0,0,0,0,0,0,0,0,0,0,0,0,0,0,0,0,0,0,0,0,0,0,0,0,0,0,0,0,0,0,0,0,0,0,0,0,0,0,0,0,0,0,0,0,0,0,0,0,0,0,0,0,0,0,0,0,0,0,0,0,0,0,0,0,0,0,0,0,0
Nursing Home,0075,SAVANNAH BAY,3177,2,2,0,0,0,0,1,1,1,2,0,0,0,0,2,0,0,1,0,0,0,0,0,0,0,0,0,0,0,0,0,0,0,0,0,0,0,0,0,0,0,0,0,0,0,0,2,2,0,0,0,0,0,0,0,0,0,0,0,0,0,0,0,2,0,0,2,2,2,2,2,0,2,2,0,2,0,0,0,0,0,0,0,0,0,0,0,0,0,0,0,0,0,0,0,0,0,0,0,2,0,2,0,2,0,1,1,1,1,2,0,1,1
Election Day,0076,SEQUOYAH,2590,355,289,56,10,146,51,91,272,264,269,268,0,0,0,0,0,0,159,100,0,196,55,11,3,36,3,1,29,8,9,2,5,41,13,52,25,26,0,0,0,0,0,30,23,0,50,299,271,82,271,77,0,0,0,0,0,0,0,0,0,0,0,0,0,0,0,305,308,308,300,267,70,290,257,74,292,0,0,0,0,0,0,0,0,0,0,0,0,0,0,0,0,0,0,0,0,0,0,0,236,64,235,66,236,65,231,69,233,67,234,65,235,64
Early Voting,0076,SEQUOYAH,2590,377,299,71,7,147,57,89,278,283,281,279,0,2,0,0,0,0,138,135,0,197,58,6,8,46,4,4,33,14,8,3,9,52,15,64,40,25,1,0,0,0,0,29,35,0,61,312,285,86,293,78,0,0,0,0,0,0,0,0,0,0,0,0,0,0,0,324,320,324,320,290,77,318,279,81,312,0,0,0,0,0,0,0,0,0,0,0,0,0,0,0,0,0,0,0,0,0,0,0,277,51,269,58,280,44,278,46,278,50,275,49,276,48
Absentee,0076,SEQUOYAH,2590,7,4,1,2,4,0,0,4,4,4,4,0,0,0,0,0,0,2,2,0,3,1,0,0,1,0,0,0,1,0,0,0,0,1,1,0,1,0,0,0,0,0,0,1,0,1,6,6,1,6,1,0,0,0,0,0,0,0,0,0,0,0,0,0,0,0,6,7,6,6,4,3,6,6,1,6,0,0,0,0,0,0,0,0,0,0,0,0,0,0,0,0,0,0,0,0,0,0,0,5,2,5,2,5,2,4,2,5,2,4,2,4,2
Provisional,0076,SEQUOYAH,2590,0,0,0,0,0,0,0,0,0,0,0,0,0,0,0,0,0,0,0,0,0,0,0,0,0,0,0,0,0,0,0,0,0,0,0,0,0,0,0,0,0,0,0,0,0,0,0,0,0,0,0,0,0,0,0,0,0,0,0,0,0,0,0,0,0,0,0,0,0,0,0,0,0,0,0,0,0,0,0,0,0,0,0,0,0,0,0,0,0,0,0,0,0,0,0,0,0,0,0,0,0,0,0,0,0,0,0,0,0,0,0,0,0
Military & Overseas,0076,SEQUOYAH,2590,1,0,1,0,0,0,0,0,0,0,0,0,0,0,0,0,0,0,0,0,0,0,0,1,0,0,0,1,0,0,0,0,1,0,1,1,0,0,0,0,0,0,1,0,0,1,1,0,1,0,1,0,0,0,0,0,0,0,0,0,0,0,0,0,0,0,1,1,1,1,0,1,1,1,0,1,0,0,0,0,0,0,0,0,0,0,0,0,0,0,0,0,0,0,0,0,0,0,0,0,1,1,0,1,0,0,1,1,0,1,0,0,1
Nursing Home,0076,SEQUOYAH,2590,1,1,0,0,1,0,0,1,1,1,1,0,0,0,0,0,0,0,1,0,1,0,0,0,0,0,0,0,0,0,0,0,0,0,0,0,0,0,0,0,0,0,0,0,0,0,1,1,0,1,0,0,0,0,0,0,0,0,0,0,0,0,0,0,0,0,1,1,1,1,0,1,1,1,0,1,0,0,0,0,0,0,0,0,0,0,0,0,0,0,0,0,0,0,0,0,0,0,0,0,0,0,0,0,0,0,0,0,0,0,0,0,0
Election Day,0077,SIGNAL MOUNTAIN A,2316,569,372,173,24,121,73,167,305,277,299,0,176,192,0,0,0,0,167,134,0,168,104,34,6,119,6,4,93,38,7,9,14,140,21,140,0,0,142,0,0,0,0,58,76,0,137,371,291,269,0,0,342,218,0,0,0,0,0,0,0,0,0,0,0,0,0,401,407,367,379,300,229,370,298,195,370,0,0,0,0,0,0,0,0,0,0,0,0,0,0,0,0,0,0,0,0,0,0,0,316,104,318,106,320,106,311,110,321,103,332,93,308,115
Early Voting,0077,SIGNAL MOUNTAIN A,2316,368,257,98,13,75,27,141,191,185,189,0,150,103,0,0,0,0,87,129,0,108,67,8,3,77,2,5,52,25,6,5,5,77,15,88,0,0,86,0,0,0,0,28,57,0,87,245,199,163,0,0,227,130,0,0,0,0,0,0,0,0,0,0,0,0,0,269,258,245,248,206,136,241,207,113,244,0,0,0,0,0,0,0,0,0,0,0,0,0,0,0,0,0,0,0,0,0,0,0,224,66,213,76,215,69,211,69,223,62,230,52,210,69
Absentee,0077,SIGNAL MOUNTAIN A,2316,18,12,4,2,6,0,4,10,10,9,0,9,3,0,0,0,0,1,7,0,4,4,0,0,2,0,2,2,0,2,0,0,2,2,4,0,0,4,0,0,0,0,0,4,0,3,11,10,6,0,0,10,8,0,0,0,0,0,0,0,0,0,0,0,0,0,10,10,9,8,10,7,9,10,5,8,0,0,0,0,0,0,0,0,0,0,0,0,0,0,0,0,0,0,0,0,0,0,0,9,5,9,6,9,5,9,5,10,5,10,5,9,5
Provisional,0077,SIGNAL MOUNTAIN A,2316,0,0,0,0,0,0,0,0,0,0,0,0,0,0,0,0,0,0,0,0,0,0,0,0,0,0,0,0,0,0,0,0,0,0,0,0,0,0,0,0,0,0,0,0,0,0,0,0,0,0,0,0,0,0,0,0,0,0,0,0,0,0,0,0,0,0,0,0,0,0,0,0,0,0,0,0,0,0,0,0,0,0,0,0,0,0,0,0,0,0,0,0,0,0,0,0,0,0,0,0,0,0,0,0,0,0,0,0,0,0,0,0,0
Military & Overseas,0077,SIGNAL MOUNTAIN A,2316,2,2,0,0,0,1,1,1,1,1,0,1,1,0,0,0,0,2,0,0,0,2,0,0,0,0,0,0,0,0,0,0,0,0,0,0,0,0,0,0,0,0,0,0,0,0,1,1,1,0,0,0,2,0,0,0,0,0,0,0,0,0,0,0,0,0,2,1,1,2,1,1,1,0,2,1,0,0,0,0,0,0,0,0,0,0,0,0,0,0,0,0,0,0,0,0,0,0,0,1,1,1,1,1,1,1,1,2,0,2,0,1,1
Nursing Home,0077,SIGNAL MOUNTAIN A,2316,5,4,1,0,1,1,1,0,0,0,0,3,0,0,0,0,0,0,2,0,1,1,0,1,0,0,0,0,0,1,0,0,1,0,1,0,0,1,0,0,0,0,0,1,0,1,2,1,3,0,0,4,0,0,0,0,0,0,0,0,0,0,0,0,0,0,2,1,1,2,1,3,1,1,3,1,0,0,0,0,0,0,0,0,0,0,0,0,0,0,0,0,0,0,0,0,0,0,0,2,1,2,1,1,1,1,1,1,1,2,1,1,1
Election Day,0078,SIGNAL MOUNTAIN B,4298,1007,695,276,36,259,105,308,568,545,575,0,325,349,0,0,0,0,332,258,0,369,159,27,14,201,11,13,146,58,21,21,14,216,38,220,0,0,220,0,0,0,0,87,137,0,223,705,569,418,0,0,637,353,0,0,0,0,0,0,0,0,0,0,0,0,0,734,757,716,707,566,354,676,559,314,684,0,0,0,0,0,0,0,0,0,0,0,0,0,0,0,0,0,0,0,0,0,0,0,586,175,594,175,580,171,582,167,594,156,598,155,564,186
Early Voting,0078,SIGNAL MOUNTAIN B,4298,513,356,150,7,121,57,164,289,276,287,0,178,172,0,0,0,0,143,155,0,167,84,11,7,114,5,4,80,23,6,22,9,117,19,121,0,0,120,0,0,0,0,49,76,0,123,331,292,210,0,0,306,194,0,0,0,0,0,0,0,0,0,0,0,0,0,354,363,322,327,301,195,341,301,163,338,0,0,0,0,0,0,0,0,0,0,0,0,0,0,0,0,0,0,0,0,0,0,0,308,115,299,127,306,118,296,124,302,121,311,110,298,124
Absentee,0078,SIGNAL MOUNTAIN B,4298,21,9,9,3,5,1,3,8,8,8,0,3,6,0,0,0,0,6,3,0,6,2,0,0,8,0,0,7,0,0,1,0,8,0,6,0,0,4,0,0,0,0,0,6,0,6,10,11,8,0,0,12,9,0,0,0,0,0,0,0,0,0,0,0,0,0,10,12,8,10,11,10,11,8,10,10,0,0,0,0,0,0,0,0,0,0,0,0,0,0,0,0,0,0,0,0,0,0,0,10,4,11,3,10,4,10,4,12,2,11,2,10,4
Provisional,0078,SIGNAL MOUNTAIN B,4298,0,0,0,0,0,0,0,0,0,0,0,0,0,0,0,0,0,0,0,0,0,0,0,0,0,0,0,0,0,0,0,0,0,0,0,0,0,0,0,0,0,0,0,0,0,0,0,0,0,0,0,0,0,0,0,0,0,0,0,0,0,0,0,0,0,0,0,0,0,0,0,0,0,0,0,0,0,0,0,0,0,0,0,0,0,0,0,0,0,0,0,0,0,0,0,0,0,0,0,0,0,0,0,0,0,0,0,0,0,0,0,0,0
Military & Overseas,0078,SIGNAL MOUNTAIN B,4298,5,1,2,2,0,1,0,0,0,0,0,1,0,0,0,0,0,0,0,0,0,0,0,0,2,0,0,2,0,0,0,0,2,0,2,0,0,2,0,0,0,0,1,0,0,2,0,0,5,0,0,0,5,0,0,0,0,0,0,0,0,0,0,0,0,0,0,2,0,1,0,5,0,0,3,0,0,0,0,0,0,0,0,0,0,0,0,0,0,0,0,0,0,0,0,0,0,0,0,0,3,0,3,0,3,0,3,0,3,0,3,0,3
Nursing Home,0078,SIGNAL MOUNTAIN B,4298,124,76,47,1,44,4,28,69,66,63,0,36,35,0,0,0,0,32,29,0,46,16,8,3,14,1,11,16,12,3,4,6,27,7,30,0,0,30,0,0,0,0,17,12,0,30,78,75,44,0,0,75,46,0,0,0,0,0,0,0,0,0,0,0,0,0,82,83,76,76,68,46,73,62,46,73,0,0,0,0,0,0,0,0,0,0,0,0,0,0,0,0,0,0,0,0,0,0,0,79,13,82,12,78,12,76,10,74,15,78,13,72,13
Election Day,0079,SILVERDALE,1410,160,77,82,1,32,22,23,68,68,0,0,0,0,0,73,0,69,0,0,67,0,0,11,5,50,3,9,47,9,9,4,11,58,15,0,0,0,0,0,68,0,70,0,0,68,0,105,76,82,0,0,0,0,0,0,0,0,0,0,0,0,0,0,104,0,0,111,135,104,101,76,80,101,72,75,102,0,0,0,0,0,0,0,0,0,0,0,0,0,0,0,0,0,0,0,0,0,0,0,97,44,98,42,101,40,93,46,102,36,101,39,96,44
Early Voting,0079,SILVERDALE,1410,143,77,65,1,37,17,21,68,68,0,0,0,0,0,68,0,70,0,0,67,0,0,14,2,30,4,8,29,11,5,6,6,43,14,0,0,0,0,0,49,0,49,0,0,47,0,93,69,70,0,0,0,0,0,0,0,0,0,0,0,0,0,0,92,0,0,96,111,92,95,72,68,93,73,59,93,0,0,0,0,0,0,0,0,0,0,0,0,0,0,0,0,0,0,0,0,0,0,0,75,47,78,46,78,45,73,47,82,38,82,40,79,43
Absentee,0079,SILVERDALE,1410,7,4,3,0,1,3,0,3,2,0,0,0,0,0,3,0,2,0,0,2,0,0,1,0,1,0,0,2,0,0,0,0,3,0,0,0,0,0,0,3,0,3,0,0,3,0,2,4,3,0,0,0,0,0,0,0,0,0,0,0,0,0,0,2,0,0,2,4,3,2,3,3,2,2,2,2,0,0,0,0,0,0,0,0,0,0,0,0,0,0,0,0,0,0,0,0,0,0,0,4,0,4,0,3,1,3,1,4,0,4,0,4,0
Provisional,0079,SILVERDALE,1410,0,0,0,0,0,0,0,0,0,0,0,0,0,0,0,0,0,0,0,0,0,0,0,0,0,0,0,0,0,0,0,0,0,0,0,0,0,0,0,0,0,0,0,0,0,0,0,0,0,0,0,0,0,0,0,0,0,0,0,0,0,0,0,0,0,0,0,0,0,0,0,0,0,0,0,0,0,0,0,0,0,0,0,0,0,0,0,0,0,0,0,0,0,0,0,0,0,0,0,0,0,0,0,0,0,0,0,0,0,0,0,0,0
Military & Overseas,0079,SILVERDALE,1410,0,0,0,0,0,0,0,0,0,0,0,0,0,0,0,0,0,0,0,0,0,0,0,0,0,0,0,0,0,0,0,0,0,0,0,0,0,0,0,0,0,0,0,0,0,0,0,0,0,0,0,0,0,0,0,0,0,0,0,0,0,0,0,0,0,0,0,0,0,0,0,0,0,0,0,0,0,0,0,0,0,0,0,0,0,0,0,0,0,0,0,0,0,0,0,0,0,0,0,0,0,0,0,0,0,0,0,0,0,0,0,0,0
Nursing Home,0079,SILVERDALE,1410,12,6,6,0,5,0,0,5,6,0,0,0,0,0,5,0,3,0,0,4,0,0,0,0,2,2,1,1,0,3,0,1,3,3,0,0,0,0,0,5,0,5,0,0,5,0,8,8,4,0,0,0,0,0,0,0,0,0,0,0,0,0,0,9,0,0,10,10,9,10,6,5,10,5,5,9,0,0,0,0,0,0,0,0,0,0,0,0,0,0,0,0,0,0,0,0,0,0,0,7,1,8,1,9,0,7,1,8,1,8,1,9,1
Election Day,0080,SODDY DAISY A,3095,444,336,80,28,180,63,87,312,305,312,0,151,173,0,0,0,0,181,114,0,224,54,9,11,55,2,2,36,16,8,10,5,60,14,69,0,0,66,0,0,0,0,26,40,0,67,373,319,116,317,116,0,0,0,0,0,0,0,0,0,0,0,0,0,0,0,384,378,379,376,332,96,368,309,112,373,0,0,0,0,0,0,0,0,0,0,0,0,0,0,0,0,0,0,0,0,0,0,0,311,66,304,74,316,60,308,65,311,64,309,67,304,69
Early Voting,0080,SODDY DAISY A,3095,493,397,90,6,218,76,98,374,366,370,0,129,263,0,0,0,0,177,165,0,229,83,10,6,62,6,4,44,21,7,4,8,67,18,71,0,0,73,0,0,0,0,33,42,0,70,393,367,113,364,119,0,0,0,0,0,0,0,0,0,0,0,0,0,0,0,426,408,413,408,380,99,406,363,97,416,0,0,0,0,0,0,0,0,0,0,0,0,0,0,0,0,0,0,0,0,0,0,0,346,82,340,84,337,81,332,88,339,79,340,81,338,85
Absentee,0080,SODDY DAISY A,3095,16,12,3,1,6,3,2,12,11,11,0,6,6,0,0,0,0,2,8,0,4,5,1,0,2,0,0,0,0,0,1,1,2,1,1,0,0,1,0,0,0,0,1,1,0,1,14,13,2,7,4,0,0,0,0,0,0,0,0,0,0,0,0,0,0,0,14,12,14,14,13,2,14,12,3,13,0,0,0,0,0,0,0,0,0,0,0,0,0,0,0,0,0,0,0,0,0,0,0,9,4,9,3,10,3,10,4,9,2,8,3,10,2
Provisional,0080,SODDY DAISY A,3095,0,0,0,0,0,0,0,0,0,0,0,0,0,0,0,0,0,0,0,0,0,0,0,0,0,0,0,0,0,0,0,0,0,0,0,0,0,0,0,0,0,0,0,0,0,0,0,0,0,0,0,0,0,0,0,0,0,0,0,0,0,0,0,0,0,0,0,0,0,0,0,0,0,0,0,0,0,0,0,0,0,0,0,0,0,0,0,0,0,0,0,0,0,0,0,0,0,0,0,0,0,0,0,0,0,0,0,0,0,0,0,0,0
Military & Overseas,0080,SODDY DAISY A,3095,0,0,0,0,0,0,0,0,0,0,0,0,0,0,0,0,0,0,0,0,0,0,0,0,0,0,0,0,0,0,0,0,0,0,0,0,0,0,0,0,0,0,0,0,0,0,0,0,0,0,0,0,0,0,0,0,0,0,0,0,0,0,0,0,0,0,0,0,0,0,0,0,0,0,0,0,0,0,0,0,0,0,0,0,0,0,0,0,0,0,0,0,0,0,0,0,0,0,0,0,0,0,0,0,0,0,0,0,0,0,0,0,0
Nursing Home,0080,SODDY DAISY A,3095,3,1,2,0,1,0,0,1,1,1,0,1,0,0,0,0,0,1,0,0,1,0,0,0,0,2,0,0,0,1,0,1,2,0,2,0,0,2,0,0,0,0,1,1,0,2,2,0,2,0,2,0,0,0,0,0,0,0,0,0,0,0,0,0,0,0,2,2,2,2,1,1,2,0,2,2,0,0,0,0,0,0,0,0,0,0,0,0,0,0,0,0,0,0,0,0,0,0,0,2,0,2,0,2,0,2,0,2,0,1,1,2,0
Election Day,0081,SODDY DAISY B,2913,381,282,84,15,144,71,64,262,258,261,9,94,174,0,0,0,0,166,82,0,180,55,24,7,43,6,3,42,20,8,4,8,53,28,73,1,1,68,0,0,0,0,31,42,0,71,315,282,93,280,96,0,0,0,0,0,0,0,0,0,0,0,0,0,0,0,319,327,318,304,257,87,295,249,87,294,0,0,0,0,0,0,0,0,0,0,0,0,0,0,0,0,0,0,0,0,0,0,0,248,70,244,76,242,78,235,79,242,74,249,68,248,69
Early Voting,0081,SODDY DAISY B,2913,421,328,89,4,200,48,75,306,291,303,1,136,181,0,0,0,0,145,136,0,205,57,13,7,61,4,1,44,22,8,3,6,58,23,74,2,0,69,0,0,0,0,27,44,0,73,326,319,97,299,107,0,0,0,0,0,0,0,0,0,0,0,0,0,0,0,346,343,339,329,310,92,329,297,89,335,0,0,0,0,0,0,0,0,0,0,0,0,0,0,0,0,0,0,0,0,0,0,0,278,73,274,71,270,77,265,82,277,70,274,71,266,80
Absentee,0081,SODDY DAISY B,2913,14,9,5,0,7,0,1,8,9,7,0,7,2,0,0,0,0,6,3,0,9,0,0,0,5,0,0,3,1,0,0,1,5,0,5,0,0,5,0,0,0,0,1,4,0,5,14,9,5,6,6,0,0,0,0,0,0,0,0,0,0,0,0,0,0,0,14,13,14,14,9,5,14,9,5,13,0,0,0,0,0,0,0,0,0,0,0,0,0,0,0,0,0,0,0,0,0,0,0,11,3,14,0,14,0,11,3,11,3,11,3,14,0
Provisional,0081,SODDY DAISY B,2913,0,0,0,0,0,0,0,0,0,0,0,0,0,0,0,0,0,0,0,0,0,0,0,0,0,0,0,0,0,0,0,0,0,0,0,0,0,0,0,0,0,0,0,0,0,0,0,0,0,0,0,0,0,0,0,0,0,0,0,0,0,0,0,0,0,0,0,0,0,0,0,0,0,0,0,0,0,0,0,0,0,0,0,0,0,0,0,0,0,0,0,0,0,0,0,0,0,0,0,0,0,0,0,0,0,0,0,0,0,0,0,0,0
Military & Overseas,0081,SODDY DAISY B,2913,0,0,0,0,0,0,0,0,0,0,0,0,0,0,0,0,0,0,0,0,0,0,0,0,0,0,0,0,0,0,0,0,0,0,0,0,0,0,0,0,0,0,0,0,0,0,0,0,0,0,0,0,0,0,0,0,0,0,0,0,0,0,0,0,0,0,0,0,0,0,0,0,0,0,0,0,0,0,0,0,0,0,0,0,0,0,0,0,0,0,0,0,0,0,0,0,0,0,0,0,0,0,0,0,0,0,0,0,0,0,0,0,0
Nursing Home,0081,SODDY DAISY B,2913,6,2,2,2,2,0,0,1,2,2,0,0,2,0,0,0,0,1,1,0,0,2,0,1,1,0,0,1,1,0,0,0,1,1,2,0,0,2,0,0,0,0,1,1,0,2,6,4,2,4,2,0,0,0,0,0,0,0,0,0,0,0,0,0,0,0,6,6,6,6,4,2,6,5,1,6,0,0,0,0,0,0,0,0,0,0,0,0,0,0,0,0,0,0,0,0,0,0,0,5,1,6,0,5,0,6,0,6,0,5,1,5,0
Election Day,0082,SODDY DAISY C,1581,217,180,32,5,97,40,41,165,164,166,11,67,89,0,0,0,0,102,57,0,125,25,3,2,25,1,1,13,8,4,2,3,25,5,26,1,0,24,0,0,0,0,13,14,0,22,178,174,40,174,42,0,0,0,0,0,0,0,0,0,0,0,0,0,0,0,189,184,181,184,166,38,175,161,38,177,0,0,0,0,0,0,0,0,0,0,0,0,0,0,0,0,0,0,0,0,0,0,0,154,27,149,31,151,28,151,26,148,29,155,24,147,32
Early Voting,0082,SODDY DAISY C,1581,343,280,53,10,156,41,79,258,248,258,4,119,152,0,0,0,0,156,83,0,183,49,6,3,37,2,3,26,9,7,3,6,41,7,43,2,1,37,0,0,0,0,24,24,0,39,269,258,77,274,63,0,0,0,0,0,0,0,0,0,0,0,0,0,0,0,293,278,291,288,265,63,273,252,65,279,0,0,0,0,0,0,0,0,0,0,0,0,0,0,0,0,0,0,0,0,0,0,0,257,40,251,44,246,46,240,49,247,41,257,33,248,43
Absentee,0082,SODDY DAISY C,1581,16,8,6,2,5,2,1,7,7,6,0,4,4,0,0,0,0,7,1,0,6,2,0,0,6,0,0,4,1,0,0,0,4,2,5,0,0,6,0,0,0,0,2,4,0,6,12,9,6,10,6,0,0,0,0,0,0,0,0,0,0,0,0,0,0,0,13,14,12,12,10,6,12,10,6,12,0,0,0,0,0,0,0,0,0,0,0,0,0,0,0,0,0,0,0,0,0,0,0,14,1,15,0,15,0,15,0,15,0,15,0,13,2
Provisional,0082,SODDY DAISY C,1581,0,0,0,0,0,0,0,0,0,0,0,0,0,0,0,0,0,0,0,0,0,0,0,0,0,0,0,0,0,0,0,0,0,0,0,0,0,0,0,0,0,0,0,0,0,0,0,0,0,0,0,0,0,0,0,0,0,0,0,0,0,0,0,0,0,0,0,0,0,0,0,0,0,0,0,0,0,0,0,0,0,0,0,0,0,0,0,0,0,0,0,0,0,0,0,0,0,0,0,0,0,0,0,0,0,0,0,0,0,0,0,0,0
Military & Overseas,0082,SODDY DAISY C,1581,0,0,0,0,0,0,0,0,0,0,0,0,0,0,0,0,0,0,0,0,0,0,0,0,0,0,0,0,0,0,0,0,0,0,0,0,0,0,0,0,0,0,0,0,0,0,0,0,0,0,0,0,0,0,0,0,0,0,0,0,0,0,0,0,0,0,0,0,0,0,0,0,0,0,0,0,0,0,0,0,0,0,0,0,0,0,0,0,0,0,0,0,0,0,0,0,0,0,0,0,0,0,0,0,0,0,0,0,0,0,0,0,0
Nursing Home,0082,SODDY DAISY C,1581,0,0,0,0,0,0,0,0,0,0,0,0,0,0,0,0,0,0,0,0,0,0,0,0,0,0,0,0,0,0,0,0,0,0,0,0,0,0,0,0,0,0,0,0,0,0,0,0,0,0,0,0,0,0,0,0,0,0,0,0,0,0,0,0,0,0,0,0,0,0,0,0,0,0,0,0,0,0,0,0,0,0,0,0,0,0,0,0,0,0,0,0,0,0,0,0,0,0,0,0,0,0,0,0,0,0,0,0,0,0,0,0,0
Election Day,0083,ST ELMO,2578,668,167,467,34,52,40,67,131,121,0,0,53,95,0,0,0,123,0,0,124,0,0,77,22,312,9,19,278,63,31,18,29,373,66,0,0,0,290,64,0,0,337,0,0,345,0,324,161,498,0,0,0,0,0,0,0,0,0,0,0,0,0,0,0,137,525,330,451,316,317,147,486,323,175,362,328,0,0,0,0,0,0,0,0,0,0,0,0,0,0,0,0,0,0,0,0,0,0,0,269,227,300,199,263,228,262,226,313,175,316,179,274,220
Early Voting,0083,ST ELMO,2578,371,93,265,13,42,14,37,82,81,0,0,14,55,0,0,0,74,0,0,72,0,0,39,10,179,10,6,161,29,13,16,20,227,21,0,0,0,152,51,0,0,182,0,0,192,0,159,85,279,0,0,0,0,0,0,0,0,0,0,0,0,0,0,0,86,282,146,224,133,141,87,274,141,111,202,145,0,0,0,0,0,0,0,0,0,0,0,0,0,0,0,0,0,0,0,0,0,0,0,152,126,147,129,143,130,138,132,165,111,164,110,147,124
Absentee,0083,ST ELMO,2578,7,0,7,0,0,0,0,0,0,0,0,0,0,0,0,0,0,0,0,0,0,0,1,0,6,0,0,3,1,0,2,1,6,1,0,0,0,2,2,0,0,5,0,0,7,0,2,0,7,0,0,0,0,0,0,0,0,0,0,0,0,0,0,0,0,7,2,3,3,4,1,6,2,1,6,2,0,0,0,0,0,0,0,0,0,0,0,0,0,0,0,0,0,0,0,0,0,0,0,3,4,2,5,2,5,2,5,3,4,3,4,2,5
Provisional,0083,ST ELMO,2578,0,0,0,0,0,0,0,0,0,0,0,0,0,0,0,0,0,0,0,0,0,0,0,0,0,0,0,0,0,0,0,0,0,0,0,0,0,0,0,0,0,0,0,0,0,0,0,0,0,0,0,0,0,0,0,0,0,0,0,0,0,0,0,0,0,0,0,0,0,0,0,0,0,0,0,0,0,0,0,0,0,0,0,0,0,0,0,0,0,0,0,0,0,0,0,0,0,0,0,0,0,0,0,0,0,0,0,0,0,0,0,0,0
Military & Overseas,0083,ST ELMO,2578,0,0,0,0,0,0,0,0,0,0,0,0,0,0,0,0,0,0,0,0,0,0,0,0,0,0,0,0,0,0,0,0,0,0,0,0,0,0,0,0,0,0,0,0,0,0,0,0,0,0,0,0,0,0,0,0,0,0,0,0,0,0,0,0,0,0,0,0,0,0,0,0,0,0,0,0,0,0,0,0,0,0,0,0,0,0,0,0,0,0,0,0,0,0,0,0,0,0,0,0,0,0,0,0,0,0,0,0,0,0,0,0,0
Nursing Home,0083,ST ELMO,2578,1,0,1,0,0,0,0,0,0,0,0,0,0,0,0,0,0,0,0,0,0,0,0,0,1,0,0,1,0,0,0,0,1,0,0,0,0,1,0,0,0,1,0,0,0,0,0,0,1,0,0,0,0,0,0,0,0,0,0,0,0,0,0,0,0,0,0,0,0,0,0,0,0,0,0,0,0,0,0,0,0,0,0,0,0,0,0,0,0,0,0,0,0,0,0,0,0,0,0,0,0,0,0,1,0,1,0,1,0,1,0,1,0
Election Day,0084,STUART HEIGHTS,3066,642,287,329,26,113,50,115,249,231,243,246,0,0,0,0,0,0,135,99,0,157,62,43,15,231,8,8,179,46,30,16,26,262,33,261,159,107,1,0,0,0,0,114,145,0,259,385,225,404,0,0,0,0,0,0,0,434,161,0,0,0,0,0,0,0,0,412,474,399,394,272,337,391,269,292,391,0,0,0,0,199,420,0,0,0,0,0,0,0,0,0,0,0,0,0,0,1,0,0,336,163,330,164,323,162,315,164,337,142,341,140,320,164
Early Voting,0084,STUART HEIGHTS,3066,500,223,270,7,102,40,75,196,187,195,191,0,0,0,0,0,0,93,88,0,98,61,28,8,202,3,12,157,43,22,8,20,223,28,222,105,124,1,0,0,0,0,105,118,0,211,279,195,297,0,0,0,0,0,0,0,320,127,0,0,0,0,0,0,0,0,301,345,277,285,206,277,288,217,217,285,0,0,0,0,180,312,0,0,0,0,0,0,0,0,0,0,0,0,0,0,1,0,0,254,156,255,153,240,161,234,169,259,142,276,127,237,166
Absentee,0084,STUART HEIGHTS,3066,22,16,4,2,8,0,7,16,14,16,16,0,0,0,0,0,0,6,5,0,6,4,0,0,4,0,0,2,2,0,0,0,4,0,4,1,3,0,0,0,0,0,2,2,0,4,16,15,7,0,0,0,0,0,0,0,10,7,0,0,0,0,0,0,0,0,17,18,17,17,16,6,17,17,4,17,0,0,0,0,14,8,0,0,0,0,0,0,0,0,0,0,0,0,0,0,0,0,0,14,3,13,3,14,3,14,3,14,3,13,3,14,3
Provisional,0084,STUART HEIGHTS,3066,0,0,0,0,0,0,0,0,0,0,0,0,0,0,0,0,0,0,0,0,0,0,0,0,0,0,0,0,0,0,0,0,0,0,0,0,0,0,0,0,0,0,0,0,0,0,0,0,0,0,0,0,0,0,0,0,0,0,0,0,0,0,0,0,0,0,0,0,0,0,0,0,0,0,0,0,0,0,0,0,0,0,0,0,0,0,0,0,0,0,0,0,0,0,0,0,0,0,0,0,0,0,0,0,0,0,0,0,0,0,0,0,0
Military & Overseas,0084,STUART HEIGHTS,3066,1,0,1,0,0,0,0,0,0,0,0,0,0,0,0,0,0,0,0,0,0,0,0,1,0,0,0,1,0,0,0,0,1,0,1,1,0,0,0,0,0,0,0,1,0,1,0,0,1,0,0,0,0,0,0,0,1,0,0,0,0,0,0,0,0,0,0,1,0,0,0,1,0,0,1,0,0,0,0,0,0,1,0,0,0,0,0,0,0,0,0,0,0,0,0,0,0,0,0,0,1,0,1,1,0,1,0,1,0,1,0,1,0
Nursing Home,0084,STUART HEIGHTS,3066,4,3,1,0,2,0,1,3,2,1,2,0,0,0,0,0,0,1,1,0,0,1,0,0,1,0,0,0,1,0,0,0,1,0,1,1,0,0,0,0,0,0,0,1,0,1,3,4,0,0,0,0,0,0,0,0,0,2,0,0,0,0,0,0,0,0,4,2,3,4,3,1,3,3,1,2,0,0,0,0,3,1,0,0,0,0,0,0,0,0,0,0,0,0,0,0,0,0,0,2,0,2,0,2,0,1,0,0,0,1,0,0,0
Election Day,0085,SUMMIT,3290,312,152,144,16,92,20,40,145,142,146,0,0,0,0,144,0,0,97,37,0,97,36,41,7,69,9,11,75,18,15,9,19,98,35,118,0,0,0,0,122,0,0,79,48,0,120,207,166,141,0,0,0,0,0,0,0,0,0,0,0,0,0,0,210,0,0,218,256,215,211,154,147,206,158,125,207,0,0,0,0,0,0,0,0,0,0,0,0,0,0,0,0,0,0,0,0,0,0,0,162,104,177,90,175,92,172,94,196,76,196,73,178,91
Early Voting,0085,SUMMIT,3290,430,224,199,7,91,54,74,207,201,205,0,0,0,0,207,0,0,120,78,0,139,51,43,6,106,8,21,94,29,27,13,20,128,49,154,0,0,0,0,147,0,0,84,79,0,155,272,229,189,0,0,0,0,0,0,0,0,0,0,0,0,0,0,284,0,0,290,348,279,275,219,201,270,216,163,268,0,0,0,0,0,0,0,0,0,0,0,0,0,0,0,0,0,0,0,0,0,0,0,236,124,243,123,230,127,225,130,246,113,247,113,227,131
Absentee,0085,SUMMIT,3290,13,4,9,0,2,0,2,4,4,4,0,0,0,0,4,0,0,3,0,0,1,2,1,0,6,0,0,2,2,0,1,2,6,0,9,0,0,0,0,7,0,0,4,3,0,9,7,7,5,0,0,0,0,0,0,0,0,0,0,0,0,0,0,8,0,0,8,12,8,8,3,10,8,7,5,8,0,0,0,0,0,0,0,0,0,0,0,0,0,0,0,0,0,0,0,0,0,0,0,7,3,10,1,8,2,10,0,10,0,8,2,9,1
Provisional,0085,SUMMIT,3290,0,0,0,0,0,0,0,0,0,0,0,0,0,0,0,0,0,0,0,0,0,0,0,0,0,0,0,0,0,0,0,0,0,0,0,0,0,0,0,0,0,0,0,0,0,0,0,0,0,0,0,0,0,0,0,0,0,0,0,0,0,0,0,0,0,0,0,0,0,0,0,0,0,0,0,0,0,0,0,0,0,0,0,0,0,0,0,0,0,0,0,0,0,0,0,0,0,0,0,0,0,0,0,0,0,0,0,0,0,0,0,0,0
Military & Overseas,0085,SUMMIT,3290,0,0,0,0,0,0,0,0,0,0,0,0,0,0,0,0,0,0,0,0,0,0,0,0,0,0,0,0,0,0,0,0,0,0,0,0,0,0,0,0,0,0,0,0,0,0,0,0,0,0,0,0,0,0,0,0,0,0,0,0,0,0,0,0,0,0,0,0,0,0,0,0,0,0,0,0,0,0,0,0,0,0,0,0,0,0,0,0,0,0,0,0,0,0,0,0,0,0,0,0,0,0,0,0,0,0,0,0,0,0,0,0,0
Nursing Home,0085,SUMMIT,3290,5,5,0,0,4,0,1,5,5,4,0,0,0,0,3,0,0,2,2,0,2,1,0,0,0,0,0,0,0,0,0,0,0,0,0,0,0,0,0,0,0,0,0,0,0,0,5,3,2,0,0,0,0,0,0,0,0,0,0,0,0,0,0,5,0,0,5,5,4,4,4,1,5,3,1,5,0,0,0,0,0,0,0,0,0,0,0,0,0,0,0,0,0,0,0,0,0,0,0,2,2,3,1,3,1,3,1,3,1,2,2,2,2
Election Day,0086,TYNER,2253,317,149,159,9,80,28,38,133,133,0,0,0,0,0,136,0,134,0,0,127,0,0,35,9,87,5,16,88,14,20,10,10,103,37,0,0,0,0,0,130,0,128,0,0,131,0,199,151,159,0,0,0,0,0,0,231,0,0,0,0,0,0,0,0,0,0,205,242,200,197,142,160,189,140,138,195,0,0,0,214,0,0,0,0,0,0,0,0,0,0,0,0,0,0,0,0,0,0,0,149,104,154,98,156,92,158,89,177,73,169,82,155,88
Early Voting,0086,TYNER,2253,296,124,171,1,66,18,39,117,116,0,0,0,0,0,118,0,112,0,0,107,0,0,39,2,98,8,19,102,24,11,6,21,117,39,0,0,0,0,0,125,0,126,0,0,132,0,171,116,174,0,0,0,0,0,0,217,0,0,0,0,0,0,0,0,0,0,175,242,170,173,120,175,171,129,137,168,0,0,0,211,0,0,0,0,0,0,0,0,0,0,0,0,0,0,0,0,0,0,0,166,99,174,91,172,91,166,97,191,75,181,82,165,100
Absentee,0086,TYNER,2253,16,10,6,0,4,0,6,9,10,0,0,0,0,0,9,0,9,0,0,7,0,0,3,0,1,0,0,5,0,0,0,0,3,1,0,0,0,0,0,3,0,4,0,0,5,0,10,12,4,0,0,0,0,0,0,8,0,0,0,0,0,0,0,0,0,0,12,11,12,12,10,6,12,9,4,12,0,0,0,8,0,0,0,0,0,0,0,0,0,0,0,0,0,0,0,0,0,0,0,9,3,9,3,9,3,9,3,9,3,9,3,9,3
Provisional,0086,TYNER,2253,0,0,0,0,0,0,0,0,0,0,0,0,0,0,0,0,0,0,0,0,0,0,0,0,0,0,0,0,0,0,0,0,0,0,0,0,0,0,0,0,0,0,0,0,0,0,0,0,0,0,0,0,0,0,0,0,0,0,0,0,0,0,0,0,0,0,0,0,0,0,0,0,0,0,0,0,0,0,0,0,0,0,0,0,0,0,0,0,0,0,0,0,0,0,0,0,0,0,0,0,0,0,0,0,0,0,0,0,0,0,0,0,0
Military & Overseas,0086,TYNER,2253,0,0,0,0,0,0,0,0,0,0,0,0,0,0,0,0,0,0,0,0,0,0,0,0,0,0,0,0,0,0,0,0,0,0,0,0,0,0,0,0,0,0,0,0,0,0,0,0,0,0,0,0,0,0,0,0,0,0,0,0,0,0,0,0,0,0,0,0,0,0,0,0,0,0,0,0,0,0,0,0,0,0,0,0,0,0,0,0,0,0,0,0,0,0,0,0,0,0,0,0,0,0,0,0,0,0,0,0,0,0,0,0,0
Nursing Home,0086,TYNER,2253,7,6,1,0,6,0,0,5,6,0,0,0,0,0,6,0,4,0,0,3,0,0,0,0,0,0,0,0,0,0,0,0,0,0,0,0,0,0,0,1,0,0,0,0,1,0,4,5,1,0,0,0,0,0,0,4,0,0,0,0,0,0,0,0,0,0,6,5,3,4,4,1,4,4,0,3,0,0,0,2,0,0,0,0,0,0,0,0,0,0,0,0,0,0,0,0,0,0,0,5,0,6,0,4,1,3,1,5,0,5,0,6,0
Election Day,0087,VALLEYBROOK,4483,648,448,179,21,194,95,146,392,383,394,399,0,0,0,0,0,0,176,219,0,271,78,29,6,125,3,9,87,33,18,10,13,140,22,138,74,78,0,0,0,0,0,66,80,0,138,467,401,224,0,0,0,0,489,0,0,0,0,0,0,0,0,0,0,0,0,485,516,484,472,419,196,475,400,181,469,302,190,130,0,0,0,0,0,0,0,0,0,0,0,0,0,0,0,0,0,0,0,0,397,124,390,128,381,130,381,134,389,126,399,118,369,140
Early Voting,0087,VALLEYBROOK,4483,986,669,297,20,333,106,222,615,594,612,603,0,0,0,0,0,0,228,373,0,403,135,29,18,203,10,13,134,57,25,29,20,212,55,231,139,108,0,0,0,0,0,93,148,0,229,704,649,321,0,0,0,0,732,0,0,0,0,0,0,0,0,0,0,0,0,737,771,720,711,649,304,717,633,291,719,455,316,188,0,0,0,0,0,0,0,0,0,0,0,0,0,0,0,0,0,0,0,0,649,208,650,202,621,215,626,214,651,190,664,175,626,208
Absentee,0087,VALLEYBROOK,4483,41,23,10,8,12,1,9,20,21,20,19,0,0,0,0,0,0,7,12,0,9,6,3,0,5,0,0,5,3,1,1,0,7,2,8,3,5,0,0,0,0,0,1,9,0,7,29,28,11,0,0,0,0,33,0,0,0,0,0,0,0,0,0,0,0,0,33,28,33,32,31,10,30,26,13,31,16,12,9,0,0,0,0,0,0,0,0,0,0,0,0,0,0,0,0,0,0,0,0,25,6,25,6,25,6,26,5,23,8,26,5,25,6
Provisional,0087,VALLEYBROOK,4483,0,0,0,0,0,0,0,0,0,0,0,0,0,0,0,0,0,0,0,0,0,0,0,0,0,0,0,0,0,0,0,0,0,0,0,0,0,0,0,0,0,0,0,0,0,0,0,0,0,0,0,0,0,0,0,0,0,0,0,0,0,0,0,0,0,0,0,0,0,0,0,0,0,0,0,0,0,0,0,0,0,0,0,0,0,0,0,0,0,0,0,0,0,0,0,0,0,0,0,0,0,0,0,0,0,0,0,0,0,0,0,0,0
Military & Overseas,0087,VALLEYBROOK,4483,1,0,1,0,0,0,0,0,0,0,0,0,0,0,0,0,0,0,0,0,0,0,0,0,1,0,0,1,0,0,0,0,1,0,1,0,1,0,0,0,0,0,1,0,0,1,0,0,1,0,0,0,0,0,0,0,0,0,0,0,0,0,0,0,0,0,0,0,0,0,0,1,0,0,1,0,0,1,0,0,0,0,0,0,0,0,0,0,0,0,0,0,0,0,0,0,0,0,0,0,1,0,1,0,1,0,1,0,1,0,1,0,1
Nursing Home,0087,VALLEYBROOK,4483,9,7,2,0,5,0,2,6,6,6,6,0,0,0,0,0,0,3,3,0,3,3,0,0,1,0,0,0,1,0,0,0,1,0,0,1,1,0,0,0,0,0,1,1,0,1,5,7,1,0,0,0,0,5,0,0,0,0,0,0,0,0,0,0,0,0,6,4,5,5,6,2,5,6,1,5,5,2,0,0,0,0,0,0,0,0,0,0,0,0,0,0,0,0,0,0,0,0,0,4,1,5,0,5,0,5,0,5,0,5,0,5,0
Election Day,0088,WALDEN,1596,479,343,119,17,133,63,138,301,286,292,0,135,202,0,0,0,0,166,113,0,186,61,16,5,76,1,9,46,32,13,4,11,91,15,100,0,0,98,0,0,0,0,47,47,0,90,351,306,158,0,0,330,137,0,0,0,0,0,0,0,0,0,0,0,0,0,377,372,365,349,308,145,352,294,137,353,0,0,0,0,0,0,0,0,0,0,0,0,0,0,0,0,0,0,0,0,0,0,0,290,74,285,87,279,86,276,88,279,86,290,77,275,91
Early Voting,0088,WALDEN,1596,150,129,20,1,45,19,61,106,94,100,0,60,67,0,0,0,0,53,55,0,61,30,2,0,15,2,0,12,2,2,0,3,14,5,16,0,0,14,0,0,0,0,10,6,0,15,110,106,38,0,0,114,28,0,0,0,0,0,0,0,0,0,0,0,0,0,118,115,113,110,109,32,116,104,28,110,0,0,0,0,0,0,0,0,0,0,0,0,0,0,0,0,0,0,0,0,0,0,0,102,24,100,26,96,28,98,24,94,29,96,26,94,28
Absentee,0088,WALDEN,1596,12,10,2,0,3,3,1,3,5,5,0,6,3,0,0,0,0,1,7,0,2,4,0,0,2,0,0,2,0,0,0,0,2,0,2,0,0,1,0,0,0,0,0,2,0,2,7,8,3,0,0,7,4,0,0,0,0,0,0,0,0,0,0,0,0,0,8,8,7,9,7,3,7,9,1,8,0,0,0,0,0,0,0,0,0,0,0,0,0,0,0,0,0,0,0,0,0,0,0,6,1,7,1,6,1,6,1,7,0,7,0,6,1
Provisional,0088,WALDEN,1596,0,0,0,0,0,0,0,0,0,0,0,0,0,0,0,0,0,0,0,0,0,0,0,0,0,0,0,0,0,0,0,0,0,0,0,0,0,0,0,0,0,0,0,0,0,0,0,0,0,0,0,0,0,0,0,0,0,0,0,0,0,0,0,0,0,0,0,0,0,0,0,0,0,0,0,0,0,0,0,0,0,0,0,0,0,0,0,0,0,0,0,0,0,0,0,0,0,0,0,0,0,0,0,0,0,0,0,0,0,0,0,0,0
Military & Overseas,0088,WALDEN,1596,1,0,0,1,0,0,0,0,0,0,0,0,0,0,0,0,0,0,0,0,0,0,0,0,0,0,0,0,0,0,0,0,0,0,0,0,0,0,0,0,0,0,0,0,0,0,0,0,1,0,0,0,1,0,0,0,0,0,0,0,0,0,0,0,0,0,0,0,0,0,0,1,0,0,1,0,0,0,0,0,0,0,0,0,0,0,0,0,0,0,0,0,0,0,0,0,0,0,0,0,1,0,1,0,1,0,1,0,1,0,1,0,1
Nursing Home,0088,WALDEN,1596,1,1,0,0,1,0,0,1,1,1,0,0,1,0,0,0,0,0,1,0,0,1,0,0,0,0,0,0,0,0,0,0,0,0,0,0,0,0,0,0,0,0,0,0,0,0,1,1,0,0,0,1,0,0,0,0,0,0,0,0,0,0,0,0,0,0,1,1,1,1,1,0,1,1,0,1,0,0,0,0,0,0,0,0,0,0,0,0,0,0,0,0,0,0,0,0,0,0,0,1,0,1,0,1,0,1,0,1,0,1,0,1,0
Election Day,0089,WESTVIEW A,1568,223,135,72,16,64,36,34,128,123,0,0,0,0,0,0,123,120,0,0,116,0,0,12,8,44,0,7,45,14,6,0,5,55,11,0,0,0,0,0,0,57,58,0,0,57,0,170,132,89,0,0,0,0,0,0,0,0,0,125,91,0,0,0,0,0,0,178,181,173,172,126,83,165,128,68,167,0,0,0,0,0,0,0,0,0,0,0,0,0,0,0,0,0,0,0,0,0,0,0,126,53,130,47,130,46,129,49,138,38,132,42,129,46
Early Voting,0089,WESTVIEW A,1568,195,125,69,1,60,19,44,117,115,0,0,0,0,0,0,111,107,0,0,106,0,0,11,4,44,5,2,31,15,6,3,10,53,10,0,0,0,0,0,0,57,57,0,0,58,0,130,111,78,0,0,0,0,0,0,0,0,0,115,73,0,0,0,0,0,0,137,156,136,129,117,69,133,122,58,134,0,0,0,0,0,0,0,0,0,0,0,0,0,0,0,0,0,0,0,0,0,0,0,116,53,120,47,117,51,117,50,123,45,120,46,111,56
Absentee,0089,WESTVIEW A,1568,3,3,0,0,2,0,1,3,3,0,0,0,0,0,0,3,3,0,0,3,0,0,0,0,0,0,0,0,0,0,0,0,0,0,0,0,0,0,0,0,0,0,0,0,0,0,3,3,0,0,0,0,0,0,0,0,0,0,3,0,0,0,0,0,0,0,3,3,3,3,3,0,3,3,0,3,0,0,0,0,0,0,0,0,0,0,0,0,0,0,0,0,0,0,0,0,0,0,0,3,0,3,0,3,0,3,0,3,0,3,0,3,0
Provisional,0089,WESTVIEW A,1568,0,0,0,0,0,0,0,0,0,0,0,0,0,0,0,0,0,0,0,0,0,0,0,0,0,0,0,0,0,0,0,0,0,0,0,0,0,0,0,0,0,0,0,0,0,0,0,0,0,0,0,0,0,0,0,0,0,0,0,0,0,0,0,0,0,0,0,0,0,0,0,0,0,0,0,0,0,0,0,0,0,0,0,0,0,0,0,0,0,0,0,0,0,0,0,0,0,0,0,0,0,0,0,0,0,0,0,0,0,0,0,0,0
Military & Overseas,0089,WESTVIEW A,1568,0,0,0,0,0,0,0,0,0,0,0,0,0,0,0,0,0,0,0,0,0,0,0,0,0,0,0,0,0,0,0,0,0,0,0,0,0,0,0,0,0,0,0,0,0,0,0,0,0,0,0,0,0,0,0,0,0,0,0,0,0,0,0,0,0,0,0,0,0,0,0,0,0,0,0,0,0,0,0,0,0,0,0,0,0,0,0,0,0,0,0,0,0,0,0,0,0,0,0,0,0,0,0,0,0,0,0,0,0,0,0,0,0
Nursing Home,0089,WESTVIEW A,1568,2,1,1,0,0,0,1,1,1,0,0,0,0,0,0,1,1,0,0,1,0,0,0,0,0,0,0,0,0,1,0,0,0,1,0,0,0,0,0,0,1,1,0,0,1,0,2,2,0,0,0,0,0,0,0,0,0,0,1,0,0,0,0,0,0,0,2,2,2,2,2,0,1,2,0,2,0,0,0,0,0,0,0,0,0,0,0,0,0,0,0,0,0,0,0,0,0,0,0,2,0,2,0,2,0,2,0,2,0,2,0,2,0
Election Day,0090,WESTVIEW B,2991,437,271,139,27,139,37,91,248,237,0,0,0,0,0,0,245,244,0,0,246,0,0,16,11,90,5,11,62,24,14,9,22,102,25,0,0,0,0,0,0,117,114,0,0,119,0,331,257,172,0,0,0,0,0,0,0,0,0,254,171,0,0,0,0,0,0,342,365,336,335,271,155,333,250,159,329,0,0,0,0,0,0,0,0,0,0,0,0,0,0,0,0,0,0,0,0,0,0,0,262,103,268,99,267,97,260,100,276,87,274,87,264,100
Early Voting,0090,WESTVIEW B,2991,415,270,140,5,123,46,94,246,231,0,0,0,0,0,0,244,234,0,0,229,0,0,26,3,83,5,14,70,27,18,4,10,95,26,0,0,0,0,0,0,109,112,0,0,113,0,292,234,165,0,0,0,0,0,0,0,0,0,244,162,0,0,0,0,0,0,295,326,292,289,249,158,284,236,148,286,0,0,0,0,0,0,0,0,0,0,0,0,0,0,0,0,0,0,0,0,0,0,0,249,97,257,91,248,96,251,93,266,77,266,75,247,96
Absentee,0090,WESTVIEW B,2991,10,6,4,0,4,0,2,4,4,0,0,0,0,0,0,3,4,0,0,3,0,0,2,0,2,0,0,2,1,0,1,0,4,0,0,0,0,0,0,0,4,4,0,0,4,0,5,4,6,0,0,0,0,0,0,0,0,0,4,6,0,0,0,0,0,0,5,6,4,5,5,5,5,4,4,5,0,0,0,0,0,0,0,0,0,0,0,0,0,0,0,0,0,0,0,0,0,0,0,6,4,6,4,6,4,6,4,6,4,6,4,6,4
Provisional,0090,WESTVIEW B,2991,0,0,0,0,0,0,0,0,0,0,0,0,0,0,0,0,0,0,0,0,0,0,0,0,0,0,0,0,0,0,0,0,0,0,0,0,0,0,0,0,0,0,0,0,0,0,0,0,0,0,0,0,0,0,0,0,0,0,0,0,0,0,0,0,0,0,0,0,0,0,0,0,0,0,0,0,0,0,0,0,0,0,0,0,0,0,0,0,0,0,0,0,0,0,0,0,0,0,0,0,0,0,0,0,0,0,0,0,0,0,0,0,0
Military & Overseas,0090,WESTVIEW B,2991,4,1,3,0,1,0,0,1,1,0,0,0,0,0,0,1,1,0,0,1,0,0,0,0,3,0,0,2,0,0,0,1,3,0,0,0,0,0,0,0,3,3,0,0,3,0,2,1,3,0,0,0,0,0,0,0,0,0,1,3,0,0,0,0,0,0,2,4,2,2,1,3,2,4,0,2,0,0,0,0,0,0,0,0,0,0,0,0,0,0,0,0,0,0,0,0,0,0,0,2,2,2,2,4,0,2,2,4,0,3,1,4,0
Nursing Home,0090,WESTVIEW B,2991,2,2,0,0,2,0,0,2,2,0,0,0,0,0,0,2,2,0,0,2,0,0,0,0,0,0,0,0,0,0,0,0,0,0,0,0,0,0,0,0,0,0,0,0,0,0,2,2,0,0,0,0,0,0,0,0,0,0,2,0,0,0,0,0,0,0,2,1,2,2,2,0,2,2,0,2,0,0,0,0,0,0,0,0,0,0,0,0,0,0,0,0,0,0,0,0,0,0,0,1,0,1,0,1,0,1,0,1,0,1,0,1,0
Election Day,0091,WOLFTEVER,4474,473,279,182,12,124,57,94,259,247,258,10,0,0,0,251,0,0,160,77,0,160,68,45,14,94,5,16,97,28,24,6,17,128,39,158,5,1,0,0,148,0,0,85,67,0,152,325,269,191,0,0,0,0,0,0,0,0,0,0,0,0,0,342,0,0,0,346,384,338,333,267,187,331,257,169,321,0,0,0,0,0,0,0,0,244,212,0,0,0,0,0,0,0,0,0,0,0,0,0,263,128,261,130,264,125,262,124,282,108,286,101,255,132
Early Voting,0091,WOLFTEVER,4474,689,388,287,14,199,51,135,362,355,365,6,0,0,0,354,0,0,185,141,0,249,72,66,16,165,7,26,149,46,39,14,32,195,78,251,4,9,0,0,235,0,0,154,104,0,241,466,363,308,0,0,0,0,0,0,0,0,0,0,0,0,0,483,0,0,0,487,563,481,462,373,294,463,368,262,461,0,0,0,0,0,0,0,0,359,312,0,0,0,0,0,0,0,0,0,0,0,0,0,407,194,403,190,408,187,391,202,425,167,422,170,396,194
Absentee,0091,WOLFTEVER,4474,19,10,8,1,7,0,3,10,10,10,0,0,0,0,10,0,0,4,3,0,6,2,0,0,6,1,1,4,1,0,1,2,8,0,7,0,0,0,0,7,0,0,6,0,0,5,11,10,8,0,0,0,0,0,0,0,0,0,0,0,0,0,12,0,0,0,11,13,11,13,10,9,12,10,8,12,0,0,0,0,0,0,0,0,9,9,0,0,0,0,0,0,0,0,0,0,0,0,0,13,6,13,6,13,6,13,6,13,6,13,6,15,4
Provisional,0091,WOLFTEVER,4474,0,0,0,0,0,0,0,0,0,0,0,0,0,0,0,0,0,0,0,0,0,0,0,0,0,0,0,0,0,0,0,0,0,0,0,0,0,0,0,0,0,0,0,0,0,0,0,0,0,0,0,0,0,0,0,0,0,0,0,0,0,0,0,0,0,0,0,0,0,0,0,0,0,0,0,0,0,0,0,0,0,0,0,0,0,0,0,0,0,0,0,0,0,0,0,0,0,0,0,0,0,0,0,0,0,0,0,0,0,0,0,0,0
Military & Overseas,0091,WOLFTEVER,4474,0,0,0,0,0,0,0,0,0,0,0,0,0,0,0,0,0,0,0,0,0,0,0,0,0,0,0,0,0,0,0,0,0,0,0,0,0,0,0,0,0,0,0,0,0,0,0,0,0,0,0,0,0,0,0,0,0,0,0,0,0,0,0,0,0,0,0,0,0,0,0,0,0,0,0,0,0,0,0,0,0,0,0,0,0,0,0,0,0,0,0,0,0,0,0,0,0,0,0,0,0,0,0,0,0,0,0,0,0,0,0,0,0
Nursing Home,0091,WOLFTEVER,4474,6,5,1,0,3,0,2,4,5,5,1,0,0,0,4,0,0,4,0,0,4,0,0,0,1,0,0,1,0,0,0,0,0,1,1,0,0,0,0,1,0,0,0,1,0,1,4,6,0,0,0,0,0,0,0,0,0,0,0,0,0,0,5,0,0,0,6,4,5,5,5,1,4,4,1,6,0,0,0,0,0,0,0,0,4,2,0,0,0,0,0,0,0,0,0,0,0,0,0,5,1,5,1,5,1,5,1,5,1,5,1,4,1
Election Day,0092,WOODMORE,1615,175,10,157,8,5,2,3,10,10,0,0,0,0,0,0,0,10,0,0,8,0,0,43,6,67,5,27,94,6,25,8,12,82,52,0,0,0,0,149,0,0,124,0,0,126,0,76,19,150,0,0,0,0,0,0,162,0,0,0,0,0,0,0,0,0,0,70,125,64,61,11,158,65,22,104,59,0,0,0,161,0,0,0,0,0,0,0,0,0,0,0,0,0,0,0,0,0,0,0,70,72,72,67,73,65,70,69,91,52,90,51,74,64
Early Voting,0092,WOODMORE,1615,355,18,334,3,10,3,5,16,14,0,0,0,0,0,0,0,15,0,0,14,0,0,86,15,133,7,50,198,42,36,10,21,199,82,0,0,0,0,315,0,0,267,0,0,266,0,140,46,299,0,0,0,0,0,0,329,0,0,0,0,0,0,0,0,0,0,138,254,133,124,28,314,128,41,223,120,0,0,0,334,0,0,0,0,0,0,0,0,0,0,0,0,0,0,0,0,0,0,0,142,155,162,137,156,142,144,149,188,104,175,116,158,135
Absentee,0092,WOODMORE,1615,13,0,13,0,0,0,0,0,0,0,0,0,0,0,0,0,0,0,0,0,0,0,3,0,5,2,2,8,0,2,1,2,11,0,0,0,0,0,13,0,0,8,0,0,9,0,0,0,12,0,0,0,0,0,0,13,0,0,0,0,0,0,0,0,0,0,1,5,1,1,0,12,0,0,5,0,0,0,0,12,0,0,0,0,0,0,0,0,0,0,0,0,0,0,0,0,0,0,0,1,10,4,8,2,9,2,9,4,7,2,9,3,8
Provisional,0092,WOODMORE,1615,0,0,0,0,0,0,0,0,0,0,0,0,0,0,0,0,0,0,0,0,0,0,0,0,0,0,0,0,0,0,0,0,0,0,0,0,0,0,0,0,0,0,0,0,0,0,0,0,0,0,0,0,0,0,0,0,0,0,0,0,0,0,0,0,0,0,0,0,0,0,0,0,0,0,0,0,0,0,0,0,0,0,0,0,0,0,0,0,0,0,0,0,0,0,0,0,0,0,0,0,0,0,0,0,0,0,0,0,0,0,0,0,0
Military & Overseas,0092,WOODMORE,1615,0,0,0,0,0,0,0,0,0,0,0,0,0,0,0,0,0,0,0,0,0,0,0,0,0,0,0,0,0,0,0,0,0,0,0,0,0,0,0,0,0,0,0,0,0,0,0,0,0,0,0,0,0,0,0,0,0,0,0,0,0,0,0,0,0,0,0,0,0,0,0,0,0,0,0,0,0,0,0,0,0,0,0,0,0,0,0,0,0,0,0,0,0,0,0,0,0,0,0,0,0,0,0,0,0,0,0,0,0,0,0,0,0
Nursing Home,0092,WOODMORE,1615,2,0,2,0,0,0,0,0,0,0,0,0,0,0,0,0,0,0,0,0,0,0,0,0,0,0,1,1,0,1,0,0,2,0,0,0,0,0,2,0,0,2,0,0,2,0,1,0,2,0,0,0,0,0,0,2,0,0,0,0,0,0,0,0,0,0,1,2,1,1,0,2,1,0,2,1,0,0,0,2,0,0,0,0,0,0,0,0,0,0,0,0,0,0,0,0,0,0,0,1,0,1,0,1,0,1,0,1,0,1,0,1,0
,ZZZ,COUNTY TOTALS,218767,65918,36201,27506,2211,17092,6542,11868,32650,31698,22416,8823,4313,6030,0,7460,5633,9645,11994,9409,9408,14641,5259,4938,1331,16821,952,1781,14940,4266,2369,1518,2394,19928,4946,12847,2519,2350,4728,6942,2919,3913,8936,6844,6447,9140,12644,43515,33850,30679,5005,1598,4518,2995,5501,3255,4433,4869,2023,3823,2491,2048,2526,4611,3734,2335,2945,44995,50776,43967,43475,33968,28902,42955,33557,24634,42784,3594,2525,1094,4295,2304,4922,1868,2621,3647,1924,912,453,476,451,370,453,309,493,506,519,1131,373,951,36410,17039,37138,16432,36350,16549,35660,16948,38425,14437,38303,14604,35753,16967
